seed,fold,phase,epoch,train_pinball_loss,gradient_l2_norm
0,1,selected_configuration_full_fit_refit,1,0.2766706943511963,0.2205469012260437
0,1,selected_configuration_full_fit_refit,2,0.27066704630851746,0.2073238641023636
0,1,selected_configuration_full_fit_refit,3,0.26532942056655884,0.19642989337444305
0,1,selected_configuration_full_fit_refit,4,0.2606014609336853,0.19171534478664398
0,1,selected_configuration_full_fit_refit,5,0.2561175227165222,0.1895207017660141
0,1,selected_configuration_full_fit_refit,6,0.2518126964569092,0.19225169718265533
0,1,selected_configuration_full_fit_refit,7,0.24748066067695618,0.19220033288002014
0,1,selected_configuration_full_fit_refit,8,0.24311909079551697,0.19095343351364136
0,1,selected_configuration_full_fit_refit,9,0.23868508636951447,0.1882641613483429
0,1,selected_configuration_full_fit_refit,10,0.23427313566207886,0.1816127449274063
0,1,selected_configuration_full_fit_refit,11,0.22996361553668976,0.1784895658493042
0,1,selected_configuration_full_fit_refit,12,0.22567152976989746,0.17181098461151123
0,1,selected_configuration_full_fit_refit,13,0.2214384227991104,0.16715557873249054
0,1,selected_configuration_full_fit_refit,14,0.21725957095623016,0.16111454367637634
0,1,selected_configuration_full_fit_refit,15,0.21313530206680298,0.15370121598243713
0,1,selected_configuration_full_fit_refit,16,0.20914269983768463,0.1453086882829666
0,2,selected_configuration_full_fit_refit,1,0.3413710296154022,0.29407382011413574
0,2,selected_configuration_full_fit_refit,2,0.33854222297668457,0.29224106669425964
0,2,selected_configuration_full_fit_refit,3,0.3357999622821808,0.2909441590309143
0,2,selected_configuration_full_fit_refit,4,0.3331034481525421,0.28910690546035767
0,2,selected_configuration_full_fit_refit,5,0.33041417598724365,0.288677453994751
0,2,selected_configuration_full_fit_refit,6,0.3276911973953247,0.2884475886821747
0,2,selected_configuration_full_fit_refit,7,0.32490694522857666,0.2884306311607361
0,2,selected_configuration_full_fit_refit,8,0.3220287561416626,0.2887333035469055
0,2,selected_configuration_full_fit_refit,9,0.31902211904525757,0.2887996733188629
0,2,selected_configuration_full_fit_refit,10,0.3158726096153259,0.2884376049041748
0,2,selected_configuration_full_fit_refit,11,0.31255513429641724,0.2884071469306946
0,2,selected_configuration_full_fit_refit,12,0.30902907252311707,0.28829964995384216
0,2,selected_configuration_full_fit_refit,13,0.30531027913093567,0.2867652177810669
0,2,selected_configuration_full_fit_refit,14,0.30143025517463684,0.28324729204177856
0,2,selected_configuration_full_fit_refit,15,0.29742497205734253,0.281069815158844
0,2,selected_configuration_full_fit_refit,16,0.29328417778015137,0.2766537070274353
0,2,selected_configuration_full_fit_refit,17,0.28913792967796326,0.2694527804851532
0,2,selected_configuration_full_fit_refit,18,0.28502070903778076,0.26316043734550476
0,2,selected_configuration_full_fit_refit,19,0.28083598613739014,0.2594060003757477
0,2,selected_configuration_full_fit_refit,20,0.27655908465385437,0.2569684386253357
0,2,selected_configuration_full_fit_refit,21,0.2721381187438965,0.254118412733078
0,2,selected_configuration_full_fit_refit,22,0.2675435543060303,0.2536187469959259
0,2,selected_configuration_full_fit_refit,23,0.26277923583984375,0.2469051480293274
0,2,selected_configuration_full_fit_refit,24,0.2579975426197052,0.23757582902908325
0,2,selected_configuration_full_fit_refit,25,0.25328192114830017,0.22611968219280243
0,2,selected_configuration_full_fit_refit,26,0.24870696663856506,0.21148164570331573
0,2,selected_configuration_full_fit_refit,27,0.24428978562355042,0.19829441606998444
0,2,selected_configuration_full_fit_refit,28,0.24015656113624573,0.18514464795589447
0,2,selected_configuration_full_fit_refit,29,0.23622353374958038,0.17208805680274963
0,2,selected_configuration_full_fit_refit,30,0.23266646265983582,0.15389466285705566
0,2,selected_configuration_full_fit_refit,31,0.22966989874839783,0.13189777731895447
0,2,selected_configuration_full_fit_refit,32,0.22729477286338806,0.11463624238967896
0,2,selected_configuration_full_fit_refit,33,0.22543089091777802,0.09886978566646576
0,2,selected_configuration_full_fit_refit,34,0.22409263253211975,0.08984331041574478
0,2,selected_configuration_full_fit_refit,35,0.22305051982402802,0.08341091871261597
0,3,selected_configuration_full_fit_refit,1,0.23381273448467255,0.12416262924671173
1,1,selected_configuration_full_fit_refit,1,0.328606516122818,0.2986155152320862
1,1,selected_configuration_full_fit_refit,2,0.3241450786590576,0.29711148142814636
1,1,selected_configuration_full_fit_refit,3,0.3195885717868805,0.2974259555339813
1,1,selected_configuration_full_fit_refit,4,0.3148334324359894,0.2966707944869995
1,1,selected_configuration_full_fit_refit,5,0.3098234534263611,0.29708585143089294
1,1,selected_configuration_full_fit_refit,6,0.30450817942619324,0.2964518368244171
1,1,selected_configuration_full_fit_refit,7,0.29895058274269104,0.2935773730278015
1,1,selected_configuration_full_fit_refit,8,0.293155312538147,0.2892025113105774
1,1,selected_configuration_full_fit_refit,9,0.28713688254356384,0.28756362199783325
1,1,selected_configuration_full_fit_refit,10,0.28078052401542664,0.28381720185279846
1,1,selected_configuration_full_fit_refit,11,0.2742295265197754,0.2771434187889099
1,1,selected_configuration_full_fit_refit,12,0.26763468980789185,0.26679062843322754
1,1,selected_configuration_full_fit_refit,13,0.2610172629356384,0.2617127001285553
1,1,selected_configuration_full_fit_refit,14,0.25434714555740356,0.25237953662872314
1,1,selected_configuration_full_fit_refit,15,0.2478071004152298,0.2388097643852234
1,1,selected_configuration_full_fit_refit,16,0.24177131056785583,0.20793725550174713
1,1,selected_configuration_full_fit_refit,17,0.2365572303533554,0.1867089718580246
1,1,selected_configuration_full_fit_refit,18,0.2320079356431961,0.16902074217796326
1,1,selected_configuration_full_fit_refit,19,0.22796036303043365,0.15563610196113586
1,1,selected_configuration_full_fit_refit,20,0.22425639629364014,0.14653557538986206
1,1,selected_configuration_full_fit_refit,21,0.22096553444862366,0.13298650085926056
1,1,selected_configuration_full_fit_refit,22,0.21819181740283966,0.11770645529031754
1,2,selected_configuration_full_fit_refit,1,0.3347935974597931,0.308151513338089
1,2,selected_configuration_full_fit_refit,2,0.33195820450782776,0.3067733347415924
1,2,selected_configuration_full_fit_refit,3,0.3291269838809967,0.30584460496902466
1,2,selected_configuration_full_fit_refit,4,0.3262774646282196,0.3046015202999115
1,2,selected_configuration_full_fit_refit,5,0.3233812749385834,0.3038565516471863
1,2,selected_configuration_full_fit_refit,6,0.32040032744407654,0.30299168825149536
1,2,selected_configuration_full_fit_refit,7,0.3173236846923828,0.30150362849235535
1,2,selected_configuration_full_fit_refit,8,0.3141397535800934,0.3007289469242096
1,2,selected_configuration_full_fit_refit,9,0.31083083152770996,0.29893168807029724
1,2,selected_configuration_full_fit_refit,10,0.3073909282684326,0.29779955744743347
1,2,selected_configuration_full_fit_refit,11,0.30380889773368835,0.29635992646217346
1,2,selected_configuration_full_fit_refit,12,0.30008557438850403,0.29545795917510986
1,2,selected_configuration_full_fit_refit,13,0.29621952772140503,0.29441481828689575
1,2,selected_configuration_full_fit_refit,14,0.2921949625015259,0.29442059993743896
1,2,selected_configuration_full_fit_refit,15,0.2880285382270813,0.2937433421611786
1,2,selected_configuration_full_fit_refit,16,0.28373438119888306,0.29061925411224365
1,2,selected_configuration_full_fit_refit,17,0.2793574333190918,0.28447550535202026
1,2,selected_configuration_full_fit_refit,18,0.2749771475791931,0.27548691630363464
1,2,selected_configuration_full_fit_refit,19,0.2706553339958191,0.2648636996746063
1,2,selected_configuration_full_fit_refit,20,0.2664034962654114,0.2540600895881653
1,2,selected_configuration_full_fit_refit,21,0.26223742961883545,0.24393707513809204
1,2,selected_configuration_full_fit_refit,22,0.258197158575058,0.23033131659030914
1,2,selected_configuration_full_fit_refit,23,0.25427713990211487,0.22051061689853668
1,2,selected_configuration_full_fit_refit,24,0.2504552900791168,0.21209022402763367
1,2,selected_configuration_full_fit_refit,25,0.24672411382198334,0.20431645214557648
1,2,selected_configuration_full_fit_refit,26,0.24309638142585754,0.1943991631269455
1,2,selected_configuration_full_fit_refit,27,0.23964376747608185,0.18295131623744965
1,2,selected_configuration_full_fit_refit,28,0.23639780282974243,0.17207887768745422
1,2,selected_configuration_full_fit_refit,29,0.23341520130634308,0.15949185192584991
1,2,selected_configuration_full_fit_refit,30,0.23072779178619385,0.14650964736938477
1,3,selected_configuration_full_fit_refit,1,0.2794281840324402,0.25773587822914124
1,3,selected_configuration_full_fit_refit,2,0.2762090861797333,0.25702229142189026
1,3,selected_configuration_full_fit_refit,3,0.27299007773399353,0.2565062642097473
1,3,selected_configuration_full_fit_refit,4,0.2696249485015869,0.25639697909355164
1,3,selected_configuration_full_fit_refit,5,0.2660132646560669,0.2557351291179657
1,3,selected_configuration_full_fit_refit,6,0.2621878981590271,0.2527019679546356
1,3,selected_configuration_full_fit_refit,7,0.2581261694431305,0.2497069239616394
1,3,selected_configuration_full_fit_refit,8,0.2538188099861145,0.24616239964962006
1,3,selected_configuration_full_fit_refit,9,0.2492998093366623,0.240048348903656
1,3,selected_configuration_full_fit_refit,10,0.24466343224048615,0.2331223487854004
1,3,selected_configuration_full_fit_refit,11,0.239974245429039,0.22090262174606323
1,3,selected_configuration_full_fit_refit,12,0.23537197709083557,0.2058856189250946
1,3,selected_configuration_full_fit_refit,13,0.23091089725494385,0.19067654013633728
1,3,selected_configuration_full_fit_refit,14,0.22663715481758118,0.17544305324554443
1,3,selected_configuration_full_fit_refit,15,0.22265088558197021,0.15596903860569
1,3,selected_configuration_full_fit_refit,16,0.21893049776554108,0.14175960421562195
1,3,selected_configuration_full_fit_refit,17,0.2154301106929779,0.1271323561668396
1,3,selected_configuration_full_fit_refit,18,0.2122248411178589,0.1096140444278717
1,3,selected_configuration_full_fit_refit,19,0.20939867198467255,0.09065170586109161
1,3,selected_configuration_full_fit_refit,20,0.20702408254146576,0.07635573297739029
1,3,selected_configuration_full_fit_refit,21,0.20514152944087982,0.05882865563035011
1,3,selected_configuration_full_fit_refit,22,0.20375420153141022,0.054595429450273514
1,3,selected_configuration_full_fit_refit,23,0.20269905030727386,0.05519142001867294
1,3,selected_configuration_full_fit_refit,24,0.2018810510635376,0.06928621232509613
1,3,selected_configuration_full_fit_refit,25,0.20100480318069458,0.08121754229068756
1,3,selected_configuration_full_fit_refit,26,0.1998147815465927,0.07852687686681747
1,3,selected_configuration_full_fit_refit,27,0.19843342900276184,0.07312537729740143
1,3,selected_configuration_full_fit_refit,28,0.19697615504264832,0.06836651265621185
1,3,selected_configuration_full_fit_refit,29,0.19550515711307526,0.06766388565301895
1,3,selected_configuration_full_fit_refit,30,0.19399255514144897,0.06754647940397263
1,3,selected_configuration_full_fit_refit,31,0.19242799282073975,0.06614046543836594
1,3,selected_configuration_full_fit_refit,32,0.1908634603023529,0.06528779119253159
1,3,selected_configuration_full_fit_refit,33,0.1893537938594818,0.06757952272891998
1,3,selected_configuration_full_fit_refit,34,0.187895730137825,0.07080693542957306
1,3,selected_configuration_full_fit_refit,35,0.18643653392791748,0.07409241050481796
1,3,selected_configuration_full_fit_refit,36,0.18493898212909698,0.07596268504858017
1,3,selected_configuration_full_fit_refit,37,0.1833917796611786,0.0770169124007225
1,3,selected_configuration_full_fit_refit,38,0.181791752576828,0.07962926477193832
1,3,selected_configuration_full_fit_refit,39,0.18016260862350464,0.079484723508358
1,3,selected_configuration_full_fit_refit,40,0.17862282693386078,0.08453602343797684
1,3,selected_configuration_full_fit_refit,41,0.1771041452884674,0.08907589316368103
1,3,selected_configuration_full_fit_refit,42,0.1755041629076004,0.08649887144565582
1,3,selected_configuration_full_fit_refit,43,0.1738731861114502,0.09095831960439682
1,3,selected_configuration_full_fit_refit,44,0.17214539647102356,0.09434780478477478
1,3,selected_configuration_full_fit_refit,45,0.17030037939548492,0.08924081176519394
1,3,selected_configuration_full_fit_refit,46,0.1684396117925644,0.08514019846916199
1,3,selected_configuration_full_fit_refit,47,0.16658982634544373,0.08406264334917068
1,3,selected_configuration_full_fit_refit,48,0.16476841270923615,0.08065935224294662
1,3,selected_configuration_full_fit_refit,49,0.16299551725387573,0.07771777361631393
1,3,selected_configuration_full_fit_refit,50,0.1612587720155716,0.07614836096763611
1,3,selected_configuration_full_fit_refit,51,0.1595611423254013,0.0752701461315155
1,3,selected_configuration_full_fit_refit,52,0.15792587399482727,0.07355004549026489
1,3,selected_configuration_full_fit_refit,53,0.15634223818778992,0.06872085481882095
1,3,selected_configuration_full_fit_refit,54,0.1548328548669815,0.06481289863586426
1,3,selected_configuration_full_fit_refit,55,0.15341463685035706,0.062314603477716446
1,3,selected_configuration_full_fit_refit,56,0.15203970670700073,0.0620608776807785
1,3,selected_configuration_full_fit_refit,57,0.15064190328121185,0.061245400458574295
1,3,selected_configuration_full_fit_refit,58,0.1492067277431488,0.06238573044538498
1,3,selected_configuration_full_fit_refit,59,0.14776109158992767,0.06456394493579865
1,3,selected_configuration_full_fit_refit,60,0.1463281214237213,0.06743752211332321
1,3,selected_configuration_full_fit_refit,61,0.14490637183189392,0.06965107470750809
1,3,selected_configuration_full_fit_refit,62,0.14349573850631714,0.06731788069009781
1,3,selected_configuration_full_fit_refit,63,0.14211423695087433,0.06209166720509529
1,3,selected_configuration_full_fit_refit,64,0.14079365134239197,0.061126209795475006
1,3,selected_configuration_full_fit_refit,65,0.13947279751300812,0.05898628756403923
1,3,selected_configuration_full_fit_refit,66,0.13816967606544495,0.0606023371219635
1,3,selected_configuration_full_fit_refit,67,0.1369248628616333,0.059624288231134415
1,3,selected_configuration_full_fit_refit,68,0.13577143847942352,0.06400743126869202
1,3,selected_configuration_full_fit_refit,69,0.13463948667049408,0.061590518802404404
1,3,selected_configuration_full_fit_refit,70,0.13353434205055237,0.0587075911462307
1,3,selected_configuration_full_fit_refit,71,0.13244573771953583,0.053890809416770935
1,3,selected_configuration_full_fit_refit,72,0.13139420747756958,0.05607439950108528
1,3,selected_configuration_full_fit_refit,73,0.13034139573574066,0.05464629456400871
1,3,selected_configuration_full_fit_refit,74,0.12933175265789032,0.05845917388796806
1,3,selected_configuration_full_fit_refit,75,0.1283297836780548,0.05274046212434769
1,3,selected_configuration_full_fit_refit,76,0.12734399735927582,0.055207133293151855
1,3,selected_configuration_full_fit_refit,77,0.12637485563755035,0.052152957767248154
1,3,selected_configuration_full_fit_refit,78,0.12542912364006042,0.050789475440979004
1,3,selected_configuration_full_fit_refit,79,0.1245071217417717,0.06660595536231995
1,3,selected_configuration_full_fit_refit,80,0.12361285090446472,0.07091502100229263
1,3,selected_configuration_full_fit_refit,81,0.12262491881847382,0.05553559586405754
1,3,selected_configuration_full_fit_refit,82,0.12177018076181412,0.08883745223283768
1,3,selected_configuration_full_fit_refit,83,0.12082001566886902,0.05320761725306511
1,3,selected_configuration_full_fit_refit,84,0.11998824030160904,0.06398814916610718
1,3,selected_configuration_full_fit_refit,85,0.11914177238941193,0.07165778428316116
1,3,selected_configuration_full_fit_refit,86,0.11824030429124832,0.04515867680311203
1,3,selected_configuration_full_fit_refit,87,0.11742483824491501,0.07855464518070221
1,3,selected_configuration_full_fit_refit,88,0.11656272411346436,0.05463142320513725
1,3,selected_configuration_full_fit_refit,89,0.11573964357376099,0.05043870955705643
1,3,selected_configuration_full_fit_refit,90,0.11494596302509308,0.07115672528743744
1,3,selected_configuration_full_fit_refit,91,0.11413699388504028,0.05485545098781586
1,3,selected_configuration_full_fit_refit,92,0.11334460973739624,0.04188104718923569
1,3,selected_configuration_full_fit_refit,93,0.11261360347270966,0.07463822513818741
1,3,selected_configuration_full_fit_refit,94,0.11183630675077438,0.05968339368700981
1,3,selected_configuration_full_fit_refit,95,0.11104995012283325,0.0498298741877079
1,3,selected_configuration_full_fit_refit,96,0.11032574623823166,0.07492832839488983
1,3,selected_configuration_full_fit_refit,97,0.10951287299394608,0.04526706412434578
1,3,selected_configuration_full_fit_refit,98,0.1087699607014656,0.0517101027071476
2,1,selected_configuration_full_fit_refit,1,0.26968029141426086,0.16680459678173065
2,1,selected_configuration_full_fit_refit,2,0.2652146816253662,0.16036416590213776
2,1,selected_configuration_full_fit_refit,3,0.2609441876411438,0.15573617815971375
2,1,selected_configuration_full_fit_refit,4,0.25674858689308167,0.15292662382125854
2,1,selected_configuration_full_fit_refit,5,0.25258004665374756,0.1493338644504547
2,1,selected_configuration_full_fit_refit,6,0.248385488986969,0.14736847579479218
2,1,selected_configuration_full_fit_refit,7,0.24412676692008972,0.14645077288150787
2,1,selected_configuration_full_fit_refit,8,0.23976868391036987,0.14523890614509583
2,1,selected_configuration_full_fit_refit,9,0.2353474646806717,0.14204198122024536
2,1,selected_configuration_full_fit_refit,10,0.2309161126613617,0.13782812654972076
2,1,selected_configuration_full_fit_refit,11,0.22658714652061462,0.1326812356710434
2,1,selected_configuration_full_fit_refit,12,0.22234193980693817,0.12801548838615417
2,1,selected_configuration_full_fit_refit,13,0.2182082235813141,0.12327875941991806
2,1,selected_configuration_full_fit_refit,14,0.21421976387500763,0.12129725515842438
2,1,selected_configuration_full_fit_refit,15,0.2102883905172348,0.11928640305995941
2,1,selected_configuration_full_fit_refit,16,0.20650248229503632,0.11281377077102661
2,1,selected_configuration_full_fit_refit,17,0.20293453335762024,0.10541845113039017
2,2,selected_configuration_full_fit_refit,1,0.24394743144512177,0.107361800968647
2,3,selected_configuration_full_fit_refit,1,0.2273867279291153,0.09826409071683884
3,1,selected_configuration_full_fit_refit,1,0.291269451379776,0.21847940981388092
3,1,selected_configuration_full_fit_refit,2,0.2863188087940216,0.21460223197937012
3,1,selected_configuration_full_fit_refit,3,0.2818409204483032,0.21420074999332428
3,1,selected_configuration_full_fit_refit,4,0.2777273654937744,0.2106328010559082
3,1,selected_configuration_full_fit_refit,5,0.27399712800979614,0.2092401534318924
3,1,selected_configuration_full_fit_refit,6,0.27050215005874634,0.20698334276676178
3,1,selected_configuration_full_fit_refit,7,0.26700177788734436,0.20511242747306824
3,1,selected_configuration_full_fit_refit,8,0.2633482813835144,0.20433220267295837
3,1,selected_configuration_full_fit_refit,9,0.25946924090385437,0.1983814239501953
3,1,selected_configuration_full_fit_refit,10,0.25534677505493164,0.19393008947372437
3,1,selected_configuration_full_fit_refit,11,0.25098681449890137,0.18799914419651031
3,1,selected_configuration_full_fit_refit,12,0.24639862775802612,0.18173623085021973
3,1,selected_configuration_full_fit_refit,13,0.24172277748584747,0.17237694561481476
3,1,selected_configuration_full_fit_refit,14,0.2371932566165924,0.16284483671188354
3,1,selected_configuration_full_fit_refit,15,0.2329936921596527,0.14861978590488434
3,1,selected_configuration_full_fit_refit,16,0.22933167219161987,0.1369536817073822
3,1,selected_configuration_full_fit_refit,17,0.22644074261188507,0.11877651512622833
3,1,selected_configuration_full_fit_refit,18,0.224239781498909,0.11228286474943161
3,1,selected_configuration_full_fit_refit,19,0.22227893769741058,0.10838205367326736
3,1,selected_configuration_full_fit_refit,20,0.22027896344661713,0.10817670077085495
3,1,selected_configuration_full_fit_refit,21,0.21802565455436707,0.10795708000659943
3,1,selected_configuration_full_fit_refit,22,0.21549934148788452,0.10538697242736816
3,1,selected_configuration_full_fit_refit,23,0.21284814178943634,0.0995185598731041
3,1,selected_configuration_full_fit_refit,24,0.21021604537963867,0.09013550728559494
3,1,selected_configuration_full_fit_refit,25,0.20776472985744476,0.08136492967605591
3,1,selected_configuration_full_fit_refit,26,0.2055533081293106,0.07608149200677872
3,1,selected_configuration_full_fit_refit,27,0.20360778272151947,0.07245706766843796
3,1,selected_configuration_full_fit_refit,28,0.2019563764333725,0.07464225590229034
3,1,selected_configuration_full_fit_refit,29,0.200448676943779,0.07963739335536957
3,1,selected_configuration_full_fit_refit,30,0.199001744389534,0.08640021085739136
3,1,selected_configuration_full_fit_refit,31,0.19748052954673767,0.09053147584199905
3,1,selected_configuration_full_fit_refit,32,0.19581514596939087,0.09197131544351578
3,1,selected_configuration_full_fit_refit,33,0.19396960735321045,0.09152128547430038
3,1,selected_configuration_full_fit_refit,34,0.19199277460575104,0.08619464933872223
3,1,selected_configuration_full_fit_refit,35,0.1899777054786682,0.08228331059217453
3,1,selected_configuration_full_fit_refit,36,0.188034325838089,0.07689237594604492
3,1,selected_configuration_full_fit_refit,37,0.18618205189704895,0.07364708185195923
3,1,selected_configuration_full_fit_refit,38,0.18440812826156616,0.07387714087963104
3,1,selected_configuration_full_fit_refit,39,0.18262791633605957,0.07458610087633133
3,1,selected_configuration_full_fit_refit,40,0.18078233301639557,0.07596694678068161
3,1,selected_configuration_full_fit_refit,41,0.17884527146816254,0.07680939137935638
3,1,selected_configuration_full_fit_refit,42,0.17680256068706512,0.07476688921451569
3,1,selected_configuration_full_fit_refit,43,0.17470528185367584,0.0724518746137619
3,1,selected_configuration_full_fit_refit,44,0.1725807934999466,0.07059304416179657
3,1,selected_configuration_full_fit_refit,45,0.1705605387687683,0.07057461887598038
3,1,selected_configuration_full_fit_refit,46,0.16864268481731415,0.07207800447940826
3,1,selected_configuration_full_fit_refit,47,0.1668245643377304,0.07535101473331451
3,1,selected_configuration_full_fit_refit,48,0.16500741243362427,0.07490596175193787
3,1,selected_configuration_full_fit_refit,49,0.1631416380405426,0.07392510771751404
3,1,selected_configuration_full_fit_refit,50,0.16125069558620453,0.07050913572311401
3,1,selected_configuration_full_fit_refit,51,0.1593780219554901,0.06911714375019073
3,1,selected_configuration_full_fit_refit,52,0.15748630464076996,0.06447694450616837
3,1,selected_configuration_full_fit_refit,53,0.15553808212280273,0.06447739899158478
3,1,selected_configuration_full_fit_refit,54,0.15347260236740112,0.06877148896455765
3,1,selected_configuration_full_fit_refit,55,0.1512460857629776,0.07006734609603882
3,1,selected_configuration_full_fit_refit,56,0.14891086518764496,0.067903071641922
3,1,selected_configuration_full_fit_refit,57,0.14656691253185272,0.06727031618356705
3,1,selected_configuration_full_fit_refit,58,0.14437253773212433,0.07103287428617477
3,1,selected_configuration_full_fit_refit,59,0.14231157302856445,0.07501057535409927
3,1,selected_configuration_full_fit_refit,60,0.14035765826702118,0.07987810671329498
3,1,selected_configuration_full_fit_refit,61,0.13846354186534882,0.08121909201145172
3,2,selected_configuration_full_fit_refit,1,0.30157870054244995,0.2776380479335785
3,2,selected_configuration_full_fit_refit,2,0.2984754145145416,0.2746117115020752
3,2,selected_configuration_full_fit_refit,3,0.29536017775535583,0.2724863886833191
3,2,selected_configuration_full_fit_refit,4,0.29218772053718567,0.2706828713417053
3,2,selected_configuration_full_fit_refit,5,0.28893548250198364,0.26857322454452515
3,2,selected_configuration_full_fit_refit,6,0.28562939167022705,0.2611892521381378
3,2,selected_configuration_full_fit_refit,7,0.28230369091033936,0.2542276978492737
3,2,selected_configuration_full_fit_refit,8,0.2789611220359802,0.24385055899620056
3,2,selected_configuration_full_fit_refit,9,0.27562379837036133,0.23322694003582
3,2,selected_configuration_full_fit_refit,10,0.2722875773906708,0.22760207951068878
3,2,selected_configuration_full_fit_refit,11,0.2689242362976074,0.222877636551857
3,2,selected_configuration_full_fit_refit,12,0.2655360996723175,0.22011753916740417
3,2,selected_configuration_full_fit_refit,13,0.2621058523654938,0.21582454442977905
3,2,selected_configuration_full_fit_refit,14,0.2587193250656128,0.2084576040506363
3,2,selected_configuration_full_fit_refit,15,0.2554340064525604,0.19935686886310577
3,2,selected_configuration_full_fit_refit,16,0.25224876403808594,0.19403350353240967
3,2,selected_configuration_full_fit_refit,17,0.24911564588546753,0.1896669566631317
3,2,selected_configuration_full_fit_refit,18,0.2460123747587204,0.1836031675338745
3,2,selected_configuration_full_fit_refit,19,0.24297970533370972,0.17693766951560974
3,2,selected_configuration_full_fit_refit,20,0.24004597961902618,0.16965405642986298
3,2,selected_configuration_full_fit_refit,21,0.23717570304870605,0.16300331056118011
3,2,selected_configuration_full_fit_refit,22,0.23436208069324493,0.15571442246437073
3,2,selected_configuration_full_fit_refit,23,0.23168273270130157,0.14512832462787628
3,2,selected_configuration_full_fit_refit,24,0.22915656864643097,0.1353541761636734
3,3,selected_configuration_full_fit_refit,1,0.24524669349193573,0.15824589133262634
3,3,selected_configuration_full_fit_refit,2,0.24216409027576447,0.15155284106731415
3,3,selected_configuration_full_fit_refit,3,0.23943263292312622,0.14732563495635986
4,1,selected_configuration_full_fit_refit,1,0.2802199721336365,0.22244034707546234
4,1,selected_configuration_full_fit_refit,2,0.27435949444770813,0.21202710270881653
4,1,selected_configuration_full_fit_refit,3,0.26909926533699036,0.20165874063968658
4,1,selected_configuration_full_fit_refit,4,0.26437994837760925,0.195161372423172
4,1,selected_configuration_full_fit_refit,5,0.26023924350738525,0.19429029524326324
4,1,selected_configuration_full_fit_refit,6,0.25665757060050964,0.20093241333961487
4,1,selected_configuration_full_fit_refit,7,0.2533760070800781,0.20587119460105896
4,1,selected_configuration_full_fit_refit,8,0.25003498792648315,0.20454955101013184
4,1,selected_configuration_full_fit_refit,9,0.24649938941001892,0.20368270576000214
4,1,selected_configuration_full_fit_refit,10,0.242719829082489,0.20024722814559937
4,1,selected_configuration_full_fit_refit,11,0.23875300586223602,0.19282612204551697
4,1,selected_configuration_full_fit_refit,12,0.2346014529466629,0.1871686726808548
4,1,selected_configuration_full_fit_refit,13,0.2303149700164795,0.17839446663856506
4,1,selected_configuration_full_fit_refit,14,0.22593650221824646,0.17068615555763245
4,1,selected_configuration_full_fit_refit,15,0.22149041295051575,0.16356556117534637
4,1,selected_configuration_full_fit_refit,16,0.216926708817482,0.15950463712215424
4,1,selected_configuration_full_fit_refit,17,0.21232764422893524,0.1479601114988327
4,1,selected_configuration_full_fit_refit,18,0.20805099606513977,0.1337466835975647
4,1,selected_configuration_full_fit_refit,19,0.20431636273860931,0.12098941951990128
4,1,selected_configuration_full_fit_refit,20,0.2013719081878662,0.10714248567819595
4,1,selected_configuration_full_fit_refit,21,0.19935725629329681,0.10294321179389954
4,1,selected_configuration_full_fit_refit,22,0.19801105558872223,0.10637787729501724
4,1,selected_configuration_full_fit_refit,23,0.19680672883987427,0.1118050143122673
4,1,selected_configuration_full_fit_refit,24,0.19520767033100128,0.11136656254529953
4,1,selected_configuration_full_fit_refit,25,0.19320929050445557,0.10942503809928894
4,1,selected_configuration_full_fit_refit,26,0.19087502360343933,0.10355127602815628
4,1,selected_configuration_full_fit_refit,27,0.18839073181152344,0.0937134325504303
4,1,selected_configuration_full_fit_refit,28,0.18602354824543,0.08638137578964233
4,1,selected_configuration_full_fit_refit,29,0.18384775519371033,0.07426091283559799
4,1,selected_configuration_full_fit_refit,30,0.18187366425991058,0.06695807725191116
4,1,selected_configuration_full_fit_refit,31,0.18017332255840302,0.06584494560956955
4,1,selected_configuration_full_fit_refit,32,0.17876215279102325,0.06231280416250229
4,1,selected_configuration_full_fit_refit,33,0.17759452760219574,0.06418947875499725
4,1,selected_configuration_full_fit_refit,34,0.17655254900455475,0.06841091066598892
4,1,selected_configuration_full_fit_refit,35,0.17552131414413452,0.07057702541351318
4,1,selected_configuration_full_fit_refit,36,0.17444176971912384,0.07295055687427521
4,1,selected_configuration_full_fit_refit,37,0.17326222360134125,0.07643880695104599
4,1,selected_configuration_full_fit_refit,38,0.1719706654548645,0.07539311051368713
4,1,selected_configuration_full_fit_refit,39,0.17058970034122467,0.07232914865016937
4,1,selected_configuration_full_fit_refit,40,0.16912652552127838,0.06801056861877441
4,1,selected_configuration_full_fit_refit,41,0.16764158010482788,0.06612822413444519
4,1,selected_configuration_full_fit_refit,42,0.16619357466697693,0.05528044328093529
4,1,selected_configuration_full_fit_refit,43,0.16483446955680847,0.055948708206415176
4,1,selected_configuration_full_fit_refit,44,0.16351044178009033,0.05144648253917694
4,1,selected_configuration_full_fit_refit,45,0.16226355731487274,0.055612336844205856
4,1,selected_configuration_full_fit_refit,46,0.16101737320423126,0.05417407676577568
4,1,selected_configuration_full_fit_refit,47,0.1598130464553833,0.06286843866109848
4,1,selected_configuration_full_fit_refit,48,0.15855617821216583,0.056792452931404114
4,1,selected_configuration_full_fit_refit,49,0.15732648968696594,0.05798692628741264
4,1,selected_configuration_full_fit_refit,50,0.15605983138084412,0.058510396629571915
4,1,selected_configuration_full_fit_refit,51,0.1547735184431076,0.061986614018678665
4,2,selected_configuration_full_fit_refit,1,0.2911515533924103,0.2674674391746521
4,2,selected_configuration_full_fit_refit,2,0.28919079899787903,0.2653595209121704
4,2,selected_configuration_full_fit_refit,3,0.28734487295150757,0.26299676299095154
4,2,selected_configuration_full_fit_refit,4,0.28558149933815,0.26118433475494385
4,2,selected_configuration_full_fit_refit,5,0.2838616669178009,0.258808970451355
4,2,selected_configuration_full_fit_refit,6,0.28217652440071106,0.2567588686943054
4,2,selected_configuration_full_fit_refit,7,0.28046947717666626,0.2551840841770172
4,2,selected_configuration_full_fit_refit,8,0.27872663736343384,0.25396817922592163
4,2,selected_configuration_full_fit_refit,9,0.2769215404987335,0.2527118921279907
4,2,selected_configuration_full_fit_refit,10,0.27505970001220703,0.250061959028244
4,2,selected_configuration_full_fit_refit,11,0.27314531803131104,0.2485479861497879
4,2,selected_configuration_full_fit_refit,12,0.2711583971977234,0.24688169360160828
4,2,selected_configuration_full_fit_refit,13,0.2691110670566559,0.24459579586982727
4,2,selected_configuration_full_fit_refit,14,0.26702407002449036,0.24065546691417694
4,2,selected_configuration_full_fit_refit,15,0.2649107277393341,0.2357955425977707
4,2,selected_configuration_full_fit_refit,16,0.26278841495513916,0.22920358180999756
4,2,selected_configuration_full_fit_refit,17,0.26066869497299194,0.22131448984146118
4,2,selected_configuration_full_fit_refit,18,0.2585662305355072,0.2132481336593628
4,2,selected_configuration_full_fit_refit,19,0.2564854621887207,0.20237946510314941
4,2,selected_configuration_full_fit_refit,20,0.25447189807891846,0.19257976114749908
4,3,selected_configuration_full_fit_refit,1,0.23506572842597961,0.15873070061206818
