fold,scope,interval_variant,test_start_date,test_end_date,n_dates,n_stations,seed_count,seeds,baseline_rmse,baseline_mae,mean_actual_increment,actual_increment_std,rmse_skill_positive_seeds,mae_skill_positive_seeds,rmse_skill_sign,mae_skill_sign,best_seed_selected,confirmatory_external_validation,model_rmse_mean,model_rmse_std,model_rmse_min,model_rmse_max,model_mae_mean,model_mae_std,model_mae_min,model_mae_max,rmse_skill_vs_baseline_mean,rmse_skill_vs_baseline_std,rmse_skill_vs_baseline_min,rmse_skill_vs_baseline_max,mae_skill_vs_baseline_mean,mae_skill_vs_baseline_std,mae_skill_vs_baseline_min,mae_skill_vs_baseline_max,model_mean_error_mean,model_mean_error_std,model_mean_error_min,model_mean_error_max,mean_predicted_increment_mean,mean_predicted_increment_std,mean_predicted_increment_min,mean_predicted_increment_max,predicted_increment_std_mean,predicted_increment_std_std,predicted_increment_std_min,predicted_increment_std_max,increment_std_ratio_mean,increment_std_ratio_std,increment_std_ratio_min,increment_std_ratio_max,increment_correlation_mean,increment_correlation_std,increment_correlation_min,increment_correlation_max,coverage_mean,coverage_std,coverage_min,coverage_max,mean_width_mean,mean_width_std,mean_width_min,mean_width_max,mean_pinball_mean,mean_pinball_std,mean_pinball_min,mean_pinball_max,interval_score_80_mean,interval_score_80_std,interval_score_80_min,interval_score_80_max
1,ATU1,calibrated,2018-02-21,2018-12-04,287,1,5,"0,1,2,3,4",0.2134247600873727,0.1597519356373974,0.1597519356373974,0.14177263597358836,0,0,all_nonpositive,all_nonpositive,False,False,1.7706650869464273,0.4903496007177722,1.1128297716468298,2.456638648959908,1.649761947181815,0.4934919628856617,1.0647819048139309,2.352186820510033,-7.2964370498603115,2.2975291176011203,-10.510560667629187,-4.21415496117346,-9.327023210075028,3.089114137595069,-13.723995744558565,-5.665220678331918,1.649761947181815,0.4934919628856617,1.0647819048139309,2.352186820510033,1.8095138828192128,0.49349196288566194,1.2245338404513282,2.5119387561474307,0.5986474783330669,0.22025617417134322,0.29529565651806106,0.8766505948109846,4.222588331112023,1.5535873524449109,2.08288189388729,6.183496475118802,0.026307286505575473,0.011749899603489732,0.014567154007461043,0.04553444809148344,0.329616724738676,0.20140759268915848,0.08013937282229965,0.627177700348432,2.748051519806679,0.39691425999270935,2.269200235586474,3.2607963239044935,0.5370998934622339,0.16489216758813655,0.36690232756151114,0.8102910550867134,7.864187067957943,2.7543822977231653,5.683160302775682,12.54779755005124
1,ATU1,raw,2018-02-21,2018-12-04,287,1,5,"0,1,2,3,4",0.2134247600873727,0.1597519356373974,0.1597519356373974,0.14177263597358836,0,0,all_nonpositive,all_nonpositive,False,False,1.7706650869464273,0.4903496007177722,1.1128297716468298,2.456638648959908,1.649761947181815,0.4934919628856617,1.0647819048139309,2.352186820510033,-7.2964370498603115,2.2975291176011203,-10.510560667629187,-4.21415496117346,-9.327023210075028,3.089114137595069,-13.723995744558565,-5.665220678331918,1.649761947181815,0.4934919628856617,1.0647819048139309,2.352186820510033,1.8095138828192128,0.49349196288566194,1.2245338404513282,2.5119387561474307,0.5986474783330669,0.22025617417134322,0.29529565651806106,0.8766505948109846,4.222588331112023,1.5535873524449109,2.08288189388729,6.183496475118802,0.026307286505575473,0.011749899603489732,0.014567154007461043,0.04553444809148344,0.329616724738676,0.20140759268915848,0.08013937282229965,0.627177700348432,2.748051519806679,0.39691425999270935,2.269200235586474,3.2607963239044935,0.5370998934622339,0.16489216758813655,0.36690232756151114,0.8102910550867134,7.864187067957943,2.7543822977231653,5.683160302775682,12.54779755005124
1,ATU2,calibrated,2018-02-21,2018-12-04,287,1,5,"0,1,2,3,4",0.1584239443009627,0.10696860627177686,0.10696860627177686,0.11706242426276037,0,0,all_nonpositive,all_nonpositive,False,False,1.5705691469510077,0.42271448722551624,0.9731038925449896,2.160744588330944,1.4994788387581965,0.4136879067642185,0.9550356717186305,2.113835038383431,-8.913710669691131,2.6682487239585,-12.639002600680822,-5.142404147547008,-13.017933775340088,3.8673768050520825,-18.761265590511446,-7.928186549352208,1.4994788387581965,0.4136879067642185,0.9550356717186305,2.113835038383431,1.6064474450299735,0.4136879067642186,1.0620042779904073,2.220803644655208,0.4379322086310918,0.17909065996482196,0.15765491566303066,0.6375628349063196,3.7410143467394925,1.5298731518051594,1.3467593607078876,5.446349150221209,0.06540478440012712,0.028378799806539158,0.030215397814841755,0.09750013046073729,0.15331010452961674,0.12783230890483724,0.041811846689895474,0.34146341463414637,2.228331357492031,0.6222951445144912,1.6462565652541623,3.2280451484426496,0.4898813944324421,0.11129398719336456,0.34831256107626435,0.6571980424314257,7.199047639182281,1.452056819087707,5.674198473694778,9.146766081025618
1,ATU2,raw,2018-02-21,2018-12-04,287,1,5,"0,1,2,3,4",0.1584239443009627,0.10696860627177686,0.10696860627177686,0.11706242426276037,0,0,all_nonpositive,all_nonpositive,False,False,1.5705691469510077,0.42271448722551624,0.9731038925449896,2.160744588330944,1.4994788387581965,0.4136879067642185,0.9550356717186305,2.113835038383431,-8.913710669691131,2.6682487239585,-12.639002600680822,-5.142404147547008,-13.017933775340088,3.8673768050520825,-18.761265590511446,-7.928186549352208,1.4994788387581965,0.4136879067642185,0.9550356717186305,2.113835038383431,1.6064474450299735,0.4136879067642186,1.0620042779904073,2.220803644655208,0.4379322086310918,0.17909065996482196,0.15765491566303066,0.6375628349063196,3.7410143467394925,1.5298731518051594,1.3467593607078876,5.446349150221209,0.06540478440012712,0.028378799806539158,0.030215397814841755,0.09750013046073729,0.14773519163763066,0.13435207537053348,0.013937282229965157,0.34146341463414637,2.0328253088974333,0.2995648336937676,1.6462565652541623,2.40794899784906,0.5152796657849505,0.16197406148223512,0.34831256107626435,0.784189399193968,7.960995779757536,2.9532092650718478,5.674198473694778,12.95650678390189
1,ATU3,calibrated,2018-02-21,2018-12-04,287,1,5,"0,1,2,3,4",0.3191695530913898,0.23802623693379796,0.23802623693379796,0.21300422663602417,0,0,all_nonpositive,all_nonpositive,False,False,2.012586213586538,0.5575747907455868,1.2082278535008653,2.752522977692116,1.912623553686806,0.5456898725654222,1.1656771690829317,2.6857474835275554,-5.30569612324601,1.746954824935739,-7.624014888111741,-2.785536063193678,-7.035347608418323,2.292561860385141,-10.28340941790606,-3.897263360959408,1.912623553686806,0.5456898725654222,1.1656771690829317,2.6857474835275554,2.150649790620604,0.5456898725654222,1.4037034060167297,2.9237737204613534,0.6112874564841939,0.2048962687578909,0.2830076202850725,0.7875426541730608,2.8698372146799946,0.9619352253887999,1.3286479087979235,3.697309985866113,0.18585863037538905,0.01815807836374861,0.15771347772306898,0.2016075030186435,0.2620209059233449,0.11369247747327159,0.11149825783972125,0.4146341463414634,3.074611170886629,0.7777562488448373,2.3302986380579935,4.301810930412755,0.6101671577005574,0.16139696042064736,0.40524457981549716,0.8199529376202942,8.741896962582691,2.3874842956965296,6.328951549050258,11.389177667603418
1,ATU3,raw,2018-02-21,2018-12-04,287,1,5,"0,1,2,3,4",0.3191695530913898,0.23802623693379796,0.23802623693379796,0.21300422663602417,0,0,all_nonpositive,all_nonpositive,False,False,2.012586213586538,0.5575747907455868,1.2082278535008653,2.752522977692116,1.912623553686806,0.5456898725654222,1.1656771690829317,2.6857474835275554,-5.30569612324601,1.746954824935739,-7.624014888111741,-2.785536063193678,-7.035347608418323,2.292561860385141,-10.28340941790606,-3.897263360959408,1.912623553686806,0.5456898725654222,1.1656771690829317,2.6857474835275554,2.150649790620604,0.5456898725654222,1.4037034060167297,2.9237737204613534,0.6112874564841939,0.2048962687578909,0.2830076202850725,0.7875426541730608,2.8698372146799946,0.9619352253887999,1.3286479087979235,3.697309985866113,0.18585863037538905,0.01815807836374861,0.15771347772306898,0.2016075030186435,0.243205574912892,0.14756827728151192,0.017421602787456445,0.4146341463414634,2.853117837834753,0.4131099767671832,2.3302986380579935,3.3470972011973115,0.638390372612206,0.2117399372177482,0.40524457981549716,0.9610690121785375,9.588593409932152,3.7978816680738747,6.328951549050258,15.403332947718347
1,ATU4,calibrated,2018-02-21,2018-12-04,287,1,5,"0,1,2,3,4",0.1401208085467853,0.09670212543553999,0.09670212543553999,0.1015799825794991,0,0,all_nonpositive,all_nonpositive,False,False,1.1560266728932476,0.3026164942966498,0.7126147185450732,1.5372953599309205,1.0983434373144845,0.2950419389991074,0.6860363820372644,1.4961624821204693,-7.250214117964207,2.1596827582935934,-9.97121388232376,-4.085716575116225,-10.358007203746746,3.0510388232963646,-14.47186760768548,-6.094325785988692,1.0983434373144845,0.2950419389991074,0.6860363820372644,1.4961624821204693,1.1950455627500247,0.2950419389991074,0.7827385074728043,1.5928646075560093,0.3567942089348947,0.10954397182147253,0.18068263955524036,0.4606807968865603,3.5124460535879543,1.078401167629071,1.7787228838500093,4.53515333620007,0.177309156696945,0.018764800069387317,0.15421683239157727,0.19770111385217445,0.2229965156794425,0.13753138924035227,0.08013937282229965,0.4076655052264808,1.7589557362702315,0.43552325668163955,1.3414323411413775,2.4427257303539944,0.3517170136708081,0.0880778068819066,0.24223739985988235,0.4546521685526739,5.05979322355182,1.3513282418741732,3.8369400856101494,6.833254720880561
1,ATU4,raw,2018-02-21,2018-12-04,287,1,5,"0,1,2,3,4",0.1401208085467853,0.09670212543553999,0.09670212543553999,0.1015799825794991,0,0,all_nonpositive,all_nonpositive,False,False,1.1560266728932476,0.3026164942966498,0.7126147185450732,1.5372953599309205,1.0983434373144845,0.2950419389991074,0.6860363820372644,1.4961624821204693,-7.250214117964207,2.1596827582935934,-9.97121388232376,-4.085716575116225,-10.358007203746746,3.0510388232963646,-14.47186760768548,-6.094325785988692,1.0983434373144845,0.2950419389991074,0.6860363820372644,1.4961624821204693,1.1950455627500247,0.2950419389991074,0.7827385074728043,1.5928646075560093,0.3567942089348947,0.10954397182147253,0.18068263955524036,0.4606807968865603,3.5124460535879543,1.078401167629071,1.7787228838500093,4.53515333620007,0.177309156696945,0.018764800069387317,0.15421683239157727,0.19770111385217445,0.21114982578397212,0.15442656510695366,0.020905923344947737,0.4076655052264808,1.6411769169022725,0.24022011159159454,1.3414323411413775,1.9193881153353478,0.3666828093611449,0.11282216764288348,0.24223739985988235,0.529481147004358,5.508767094261925,2.0168008985243744,3.8369400856101494,8.403621999528394
1,ATU5,calibrated,2018-02-21,2018-12-04,287,1,5,"0,1,2,3,4",0.387436908234515,0.2876198040183912,0.2876198040183912,0.26003424451083024,0,0,all_nonpositive,all_nonpositive,False,False,1.6711897480814208,0.5535249612652524,0.9338947979941455,2.4570016115619553,1.5887319427026525,0.5549111671623006,0.8848657196423253,2.4128842652539597,-3.313450041961031,1.4286841276624183,-5.341681856687582,-1.4104435538930646,-4.523722360234501,1.929321831840265,-7.389145085084868,-2.076511795362132,1.5887319427026525,0.5549111671623006,0.8848657196423253,2.4128842652539597,1.8763517467210442,0.5549111671623006,1.1724855236607166,2.700504069272351,0.49941796650813786,0.1755901009573256,0.2337747685264781,0.6719628644610413,1.9205853730828035,0.675257604196098,0.8990153161028818,2.5841322004535234,0.27886512003335906,0.02745376716682624,0.24108227948609334,0.3088419091368741,0.2864111498257839,0.11411881243681612,0.11846689895470383,0.42857142857142855,2.6102690075868287,0.7620243833379956,1.9444320155536545,3.8612038056448816,0.5020534126108946,0.1676256242155964,0.30298052785613044,0.7257312052915091,7.117942664813578,2.4912818940108563,4.665087237472287,9.858641483661659
1,ATU5,raw,2018-02-21,2018-12-04,287,1,5,"0,1,2,3,4",0.387436908234515,0.2876198040183912,0.2876198040183912,0.26003424451083024,0,0,all_nonpositive,all_nonpositive,False,False,1.6711897480814208,0.5535249612652524,0.9338947979941455,2.4570016115619553,1.5887319427026525,0.5549111671623006,0.8848657196423253,2.4128842652539597,-3.313450041961031,1.4286841276624183,-5.341681856687582,-1.4104435538930646,-4.523722360234501,1.929321831840265,-7.389145085084868,-2.076511795362132,1.5887319427026525,0.5549111671623006,0.8848657196423253,2.4128842652539597,1.8763517467210442,0.5549111671623006,1.1724855236607166,2.700504069272351,0.49941796650813786,0.1755901009573256,0.2337747685264781,0.6719628644610413,1.9205853730828035,0.675257604196098,0.8990153161028818,2.5841322004535234,0.27886512003335906,0.02745376716682624,0.24108227948609334,0.3088419091368741,0.2641114982578397,0.15770929378260834,0.006968641114982578,0.42857142857142855,2.3537676234697407,0.32784095719763373,1.9444320155536545,2.780778872360449,0.5349128000577916,0.2277538907307454,0.30298052785613044,0.890028142525994,8.103724288220487,4.176983859087542,4.665087237472287,14.63642294951002
1,MJ1,calibrated,2018-02-21,2018-12-04,287,1,5,"0,1,2,3,4",0.34170452501504067,0.26700872006361237,0.26700872006361237,0.21360549146961538,4,3,mixed,mixed,False,False,0.2955780968530926,0.05762901115494365,0.2309735901376694,0.3710814376603986,0.2585149853187741,0.04992952739462639,0.19009412053737865,0.3151055747215023,0.13498922251590825,0.16865158912486458,-0.08597168165702462,0.324054634256006,0.03181070169848652,0.18699586808524885,-0.18013214941606148,0.28806025326779416,0.12147087015699332,0.14588489474218955,-0.045107362675750697,0.2956444886564851,0.38847959022060563,0.14588489474218952,0.22190135738786168,0.5626532087200975,0.09560498319521202,0.030661419198275888,0.05942262802480599,0.1399777372136261,0.4475773658132356,0.143542279682624,0.27818867209815457,0.6553096376435502,-0.05699808866414987,0.1181511193388896,-0.16478923270975623,0.09462187705983607,0.4926829268292683,0.07177192905170744,0.4146341463414634,0.6062717770034843,0.5983951346544505,0.21574790440186575,0.4113349365819821,0.9009365772519262,0.07908206235596368,0.015803061440402097,0.059751667440607774,0.09891317339314397,1.0798869440850398,0.2300647977739313,0.84207942053134,1.3918673281868077
1,MJ1,raw,2018-02-21,2018-12-04,287,1,5,"0,1,2,3,4",0.34170452501504067,0.26700872006361237,0.26700872006361237,0.21360549146961538,4,3,mixed,mixed,False,False,0.2955780968530926,0.05762901115494365,0.2309735901376694,0.3710814376603986,0.2585149853187741,0.04992952739462639,0.19009412053737865,0.3151055747215023,0.13498922251590825,0.16865158912486458,-0.08597168165702462,0.324054634256006,0.03181070169848652,0.18699586808524885,-0.18013214941606148,0.28806025326779416,0.12147087015699332,0.14588489474218955,-0.045107362675750697,0.2956444886564851,0.38847959022060563,0.14588489474218952,0.22190135738786168,0.5626532087200975,0.09560498319521202,0.030661419198275888,0.05942262802480599,0.1399777372136261,0.4475773658132356,0.143542279682624,0.27818867209815457,0.6553096376435502,-0.05699808866414987,0.1181511193388896,-0.16478923270975623,0.09462187705983607,0.41463414634146345,0.08032851486688854,0.32752613240418116,0.49825783972125437,0.4885807310434334,0.06211730403960894,0.4113349365819821,0.5612222777080691,0.08581305583895862,0.024452467776580243,0.059751667440607774,0.11333637941164326,1.2818167485748884,0.4980142979977949,0.84207942053134,1.825090921337672
1,MJ3,calibrated,2018-02-21,2018-12-04,287,1,5,"0,1,2,3,4",0.07725189349988038,0.05566348093981511,0.0521863807349166,0.05705945057066131,0,0,all_nonpositive,all_nonpositive,False,False,0.599370049075424,0.18763136546983705,0.35054990379173795,0.8558742784259802,0.5684409914806196,0.18958773833705575,0.33582539483702895,0.8439300794915786,-6.758645412055204,2.4288254561699207,-10.079007123978204,-3.5377516059497074,-9.212099241426056,3.405962673122136,-14.161288249365128,-5.033136792148027,0.5684409914806196,0.18958773833705575,0.33582539483702895,0.8439300794915786,0.6206273722155362,0.18958773833705575,0.38801177557194555,0.8961164602264952,0.16254315776898828,0.06250265438523028,0.07121075629539406,0.22418199668664812,2.8486632125505316,1.095395307177524,1.248009849082021,3.928919652127136,-0.14943401547662297,0.1147474179049457,-0.2233588352962279,0.05326173802305994,0.14703832752613238,0.0896967254450969,0.017421602787456445,0.2613240418118467,0.8127253520822155,0.2115678877729041,0.6050006568095495,1.1180939247401218,0.1932303321563781,0.06507114960464387,0.12448556123697115,0.28124048825857867,2.954705007288245,1.0598864329045459,2.053859211886163,4.217564250299467
1,MJ3,raw,2018-02-21,2018-12-04,287,1,5,"0,1,2,3,4",0.07725189349988038,0.05566348093981511,0.0521863807349166,0.05705945057066131,0,0,all_nonpositive,all_nonpositive,False,False,0.599370049075424,0.18763136546983705,0.35054990379173795,0.8558742784259802,0.5684409914806196,0.18958773833705575,0.33582539483702895,0.8439300794915786,-6.758645412055204,2.4288254561699207,-10.079007123978204,-3.5377516059497074,-9.212099241426056,3.405962673122136,-14.161288249365128,-5.033136792148027,0.5684409914806196,0.18958773833705575,0.33582539483702895,0.8439300794915786,0.6206273722155362,0.18958773833705575,0.38801177557194555,0.8961164602264952,0.16254315776898828,0.06250265438523028,0.07121075629539406,0.22418199668664812,2.8486632125505316,1.095395307177524,1.248009849082021,3.928919652127136,-0.14943401547662297,0.1147474179049457,-0.2233588352962279,0.05326173802305994,0.14285714285714285,0.09427002967573996,0.006968641114982578,0.2613240418118467,0.7392454911777707,0.10766357608535114,0.6050006568095495,0.8788873861112868,0.2026475609188251,0.08035770296216452,0.12448556123697115,0.3210874868219091,3.237221870161656,1.5027933094118413,2.053859211886163,5.412974207199379
1,MJ9,calibrated,2018-02-21,2018-12-04,287,1,5,"0,1,2,3,4",0.1251712232989687,0.09286613240418139,0.08835672473867599,0.08881672187735454,1,0,mixed,all_nonpositive,False,False,0.14859074832647262,0.03250053358998528,0.10635710848753632,0.18554156654993695,0.13041488487758718,0.023341733584016432,0.10089125002686637,0.15927781874564123,-0.1870999133048887,0.25964860559330377,-0.4823020951610819,0.15030702996722567,-0.404332036893518,0.25134818237531603,-0.7151335435443373,-0.08641597765434295,0.07859777422301739,0.06618839443408395,0.006290297700492674,0.15241339465337098,0.1669544989616934,0.06618839443408396,0.09464702243916867,0.24077011939204698,0.04526849113066063,0.013619841878628825,0.03154807015303782,0.06644012592269541,0.509684327160499,0.15334772091044105,0.35520417198691484,0.7480587497300499,-0.37078352122452457,0.2070559871273306,-0.5828310136757952,-0.08776995406146393,0.5045296167247387,0.02529434343258752,0.4808362369337979,0.5365853658536586,0.261993272846574,0.08145961478951369,0.19263007100440088,0.3857313648338066,0.04240246703216009,0.00936873413510228,0.03210291916890829,0.054205293285630125,0.6199995865768672,0.16822456281654688,0.458631324932917,0.8297697048406978
1,MJ9,raw,2018-02-21,2018-12-04,287,1,5,"0,1,2,3,4",0.1251712232989687,0.09286613240418139,0.08835672473867599,0.08881672187735454,1,0,mixed,all_nonpositive,False,False,0.14859074832647262,0.03250053358998528,0.10635710848753632,0.18554156654993695,0.13041488487758718,0.023341733584016432,0.10089125002686637,0.15927781874564123,-0.1870999133048887,0.25964860559330377,-0.4823020951610819,0.15030702996722567,-0.404332036893518,0.25134818237531603,-0.7151335435443373,-0.08641597765434295,0.07859777422301739,0.06618839443408395,0.006290297700492674,0.15241339465337098,0.1669544989616934,0.06618839443408396,0.09464702243916867,0.24077011939204698,0.04526849113066063,0.013619841878628825,0.03154807015303782,0.06644012592269541,0.509684327160499,0.15334772091044105,0.35520417198691484,0.7480587497300499,-0.37078352122452457,0.2070559871273306,-0.5828310136757952,-0.08776995406146393,0.47735191637630664,0.02819932762410915,0.42857142857142855,0.49825783972125437,0.2264747082170727,0.028585529771577335,0.19263007100440088,0.2559212498026016,0.04417139701744459,0.01198359403492303,0.03210291916890829,0.06076275620012209,0.6730674861354019,0.2478519666196451,0.458631324932917,1.0264935922754563
1,overall,calibrated,2018-02-21,2018-12-04,287,8,5,"0,1,2,3,4",0.24511638802417446,0.16307588021306405,0.16207756672926357,0.18392291682531414,0,0,all_nonpositive,all_nonpositive,False,False,1.336330530757098,0.37463101633857954,0.8072066752114948,1.8568002499719694,1.0882888226651173,0.3109141730028027,0.6729009515870447,1.5459139274706684,-4.4518204251006805,1.5283801273280502,-6.5751779182909775,-2.293156698816419,-5.673511872161791,1.906561366380994,-8.479721498058943,-3.126305807504318,1.0646811694380731,0.3252798855988557,0.6316756471446067,1.543249909833386,1.2267587361673367,0.3252798855988556,0.7937532138738702,1.7053274765626496,0.8232037492126192,0.20240987186662665,0.5052776406803737,1.0563643194822683,4.475808471406962,1.1005146903953846,2.7472250299307457,5.74351656507046,0.2100635777233985,0.017355440562244546,0.1961355326147373,0.23848800126939448,0.2998257839721254,0.08252800528797867,0.17857142857142858,0.3906794425087108,1.761666568953205,0.4199941105187454,1.342573182498699,2.380763572616147,0.3507042166776798,0.09435755193274455,0.23525219300197162,0.48728018232296993,5.079682387004808,1.4142384583927705,3.693061032123925,6.888835832335755
1,overall,raw,2018-02-21,2018-12-04,287,8,5,"0,1,2,3,4",0.24511638802417446,0.16307588021306405,0.16207756672926357,0.18392291682531414,0,0,all_nonpositive,all_nonpositive,False,False,1.336330530757098,0.37463101633857954,0.8072066752114948,1.8568002499719694,1.0882888226651173,0.3109141730028027,0.6729009515870447,1.5459139274706684,-4.4518204251006805,1.5283801273280502,-6.5751779182909775,-2.293156698816419,-5.673511872161791,1.906561366380994,-8.479721498058943,-3.126305807504318,1.0646811694380731,0.3252798855988557,0.6316756471446067,1.543249909833386,1.2267587361673367,0.3252798855988556,0.7937532138738702,1.7053274765626496,0.8232037492126192,0.20240987186662665,0.5052776406803737,1.0563643194822683,4.475808471406962,1.1005146903953846,2.7472250299307457,5.74351656507046,0.2100635777233985,0.017355440562244546,0.1961355326147373,0.23848800126939448,0.27883275261324036,0.09778015216700209,0.12325783972125436,0.3906794425087108,1.6354050171686445,0.2340649453719898,1.342573182498699,1.9265050530335777,0.3656246943816944,0.12152247134936973,0.23525219300197162,0.5577540246480592,5.527296718125248,2.2033719373482077,3.693061032123925,9.003051102088435
2,ATU1,calibrated,2018-12-05,2019-09-17,287,1,5,"0,1,2,3,4",0.09092667976084662,0.07058980574671665,0.06980478984656123,0.058367995252277156,0,0,all_nonpositive,all_nonpositive,False,False,0.40658901876073195,0.21690478005273914,0.11535767375033544,0.6106979017681253,0.35278802637475387,0.20479201441587555,0.08343993419710855,0.5503334532682157,-3.471614050245028,2.3854910420487956,-5.716377452408575,-0.2686889486534281,-3.99771918399369,2.9011556590861005,-6.7962171371156295,-0.18203943635288433,0.3368138217455482,0.21134695843310994,0.07747086081350361,0.5483503577671496,0.40661861159210944,0.21134695843310994,0.14727565066006484,0.6181551476137108,0.1943160734310378,0.14221329627108825,0.025334452394266047,0.38827206261766134,3.3291544893938565,2.436494446252888,0.4340469855914343,6.652139771795801,0.10625045782581984,0.3473034784054516,-0.4058274359694106,0.4526064708840207,0.9289198606271777,0.15126928001354853,0.6585365853658537,1.0,1.9676433615275903,0.24695800106019222,1.6276135924196227,2.189446326302071,0.12619369977801803,0.04354792845700252,0.07397836207692426,0.1733870640930335,2.021870861466772,0.3201876905336675,1.6341391315949574,2.449944656449927
2,ATU1,raw,2018-12-05,2019-09-17,287,1,5,"0,1,2,3,4",0.09092667976084662,0.07058980574671665,0.06980478984656123,0.058367995252277156,0,0,all_nonpositive,all_nonpositive,False,False,0.40658901876073195,0.21690478005273914,0.11535767375033544,0.6106979017681253,0.35278802637475387,0.20479201441587555,0.08343993419710855,0.5503334532682157,-3.471614050245028,2.3854910420487956,-5.716377452408575,-0.2686889486534281,-3.99771918399369,2.9011556590861005,-6.7962171371156295,-0.18203943635288433,0.3368138217455482,0.21134695843310994,0.07747086081350361,0.5483503577671496,0.40661861159210944,0.21134695843310994,0.14727565066006484,0.6181551476137108,0.1943160734310378,0.14221329627108825,0.025334452394266047,0.38827206261766134,3.3291544893938565,2.436494446252888,0.4340469855914343,6.652139771795801,0.10625045782581984,0.3473034784054516,-0.4058274359694106,0.4526064708840207,0.9184668989547038,0.17462669368515749,0.6062717770034843,1.0,1.941933740226356,0.22427973950614094,1.6276135924196227,2.189446326302071,0.12693266500777395,0.044568352664308274,0.07397836207692426,0.17708189024181323,2.04403981835945,0.35875108945827283,1.6341391315949574,2.5607894409133185
2,ATU2,calibrated,2018-12-05,2019-09-17,287,1,5,"0,1,2,3,4",0.07335211878306687,0.04789006968641105,0.047071045296167235,0.05635526536064369,0,0,all_nonpositive,all_nonpositive,False,False,0.3802495575103414,0.1705051726346961,0.15512372728875445,0.5947834761426148,0.34368938315801645,0.16092926189312176,0.13077969215293508,0.5625693469867629,-4.183893305589435,2.324475086247362,-7.108606622552244,-1.1147818203795952,-6.176631510635267,3.3603889688802417,-10.747098107614438,-1.7308311098583387,0.3404009524425278,0.16254793167637788,0.1306949890678136,0.5625693469867629,0.38747199773869506,0.16254793167637788,0.17776603436398083,0.6096403922829301,0.15425117218552548,0.10420040933531761,0.02368347618686667,0.29635143387730684,2.7371208563813894,1.848991547967887,0.42025312160815914,5.258629020390827,0.21703576180655376,0.23304474952634238,-0.14751371296408303,0.4351456971826771,0.9191637630662021,0.11523043711052953,0.7526132404181185,1.0,1.5043125195769609,0.33688679094558677,1.1575618370301042,2.012142003807435,0.10905975664122132,0.03846301572311534,0.06348720902092163,0.16537135459880767,1.553345783446558,0.36573667666449944,1.2507178098629734,2.148293903030415
2,ATU2,raw,2018-12-05,2019-09-17,287,1,5,"0,1,2,3,4",0.07335211878306687,0.04789006968641105,0.047071045296167235,0.05635526536064369,0,0,all_nonpositive,all_nonpositive,False,False,0.3802495575103414,0.1705051726346961,0.15512372728875445,0.5947834761426148,0.34368938315801645,0.16092926189312176,0.13077969215293508,0.5625693469867629,-4.183893305589435,2.324475086247362,-7.108606622552244,-1.1147818203795952,-6.176631510635267,3.3603889688802417,-10.747098107614438,-1.7308311098583387,0.3404009524425278,0.16254793167637788,0.1306949890678136,0.5625693469867629,0.38747199773869506,0.16254793167637788,0.17776603436398083,0.6096403922829301,0.15425117218552548,0.10420040933531761,0.02368347618686667,0.29635143387730684,2.7371208563813894,1.848991547967887,0.42025312160815914,5.258629020390827,0.21703576180655376,0.23304474952634238,-0.14751371296408303,0.4351456971826771,0.8250871080139373,0.30026272656095393,0.30662020905923343,1.0,1.4052412268195713,0.20520259535592972,1.130058709151828,1.6107956566126147,0.11330143761454184,0.046629191982904904,0.06348720902092163,0.186733640069748,1.6805962126461726,0.6383648106910931,1.2507178098629734,2.7891624671586253
2,ATU3,calibrated,2018-12-05,2019-09-17,287,1,5,"0,1,2,3,4",0.14531029645708476,0.10845602787456456,0.10678362369337965,0.0987233467727449,0,0,all_nonpositive,all_nonpositive,False,False,0.46998930763472957,0.22429482043085164,0.17096828689967755,0.7593645231643283,0.418257836137233,0.2120431785967786,0.1368850802883256,0.7058356977820661,-2.2343840670198754,1.5435576548912608,-4.2258135980652645,-0.17657379461868006,-2.8564738570452852,1.9551073624235837,-5.508035667675424,-0.2621251485130991,0.4107810006136793,0.21686004246250243,0.1295994286563525,0.7058356977820661,0.517564624307059,0.21686004246250243,0.23638305234973214,0.8126193214754458,0.20624756611784983,0.13420840653446728,0.03282710846881819,0.3771962652939712,2.0891468214972404,1.359439392218001,0.33251616301445075,3.82074025673232,0.2619620015635278,0.21586028159339432,-0.025758158512445846,0.48820236789512855,0.9247386759581883,0.1268216102141026,0.7073170731707317,1.0,2.071111865352837,0.392430011203831,1.6033508210460887,2.5894108199755554,0.14125553159017185,0.0508828387972681,0.08217069951275772,0.21483114174625215,2.14637676701899,0.49704418967508646,1.6533303858751767,2.9157557634772338
2,ATU3,raw,2018-12-05,2019-09-17,287,1,5,"0,1,2,3,4",0.14531029645708476,0.10845602787456456,0.10678362369337965,0.0987233467727449,0,0,all_nonpositive,all_nonpositive,False,False,0.46998930763472957,0.22429482043085164,0.17096828689967755,0.7593645231643283,0.418257836137233,0.2120431785967786,0.1368850802883256,0.7058356977820661,-2.2343840670198754,1.5435576548912608,-4.2258135980652645,-0.17657379461868006,-2.8564738570452852,1.9551073624235837,-5.508035667675424,-0.2621251485130991,0.4107810006136793,0.21686004246250243,0.1295994286563525,0.7058356977820661,0.517564624307059,0.21686004246250243,0.23638305234973214,0.8126193214754458,0.20624756611784983,0.13420840653446728,0.03282710846881819,0.3771962652939712,2.0891468214972404,1.359439392218001,0.33251616301445075,3.82074025673232,0.2619620015635278,0.21586028159339432,-0.025758158512445846,0.48820236789512855,0.8766550522648083,0.23190502685978895,0.46689895470383275,1.0,1.9838713379369306,0.2810946040241066,1.6033508210460887,2.2789675478481506,0.14443788381775027,0.056789601863014946,0.08217069951275772,0.2307429028841443,2.2418473338463434,0.6901149863492062,1.6533303858751767,3.393108597613999
2,ATU4,calibrated,2018-12-05,2019-09-17,287,1,5,"0,1,2,3,4",0.06926975467110544,0.0510004878048782,0.03301407665505239,0.06100275389090093,0,0,all_nonpositive,all_nonpositive,False,False,0.2925141391141131,0.12417237808011922,0.12910277893491356,0.4565938733132881,0.2612050483558441,0.12183228940633406,0.09985009824710413,0.4273883935443196,-3.2228262609414124,1.7925915671232395,-5.591532992735537,-0.863768387052861,-4.12161862755477,2.388845570898261,-7.3800844254560225,-0.9578263374483538,0.25831733847644,0.1237873129664705,0.09888423294817106,0.4273883935443196,0.2913314151314924,0.12378731296647048,0.13189830960322346,0.46040247019937197,0.11653581371866964,0.07313269899611063,0.02129910830509754,0.20626128435747146,1.910336932117616,1.198842582203801,0.3491499472825354,3.3811798845402135,0.12107886527888925,0.19494229795417947,-0.2121610776188839,0.3023713241332519,0.9421602787456447,0.08331825752821762,0.818815331010453,1.0,1.2103093779994172,0.24686104572871415,0.9280572958501271,1.558968477825057,0.08532868642311195,0.029237456744265953,0.05111137443832966,0.12815805480002823,1.2538353509141382,0.28553393140342215,0.9968559619695406,1.7077996762792491
2,ATU4,raw,2018-12-05,2019-09-17,287,1,5,"0,1,2,3,4",0.06926975467110544,0.0510004878048782,0.03301407665505239,0.06100275389090093,0,0,all_nonpositive,all_nonpositive,False,False,0.2925141391141131,0.12417237808011922,0.12910277893491356,0.4565938733132881,0.2612050483558441,0.12183228940633406,0.09985009824710413,0.4273883935443196,-3.2228262609414124,1.7925915671232395,-5.591532992735537,-0.863768387052861,-4.12161862755477,2.388845570898261,-7.3800844254560225,-0.9578263374483538,0.25831733847644,0.1237873129664705,0.09888423294817106,0.4273883935443196,0.2913314151314924,0.12378731296647048,0.13189830960322346,0.46040247019937197,0.11653581371866964,0.07313269899611063,0.02129910830509754,0.20626128435747146,1.910336932117616,1.198842582203801,0.3491499472825354,3.3811798845402135,0.12107886527888925,0.19494229795417947,-0.2121610776188839,0.3023713241332519,0.8682926829268294,0.23875097373997828,0.44947735191637633,1.0,1.1456033749519723,0.1596053511338543,0.9280572958501271,1.3174157348628608,0.08738463001030025,0.03310740566981868,0.05111137443832966,0.13843777273596972,1.3155136585297873,0.41297708459471105,0.9968559619695406,2.0161912143574945
2,ATU5,calibrated,2018-12-05,2019-09-17,287,1,5,"0,1,2,3,4",0.166818708780996,0.14921010123803463,0.14921010123803463,0.07472807187371937,1,1,mixed,mixed,False,False,0.33082484256069555,0.16663663652397084,0.1138783009718492,0.5393373997534094,0.29113595564224515,0.15774999346791063,0.085260174098384,0.5040178171443487,-0.9831399306357845,0.9989085621249821,-2.233075017152098,0.31735294078224985,-0.9511812754405712,1.057234008683181,-2.3779068103458347,0.42858979793620955,0.2771830209976034,0.16741332128272268,0.059674915784234374,0.5040178171443487,0.42639312223563797,0.16741332128272265,0.20888501702226903,0.6532279183823833,0.18121689964268622,0.12136748786789728,0.024100422237935657,0.34082335763161775,2.425017735623087,1.6241217634116452,0.32250828415139904,4.560847738819817,0.4440830331815707,0.5031880051634117,-0.42843211409984633,0.8230372712099995,0.9630662020905923,0.07323706964633457,0.8327526132404182,1.0,1.7086941739511285,0.28431689936380883,1.353446721795736,2.025112286764857,0.10624854382639928,0.03615819954331983,0.06356049916486345,0.15520492711163006,1.7317765365807525,0.3162466500413132,1.3579120940815539,2.1360587276271588
2,ATU5,raw,2018-12-05,2019-09-17,287,1,5,"0,1,2,3,4",0.166818708780996,0.14921010123803463,0.14921010123803463,0.07472807187371937,1,1,mixed,mixed,False,False,0.33082484256069555,0.16663663652397084,0.1138783009718492,0.5393373997534094,0.29113595564224515,0.15774999346791063,0.085260174098384,0.5040178171443487,-0.9831399306357845,0.9989085621249821,-2.233075017152098,0.31735294078224985,-0.9511812754405712,1.057234008683181,-2.3779068103458347,0.42858979793620955,0.2771830209976034,0.16741332128272268,0.059674915784234374,0.5040178171443487,0.42639312223563797,0.16741332128272265,0.20888501702226903,0.6532279183823833,0.18121689964268622,0.12136748786789728,0.024100422237935657,0.34082335763161775,2.425017735623087,1.6241217634116452,0.32250828415139904,4.560847738819817,0.4440830331815707,0.5031880051634117,-0.42843211409984633,0.8230372712099995,0.9114982578397213,0.18830810512051407,0.5749128919860628,1.0,1.6658743549776074,0.23692059423340164,1.353446721795736,1.9104266819258071,0.10668446887666301,0.03690147465986468,0.06356049916486345,0.1573845523629488,1.7448542880886648,0.33776446922199266,1.3579120940815539,2.2014474851667205
2,MJ1,calibrated,2018-12-05,2019-09-17,287,1,5,"0,1,2,3,4",0.1598610472025586,0.1332539635150423,0.1332539635150423,0.08846583875087369,5,5,all_positive,all_positive,False,False,0.10742402163084046,0.015384544033608578,0.09237320947838724,0.12871920771737955,0.09301831765033469,0.010361497270884356,0.08122892893226782,0.10636723232765945,0.32801627719400345,0.09623697769297704,0.1948056767432499,0.4221656176107621,0.301947085124906,0.07775751653131657,0.2017705926199167,0.39042016620317377,-0.040569426632326135,0.03569379532941864,-0.08962817328707817,0.0027963759059405546,0.09268453688271618,0.03569379532941864,0.04362579022796413,0.13605033942098285,0.03842233222818053,0.025469337695727807,0.00584962812766025,0.06820222049622264,0.43431829473047384,0.2879002568149649,0.06612301663847028,0.7709441458898628,0.02372753647386624,0.22927068429690212,-0.2670893042849025,0.3082394871550289,0.8599303135888501,0.14029312876407812,0.6724738675958188,1.0,0.38507968048783014,0.05412896256860935,0.31239332961288835,0.4440546065844978,0.0293066755183522,0.002383069269877124,0.026486793605304957,0.032529692274093164,0.4141086772988925,0.04736353962830441,0.3363522601209071,0.4582964657071319
2,MJ1,raw,2018-12-05,2019-09-17,287,1,5,"0,1,2,3,4",0.1598610472025586,0.1332539635150423,0.1332539635150423,0.08846583875087369,5,5,all_positive,all_positive,False,False,0.10742402163084046,0.015384544033608578,0.09237320947838724,0.12871920771737955,0.09301831765033469,0.010361497270884356,0.08122892893226782,0.10636723232765945,0.32801627719400345,0.09623697769297704,0.1948056767432499,0.4221656176107621,0.301947085124906,0.07775751653131657,0.2017705926199167,0.39042016620317377,-0.040569426632326135,0.03569379532941864,-0.08962817328707817,0.0027963759059405546,0.09268453688271618,0.03569379532941864,0.04362579022796413,0.13605033942098285,0.03842233222818053,0.025469337695727807,0.00584962812766025,0.06820222049622264,0.43431829473047384,0.2879002568149649,0.06612301663847028,0.7709441458898628,0.02372753647386624,0.22927068429690212,-0.2670893042849025,0.3082394871550289,0.8599303135888501,0.14029312876407812,0.6724738675958188,1.0,0.38507968048783014,0.05412896256860935,0.31239332961288835,0.4440546065844978,0.0293066755183522,0.002383069269877124,0.026486793605304957,0.032529692274093164,0.4141086772988925,0.04736353962830441,0.3363522601209071,0.4582964657071319
2,MJ3,calibrated,2018-12-05,2019-09-17,287,1,5,"0,1,2,3,4",0.12872194942682458,0.11734578965108389,0.11734578965108389,0.053000883939105674,4,4,mixed,mixed,False,False,0.09949915678260161,0.03708235204748165,0.06888189932662217,0.1517002039133647,0.08411791109044081,0.03403622969553101,0.05745900854719148,0.13183654611733536,0.22702260783298217,0.2880810321208047,-0.17851077138637272,0.4648783705239026,0.28316208582721963,0.29005071078165123,-0.12348765566568942,0.5103445234972626,0.044407751770012494,0.061975957346972116,-0.03568656135089187,0.13183654611733536,0.16175354142109638,0.061975957346972116,0.08165922830019202,0.24918233576841928,0.06553508365064484,0.043391266103646194,0.009207836553507704,0.12292310878030681,1.2364903899704782,0.8186894798490482,0.1737298676770536,2.319265258321671,0.24671734149780616,0.27757971007807003,-0.20906772797925838,0.47088456507538623,0.9714285714285715,0.040663677939777425,0.9128919860627178,1.0,0.5881364310120568,0.1095189254102059,0.4559372717832533,0.720506662178173,0.03381427957872563,0.009055483904400807,0.02608992855950625,0.046567311226558716,0.593838831909565,0.1116599503650128,0.4671193322388822,0.737836606210085
2,MJ3,raw,2018-12-05,2019-09-17,287,1,5,"0,1,2,3,4",0.12872194942682458,0.11734578965108389,0.11734578965108389,0.053000883939105674,4,4,mixed,mixed,False,False,0.09949915678260161,0.03708235204748165,0.06888189932662217,0.1517002039133647,0.08411791109044081,0.03403622969553101,0.05745900854719148,0.13183654611733536,0.22702260783298217,0.2880810321208047,-0.17851077138637272,0.4648783705239026,0.28316208582721963,0.29005071078165123,-0.12348765566568942,0.5103445234972626,0.044407751770012494,0.061975957346972116,-0.03568656135089187,0.13183654611733536,0.16175354142109638,0.061975957346972116,0.08165922830019202,0.24918233576841928,0.06553508365064484,0.043391266103646194,0.009207836553507704,0.12292310878030681,1.2364903899704782,0.8186894798490482,0.1737298676770536,2.319265258321671,0.24671734149780616,0.27757971007807003,-0.20906772797925838,0.47088456507538623,0.9505226480836237,0.08305556136977167,0.8083623693379791,1.0,0.5701214195804221,0.08749554353366576,0.4559372717832533,0.6554577569456741,0.03361407078652623,0.008707412582822645,0.02608992855950625,0.045566267265561684,0.5878325681435828,0.10240165527100445,0.4671193322388822,0.7078052873801739
2,MJ9,calibrated,2018-12-05,2019-09-17,287,1,5,"0,1,2,3,4",0.07555804948620815,0.06341864111498252,0.055489442508710865,0.05137252387005158,5,5,all_positive,all_positive,False,False,0.05235254928672559,0.007832279398526022,0.04301787291763854,0.06466495648420796,0.044481234396137444,0.005598875309989796,0.0392222845635448,0.05377133802588268,0.30712148285032603,0.10365909988128628,0.14416853103107874,0.4306645921889404,0.2986094685395451,0.08828437840285218,0.15212093667552085,0.3815338223278547,-0.018105968618962513,0.015685751795654655,-0.03953591107442591,-0.001093987510645324,0.03738347388974836,0.015685751795654655,0.015953531434284955,0.05439545499806554,0.014739090705447624,0.009850110943110509,0.002739323269445169,0.024060167280445233,0.286906104569256,0.19173889466724808,0.05332273096751823,0.4683469969531998,0.22813850144394054,0.4457324294761725,-0.4803435903122656,0.5947100677679458,1.0,0.0,1.0,1.0,0.32566469549444327,0.04057206595111603,0.2817015632140899,0.3688001095270963,0.018269028915837683,0.00207877238814544,0.015964964306844312,0.02125522665521699,0.32566469549444327,0.04057206595111603,0.2817015632140899,0.3688001095270963
2,MJ9,raw,2018-12-05,2019-09-17,287,1,5,"0,1,2,3,4",0.07555804948620815,0.06341864111498252,0.055489442508710865,0.05137252387005158,5,5,all_positive,all_positive,False,False,0.05235254928672559,0.007832279398526022,0.04301787291763854,0.06466495648420796,0.044481234396137444,0.005598875309989796,0.0392222845635448,0.05377133802588268,0.30712148285032603,0.10365909988128628,0.14416853103107874,0.4306645921889404,0.2986094685395451,0.08828437840285218,0.15212093667552085,0.3815338223278547,-0.018105968618962513,0.015685751795654655,-0.03953591107442591,-0.001093987510645324,0.03738347388974836,0.015685751795654655,0.015953531434284955,0.05439545499806554,0.014739090705447624,0.009850110943110509,0.002739323269445169,0.024060167280445233,0.286906104569256,0.19173889466724808,0.05332273096751823,0.4683469969531998,0.22813850144394054,0.4457324294761725,-0.4803435903122656,0.5947100677679458,0.8641114982578397,0.13963390180845908,0.6724738675958188,1.0,0.16615568825154306,0.022419926786256025,0.13534247821667122,0.19202133243763014,0.013801641805131822,0.0017949859607458377,0.012488470520327095,0.016857130134258016,0.19164308217326742,0.026439675642207654,0.1702843557969883,0.23685721389832703
2,overall,calibrated,2018-12-05,2019-09-17,287,8,5,"0,1,2,3,4",0.12001248409509184,0.09264561082896423,0.08899660405050402,0.08053213935326142,0,0,all_nonpositive,all_nonpositive,False,False,0.3084446936013573,0.1402618626993244,0.12335498613490696,0.47912285353597717,0.23608671410062568,0.10793742626428485,0.09373509879869639,0.3753040585423576,-1.5701050680440982,1.1687272683080867,-2.992275113281918,-0.027851286180916812,-1.5482773764260913,1.1650570955115325,-3.0509642624648174,-0.011759736483830663,0.2011535613493153,0.12283177285347847,0.0414342226947099,0.36021256846715966,0.29015016539981936,0.12283177285347847,0.13043082674521392,0.4492091725176637,0.22629836296579714,0.09125643135669978,0.10713642218633224,0.32148142227974563,2.810037890252972,1.1331678518609234,1.330356091949436,3.9919642624857965,0.1753234088772988,0.13194183325676137,-0.01740491065931542,0.3244427170438842,0.9386759581881533,0.07761074738778102,0.8127177700348432,1.0,1.220119013175283,0.20218687595689477,0.9730569489816169,1.4734446114386857,0.08118452528397974,0.025371498217790955,0.05161297461962409,0.11603744019526295,1.255102188016264,0.23587247944479275,1.0072975181689052,1.6046029131461006
2,overall,raw,2018-12-05,2019-09-17,287,8,5,"0,1,2,3,4",0.12001248409509184,0.09264561082896423,0.08899660405050402,0.08053213935326142,0,0,all_nonpositive,all_nonpositive,False,False,0.3084446936013573,0.1402618626993244,0.12335498613490696,0.47912285353597717,0.23608671410062568,0.10793742626428485,0.09373509879869639,0.3753040585423576,-1.5701050680440982,1.1687272683080867,-2.992275113281918,-0.027851286180916812,-1.5482773764260913,1.1650570955115325,-3.0509642624648174,-0.011759736483830663,0.2011535613493153,0.12283177285347847,0.0414342226947099,0.36021256846715966,0.29015016539981936,0.12283177285347847,0.13043082674521392,0.4492091725176637,0.22629836296579714,0.09125643135669978,0.10713642218633224,0.32148142227974563,2.810037890252972,1.1331678518609234,1.330356091949436,3.9919642624857965,0.1753234088772988,0.13194183325676137,-0.01740491065931542,0.3244427170438842,0.8843205574912891,0.15524501828955248,0.6202090592334495,1.0,1.1579851029040291,0.15869212048085013,0.9432750274845269,1.3248232054399132,0.08193293417962992,0.027762681898930937,0.05106321255450422,0.12215627496993271,1.27755445488577,0.31512363069765015,0.9847441700878722,1.788167956386194
3,ATU1,calibrated,2019-09-18,2020-06-30,287,1,5,"0,1,2,3,4",0.47749918246494477,0.2485967719772182,0.22335606284045828,0.422776923498751,5,2,all_positive,mixed,False,False,0.4442445936708232,0.0302119619394787,0.40309076131153304,0.47029031947917477,0.2812612955445085,0.05857406975795055,0.2304737661178659,0.3806708592031523,0.06964323713070009,0.06327123280822933,0.01509712110616912,0.15582942104591846,-0.1313956062562382,0.23561878656782553,-0.5312783676774275,0.07290121152905837,-0.05657982329829556,0.11456013127556136,-0.15120521566202097,0.1359736366305228,0.16677623954216272,0.11456013127556136,0.0721508471784373,0.3593296994709811,0.04556554273592438,0.01579253509864532,0.02922087865177975,0.06547660542136528,0.10777679717908964,0.03735429778889523,0.06911654120087299,0.15487270421361757,-0.11776634578887837,0.4716516651010295,-0.5756110240241951,0.5772940453836343,0.9066202090592335,0.00454299819177885,0.9024390243902439,0.9128919860627178,1.602906445322541,0.2908288201893636,1.1078061323968007,1.8439385550414829,0.11210436119954614,0.013177210671878879,0.09217504424233118,0.1275183317424367,1.9568243582638414,0.3172185410412715,1.4227550154220194,2.1943386389741955
3,ATU1,raw,2019-09-18,2020-06-30,287,1,5,"0,1,2,3,4",0.47749918246494477,0.2485967719772182,0.22335606284045828,0.422776923498751,5,2,all_positive,mixed,False,False,0.4442445936708232,0.0302119619394787,0.40309076131153304,0.47029031947917477,0.2812612955445085,0.05857406975795055,0.2304737661178659,0.3806708592031523,0.06964323713070009,0.06327123280822933,0.01509712110616912,0.15582942104591846,-0.1313956062562382,0.23561878656782553,-0.5312783676774275,0.07290121152905837,-0.05657982329829556,0.11456013127556136,-0.15120521566202097,0.1359736366305228,0.16677623954216272,0.11456013127556136,0.0721508471784373,0.3593296994709811,0.04556554273592438,0.01579253509864532,0.02922087865177975,0.06547660542136528,0.10777679717908964,0.03735429778889523,0.06911654120087299,0.15487270421361757,-0.11776634578887837,0.4716516651010295,-0.5756110240241951,0.5772940453836343,0.9066202090592335,0.00454299819177885,0.9024390243902439,0.9128919860627178,1.602906445322541,0.2908288201893636,1.1078061323968007,1.8439385550414829,0.11210436119954614,0.013177210671878879,0.09217504424233118,0.1275183317424367,1.9568243582638414,0.3172185410412715,1.4227550154220194,2.1943386389741955
3,ATU2,calibrated,2019-09-18,2020-06-30,287,1,5,"0,1,2,3,4",0.3222258673501355,0.15633909407665492,0.15546682926829275,0.28273327460326164,5,3,all_positive,mixed,False,False,0.295606988656099,0.02097020389328365,0.2650253461019937,0.31318456031493863,0.15487551639099634,0.05104849469343693,0.11875717950956685,0.2424325885060958,0.08260937867260651,0.06507920691077576,0.028058911314442714,0.17751685089262814,0.009361559207583591,0.3265241812672091,-0.5506843629733982,0.2403871839545213,-0.037241515014945235,0.06499631003895029,-0.08448573548643042,0.0772524494540526,0.11822531425334751,0.06499631003895029,0.07098109378186235,0.23271927872234535,0.03644903974770848,0.008579889052726056,0.023144367964355792,0.046283117245387875,0.12891669648312415,0.030346230258060602,0.08185937080392304,0.16369886887326401,-0.13006317624992839,0.5493355174207654,-0.5735797264506155,0.6496331322317378,0.9261324041811847,0.005725322900750865,0.9163763066202091,0.9303135888501742,1.1654765583477888,0.22964078693622197,0.775095222067083,1.3487504549787785,0.07216165388008217,0.01020723573819895,0.057834667837463834,0.08650029274229921,1.3904720344474835,0.2586346779716546,0.9514078196014099,1.602300330337263
3,ATU2,raw,2019-09-18,2020-06-30,287,1,5,"0,1,2,3,4",0.3222258673501355,0.15633909407665492,0.15546682926829275,0.28273327460326164,5,3,all_positive,mixed,False,False,0.295606988656099,0.02097020389328365,0.2650253461019937,0.31318456031493863,0.15487551639099634,0.05104849469343693,0.11875717950956685,0.2424325885060958,0.08260937867260651,0.06507920691077576,0.028058911314442714,0.17751685089262814,0.009361559207583591,0.3265241812672091,-0.5506843629733982,0.2403871839545213,-0.037241515014945235,0.06499631003895029,-0.08448573548643042,0.0772524494540526,0.11822531425334751,0.06499631003895029,0.07098109378186235,0.23271927872234535,0.03644903974770848,0.008579889052726056,0.023144367964355792,0.046283117245387875,0.12891669648312415,0.030346230258060602,0.08185937080392304,0.16369886887326401,-0.13006317624992839,0.5493355174207654,-0.5735797264506155,0.6496331322317378,0.9261324041811847,0.005725322900750865,0.9163763066202091,0.9303135888501742,1.1654765583477888,0.22964078693622197,0.775095222067083,1.3487504549787785,0.07216165388008217,0.01020723573819895,0.057834667837463834,0.08650029274229921,1.3904720344474835,0.2586346779716546,0.9514078196014099,1.602300330337263
3,ATU3,calibrated,2019-09-18,2020-06-30,287,1,5,"0,1,2,3,4",0.4935066784621653,0.2444569686411152,0.24300142857142848,0.43028391709775354,5,4,all_positive,mixed,False,False,0.4504322988292636,0.028975487304710223,0.406041431255156,0.4785626477934421,0.2256162246975288,0.060082189015763,0.17916271650417323,0.32861455777272935,0.08728226286040808,0.058713465428678356,0.030281313953624434,0.17723214502296714,0.0770718218765378,0.2457781807151878,-0.34426340799130606,0.26709916473193207,-0.08259782890465299,0.08691065271943281,-0.1503126155905362,0.06970328441850233,0.16040359966677548,0.08691065271943281,0.09268881298089225,0.3127047129899308,0.051322862268573854,0.018519500815727424,0.025678686914705106,0.07516413030513475,0.11927673851893965,0.04304018830320375,0.05967847250231136,0.17468496338908868,-0.12168800349740523,0.5391056825476273,-0.5341596768202208,0.6710014463223336,0.9177700348432054,0.004674706573170253,0.9128919860627178,0.9233449477351916,1.6504113475009903,0.3319332086439101,1.0843839534403763,1.9133217976141381,0.10658276273099983,0.013036964511617285,0.08704813876364403,0.1232751673690377,2.0694017584423507,0.3475099342659318,1.483066861784607,2.368445060824096
3,ATU3,raw,2019-09-18,2020-06-30,287,1,5,"0,1,2,3,4",0.4935066784621653,0.2444569686411152,0.24300142857142848,0.43028391709775354,5,4,all_positive,mixed,False,False,0.4504322988292636,0.028975487304710223,0.406041431255156,0.4785626477934421,0.2256162246975288,0.060082189015763,0.17916271650417323,0.32861455777272935,0.08728226286040808,0.058713465428678356,0.030281313953624434,0.17723214502296714,0.0770718218765378,0.2457781807151878,-0.34426340799130606,0.26709916473193207,-0.08259782890465299,0.08691065271943281,-0.1503126155905362,0.06970328441850233,0.16040359966677548,0.08691065271943281,0.09268881298089225,0.3127047129899308,0.051322862268573854,0.018519500815727424,0.025678686914705106,0.07516413030513475,0.11927673851893965,0.04304018830320375,0.05967847250231136,0.17468496338908868,-0.12168800349740523,0.5391056825476273,-0.5341596768202208,0.6710014463223336,0.9177700348432054,0.004674706573170253,0.9128919860627178,0.9233449477351916,1.6504113475009903,0.3319332086439101,1.0843839534403763,1.9133217976141381,0.10658276273099983,0.013036964511617285,0.08704813876364403,0.1232751673690377,2.0694017584423507,0.3475099342659318,1.483066861784607,2.368445060824096
3,ATU4,calibrated,2019-09-18,2020-06-30,287,1,5,"0,1,2,3,4",0.30687584774225235,0.1492666202090592,0.13881038327526124,0.27416485394879053,5,4,all_positive,mixed,False,False,0.28548893970875666,0.018731729049163735,0.25658198671211635,0.30473852356995895,0.15049110222023393,0.029843896002816023,0.12751418546809032,0.202623037901878,0.0696923794780318,0.06104008897075754,0.006964784579881811,0.1638899294296312,-0.008203321073792357,0.19993683759314296,-0.3574571301881766,0.14572872830176598,-0.053190708475466184,0.05195462127286843,-0.09373240217028699,0.03718261329650864,0.08561967479979507,0.05195462127286844,0.04507798110497426,0.1759929965717699,0.02950680809685365,0.011788821853394915,0.013006700192277837,0.043567373192717224,0.10762432774247947,0.04299902662066551,0.04744116543365283,0.1589094027378684,-0.1183156825963371,0.5443341400748922,-0.5556910070216516,0.6914637703655656,0.9101045296167248,0.004542998191778863,0.9024390243902439,0.9128919860627178,0.9522450512711249,0.19613357080229318,0.6165582593753106,1.1057269705071642,0.06707632448452394,0.007326579423657985,0.05546725093591646,0.07539749855351557,1.2598342234345485,0.1858810701931813,0.9483697155743143,1.4273427197345971
3,ATU4,raw,2019-09-18,2020-06-30,287,1,5,"0,1,2,3,4",0.30687584774225235,0.1492666202090592,0.13881038327526124,0.27416485394879053,5,4,all_positive,mixed,False,False,0.28548893970875666,0.018731729049163735,0.25658198671211635,0.30473852356995895,0.15049110222023393,0.029843896002816023,0.12751418546809032,0.202623037901878,0.0696923794780318,0.06104008897075754,0.006964784579881811,0.1638899294296312,-0.008203321073792357,0.19993683759314296,-0.3574571301881766,0.14572872830176598,-0.053190708475466184,0.05195462127286843,-0.09373240217028699,0.03718261329650864,0.08561967479979507,0.05195462127286844,0.04507798110497426,0.1759929965717699,0.02950680809685365,0.011788821853394915,0.013006700192277837,0.043567373192717224,0.10762432774247947,0.04299902662066551,0.04744116543365283,0.1589094027378684,-0.1183156825963371,0.5443341400748922,-0.5556910070216516,0.6914637703655656,0.9101045296167248,0.004542998191778863,0.9024390243902439,0.9128919860627178,0.9522450512711249,0.19613357080229318,0.6165582593753106,1.1057269705071642,0.06707632448452394,0.007326579423657985,0.05546725093591646,0.07539749855351557,1.2598342234345485,0.1858810701931813,0.9483697155743143,1.4273427197345971
3,ATU5,calibrated,2019-09-18,2020-06-30,287,1,5,"0,1,2,3,4",0.39740596796319644,0.2208207887240037,0.2201682601679118,0.33142142192551766,5,4,all_positive,mixed,False,False,0.35061868189737777,0.01803051027530884,0.32349794657872827,0.3682112338681909,0.19145785460200854,0.03928153127425572,0.16081361105203082,0.2567382781530839,0.11773171476416178,0.04537050706037369,0.0734632502995256,0.18597612351738202,0.1329717835520228,0.17788873729344545,-0.16265447486455753,0.2717460526190484,-0.0682482869563045,0.07287773585133149,-0.12310044365153573,0.053459394688193496,0.1519199732116073,0.07287773585133148,0.09706781651637607,0.2736276548561053,0.04096485825295667,0.012558035510513366,0.025792946626937843,0.060229763833254936,0.12360353176616012,0.03789144177088109,0.07782522468548954,0.18173165597844407,-0.13299787473198482,0.5404421077593852,-0.6048796440625059,0.5934039366328124,0.913588850174216,0.005168082569404642,0.9059233449477352,0.9198606271777003,1.399861180279491,0.27310345545593095,0.9364971838860452,1.623205734912376,0.08705481802268661,0.010349346878992641,0.06973073486262082,0.09735960483982146,1.6543552676705555,0.3258590273491328,1.1042480515385964,1.9201502820431666
3,ATU5,raw,2019-09-18,2020-06-30,287,1,5,"0,1,2,3,4",0.39740596796319644,0.2208207887240037,0.2201682601679118,0.33142142192551766,5,4,all_positive,mixed,False,False,0.35061868189737777,0.01803051027530884,0.32349794657872827,0.3682112338681909,0.19145785460200854,0.03928153127425572,0.16081361105203082,0.2567382781530839,0.11773171476416178,0.04537050706037369,0.0734632502995256,0.18597612351738202,0.1329717835520228,0.17788873729344545,-0.16265447486455753,0.2717460526190484,-0.0682482869563045,0.07287773585133149,-0.12310044365153573,0.053459394688193496,0.1519199732116073,0.07287773585133148,0.09706781651637607,0.2736276548561053,0.04096485825295667,0.012558035510513366,0.025792946626937843,0.060229763833254936,0.12360353176616012,0.03789144177088109,0.07782522468548954,0.18173165597844407,-0.13299787473198482,0.5404421077593852,-0.6048796440625059,0.5934039366328124,0.913588850174216,0.005168082569404642,0.9059233449477352,0.9198606271777003,1.399861180279491,0.27310345545593095,0.9364971838860452,1.623205734912376,0.08705481802268661,0.010349346878992641,0.06973073486262082,0.09735960483982146,1.6543552676705555,0.3258590273491328,1.1042480515385964,1.9201502820431666
3,MJ1,calibrated,2019-09-18,2020-06-30,287,1,5,"0,1,2,3,4",0.18321149396116104,0.14917262968946765,0.14917262968946765,0.10655297947450441,5,5,all_positive,all_positive,False,False,0.14865945037687994,0.017220008191172656,0.12197496107129563,0.16205508302464056,0.11387507500750274,0.012054426833682018,0.09695596837658914,0.12499381622504391,0.18859102579888226,0.09398978098406381,0.1154753475292627,0.3342395805300672,0.23662219239175294,0.08080856963355605,0.16208612474524797,0.3500418369078686,-0.10143549141429478,0.02971829708410672,-0.12441156933909746,-0.05411650332192361,0.04773713827517286,0.029718297084106723,0.024761060350370186,0.09505612636754403,0.01712847796875546,0.01912701542636749,0.006503288504661703,0.05115606842879418,0.16075081197381155,0.17950709140840243,0.06103338017138962,0.4800998402962031,0.08932477583404433,0.29099982697867244,-0.2704388564471518,0.39000951407898815,0.6982578397212544,0.005284233758920924,0.6933797909407665,0.7073170731707317,0.3690714272133688,0.08141673479135796,0.24437345245073486,0.4425143452109258,0.03695663733448078,0.005027096221146553,0.029174077731274173,0.04172308947419174,0.5393237449969096,0.09433553424715717,0.3904424900552794,0.6267236031005327
3,MJ1,raw,2019-09-18,2020-06-30,287,1,5,"0,1,2,3,4",0.18321149396116104,0.14917262968946765,0.14917262968946765,0.10655297947450441,5,5,all_positive,all_positive,False,False,0.14865945037687994,0.017220008191172656,0.12197496107129563,0.16205508302464056,0.11387507500750274,0.012054426833682018,0.09695596837658914,0.12499381622504391,0.18859102579888226,0.09398978098406381,0.1154753475292627,0.3342395805300672,0.23662219239175294,0.08080856963355605,0.16208612474524797,0.3500418369078686,-0.10143549141429478,0.02971829708410672,-0.12441156933909746,-0.05411650332192361,0.04773713827517286,0.029718297084106723,0.024761060350370186,0.09505612636754403,0.01712847796875546,0.01912701542636749,0.006503288504661703,0.05115606842879418,0.16075081197381155,0.17950709140840243,0.06103338017138962,0.4800998402962031,0.08932477583404433,0.29099982697867244,-0.2704388564471518,0.39000951407898815,0.689198606271777,0.014238896684113232,0.6689895470383276,0.7073170731707317,0.3480222238350349,0.062325963704869945,0.24437345245073486,0.4010007764344171,0.03735514859962176,0.005405917837262027,0.029174077731274173,0.04276724590667794,0.5512790829511391,0.10621480718180576,0.3904424900552794,0.6580482960751187
3,MJ3,calibrated,2019-09-18,2020-06-30,287,1,5,"0,1,2,3,4",0.2228104696269016,0.18201727868135892,0.18201727868135892,0.12873211584336292,5,5,all_positive,all_positive,False,False,0.18780951215160038,0.014215475331522476,0.16396374601005753,0.20106060886242372,0.1422232527429123,0.00926141284241013,0.12642163407021484,0.15034835017953388,0.1570884776371177,0.06380075117352627,0.09761597289794433,0.2641111242006873,0.21862773812869926,0.050882053118831885,0.17398858356334923,0.30544157683222106,-0.13419563074127286,0.025456067315755324,-0.14926640851889184,-0.08892101466943952,0.04782164794008607,0.025456067315755327,0.032750870162467104,0.09309626401191941,0.015487537729572764,0.0030167292377254965,0.010853076897038638,0.018879796913317815,0.12030826672978405,0.023434161848129298,0.08430745370676818,0.14665957123154988,-0.0688143659481731,0.542892949324333,-0.5556042917994874,0.6223473913973244,0.716376306620209,0.09181035906470222,0.6202090592334495,0.8153310104529616,0.48923575348597703,0.10547865953263749,0.3085601921470951,0.5706571298007589,0.045281892145407135,0.0033308946559299623,0.040012313373437074,0.04863932970849189,0.6473405006476526,0.06614108748050405,0.568261230852038,0.7266696106855508
3,MJ3,raw,2019-09-18,2020-06-30,287,1,5,"0,1,2,3,4",0.2228104696269016,0.18201727868135892,0.18201727868135892,0.12873211584336292,5,5,all_positive,all_positive,False,False,0.18780951215160038,0.014215475331522476,0.16396374601005753,0.20106060886242372,0.1422232527429123,0.00926141284241013,0.12642163407021484,0.15034835017953388,0.1570884776371177,0.06380075117352627,0.09761597289794433,0.2641111242006873,0.21862773812869926,0.050882053118831885,0.17398858356334923,0.30544157683222106,-0.13419563074127286,0.025456067315755324,-0.14926640851889184,-0.08892101466943952,0.04782164794008607,0.025456067315755327,0.032750870162467104,0.09309626401191941,0.015487537729572764,0.0030167292377254965,0.010853076897038638,0.018879796913317815,0.12030826672978405,0.023434161848129298,0.08430745370676818,0.14665957123154988,-0.0688143659481731,0.542892949324333,-0.5556042917994874,0.6223473913973244,0.716376306620209,0.09181035906470222,0.6202090592334495,0.8153310104529616,0.48923575348597703,0.10547865953263749,0.3085601921470951,0.5706571298007589,0.045281892145407135,0.0033308946559299623,0.040012313373437074,0.04863932970849189,0.6473405006476526,0.06614108748050405,0.568261230852038,0.7266696106855508
3,MJ9,calibrated,2019-09-18,2020-06-30,287,1,5,"0,1,2,3,4",0.12459354735642256,0.09359062717770046,0.08613425087108013,0.09018192769378008,5,5,all_positive,all_positive,False,False,0.11099518717191667,0.008158743151041441,0.0978851072089908,0.11899411781636067,0.0878781745420834,0.003873451401150879,0.0811332847890787,0.09028519716762251,0.10914176916084825,0.06548287069555754,0.04494156927761028,0.21436455349511319,0.061036588896565734,0.04138717217693561,0.03531795981879604,0.1331045935291042,-0.06434337988964314,0.014551491768113585,-0.077441857376959,-0.04014973301676338,0.021790870981436977,0.014551491768113585,0.00869239349412113,0.045984517854316745,0.009331747800385617,0.011492506360770658,0.0027148570556676166,0.02973953215115954,0.10347691648455673,0.12743691174793223,0.030104225149035733,0.32977263750828756,0.08327673675530615,0.10829118282116343,-0.013625091691362765,0.21052387064985095,0.4996515679442509,0.06581585479089946,0.3832752613240418,0.5435540069686411,0.18221637193471635,0.04416217307721751,0.10936054691362045,0.21926101520763616,0.0304571249184587,0.0014558498831612502,0.028341467689921268,0.03209251121841152,0.474322874843344,0.027883031859930955,0.4445776067522445,0.5120091916637698
3,MJ9,raw,2019-09-18,2020-06-30,287,1,5,"0,1,2,3,4",0.12459354735642256,0.09359062717770046,0.08613425087108013,0.09018192769378008,5,5,all_positive,all_positive,False,False,0.11099518717191667,0.008158743151041441,0.0978851072089908,0.11899411781636067,0.0878781745420834,0.003873451401150879,0.0811332847890787,0.09028519716762251,0.10914176916084825,0.06548287069555754,0.04494156927761028,0.21436455349511319,0.061036588896565734,0.04138717217693561,0.03531795981879604,0.1331045935291042,-0.06434337988964314,0.014551491768113585,-0.077441857376959,-0.04014973301676338,0.021790870981436977,0.014551491768113585,0.00869239349412113,0.045984517854316745,0.009331747800385617,0.011492506360770658,0.0027148570556676166,0.02973953215115954,0.10347691648455673,0.12743691174793223,0.030104225149035733,0.32977263750828756,0.08327673675530615,0.10829118282116343,-0.013625091691362765,0.21052387064985095,0.47595818815331015,0.05253126040344083,0.3832752613240418,0.5121951219512195,0.15307427951261343,0.026485531420285813,0.10936054691362045,0.17572785777297123,0.03184305907996839,0.002294815937492083,0.028341467689921268,0.03445778369051912,0.5159008996886347,0.052277219776714415,0.4445776067522445,0.5829673658269975
3,overall,calibrated,2019-09-18,2020-06-30,287,8,5,"0,1,2,3,4",0.34026141030996043,0.18053259739707228,0.1747658904206574,0.2920134418124893,5,4,all_positive,mixed,False,False,0.30879271161262445,0.016194429886187894,0.2869232591969842,0.32269382387191137,0.16845981196847185,0.027326099612588865,0.15001697438082748,0.2164060190811823,0.09248388957381222,0.047594083241574776,0.051629676201147556,0.15675639228200444,0.06687316087325208,0.151363798043001,-0.19870883265036188,0.16903109718810083,-0.07472908308685941,0.05270545739390429,-0.11809421495728366,0.016497650795365682,0.10003680733379801,0.052705457393904295,0.056671675463373754,0.1912635412160231,0.06790167593748908,0.03147445629486503,0.03533749720815738,0.11967167650736221,0.23252928192631223,0.10778427218797598,0.12101325537900637,0.4098156432956502,0.0746790936871752,0.27585500649098804,-0.20412505755653357,0.40557426339507585,0.8110627177700348,0.017791691899509923,0.7848432055749129,0.8270905923344948,0.9764280169194997,0.19360413945588983,0.6478293678346333,1.1329685865711305,0.06970944683952315,0.006992669274136353,0.058098981046102005,0.0768562091201,1.2489843453433358,0.1968628116760916,0.9227874680012287,1.4121187969772089
3,overall,raw,2019-09-18,2020-06-30,287,8,5,"0,1,2,3,4",0.34026141030996043,0.18053259739707228,0.1747658904206574,0.2920134418124893,5,4,all_positive,mixed,False,False,0.30879271161262445,0.016194429886187894,0.2869232591969842,0.32269382387191137,0.16845981196847185,0.027326099612588865,0.15001697438082748,0.2164060190811823,0.09248388957381222,0.047594083241574776,0.051629676201147556,0.15675639228200444,0.06687316087325208,0.151363798043001,-0.19870883265036188,0.16903109718810083,-0.07472908308685941,0.05270545739390429,-0.11809421495728366,0.016497650795365682,0.10003680733379801,0.052705457393904295,0.056671675463373754,0.1912635412160231,0.06790167593748908,0.03147445629486503,0.03533749720815738,0.11967167650736221,0.23252928192631223,0.10778427218797598,0.12101325537900637,0.4098156432956502,0.0746790936871752,0.27585500649098804,-0.20412505755653357,0.40557426339507585,0.8069686411149826,0.01715663043338352,0.7848432055749129,0.8236062717770035,0.9701541049444451,0.18943200086108467,0.6478293678346333,1.1227911596327609,0.06993250251785449,0.007108440148425146,0.058098981046102005,0.07707764282394448,1.2556760156932758,0.2011581394781377,0.9227874680012287,1.421691543757861
