task,fold,feature,feature_group,mean_abs_shap,normalized_share,rank,direction_spearman
regression,1,disp_rate_lag1,displacement_kinematics,0.3087212978650469,0.6377285543216243,1.0,0.9731928576541865
regression,1,disp_rate_lag2,displacement_kinematics,0.09345449345961825,0.1930498459970673,2.0,0.9654710833792469
regression,1,disp_rate_lag3,displacement_kinematics,0.03467000357046924,0.0716181598361445,3.0,0.9760191115011034
regression,1,disp_rate_lag4,displacement_kinematics,0.01754613655068964,0.03624522303379445,4.0,0.9739269758775031
regression,1,disp_rate_lag5,displacement_kinematics,0.012401470678803228,0.025617837260169862,5.0,0.696760164887722
regression,1,disp_accel_lag1,displacement_kinematics,0.007713107633004697,0.015933040623175226,6.0,0.9793197811011948
regression,1,disp_accel_lag2,displacement_kinematics,0.0017160167656832925,0.0035447923377455366,7.0,0.862557116346218
regression,1,disp_accel_lag3,displacement_kinematics,0.0007976348175222754,0.0016476819143117012,8.0,0.6643577173213033
regression,1,disp_accel_lag5,displacement_kinematics,0.0007478389912379402,0.0015448181970133836,9.0,0.3332802086110924
regression,1,disp_lag4,displacement_kinematics,0.00047370764682406856,0.0009785424422265457,10.0,-0.29578112529042844
regression,1,station_MJ9,station_identity,0.00031869076867228023,0.0006583225860557996,11.0,
regression,1,GWT_lag3,raw_environment,0.00031670112456738344,0.0006542125590916572,12.0,0.5515136855505118
regression,1,disp_accel_lag4,displacement_kinematics,0.0002714871194783091,0.0005608135539049453,13.0,0.31149577636592535
regression,1,disp_lag3,displacement_kinematics,0.0002484446802628602,0.0005132145655924003,14.0,-0.05808839486748232
regression,1,GWT_rate_lag5,environmental_rates,0.00024024073136589739,0.0004962675894492912,15.0,0.48325520421159796
regression,1,GWT_rate_lag1,environmental_rates,0.00023766002416106152,0.0004909365977546826,16.0,0.714619192296684
regression,1,maxT_lag4,raw_environment,0.00023725134352947118,0.0004900923822432627,17.0,-0.6960101060029823
regression,1,station_MJ1,station_identity,0.00023038182340131633,0.0004759019484425907,18.0,
regression,1,disp_lag5,displacement_kinematics,0.00020579206153729417,0.0004251066408525363,19.0,-0.3439339581694382
regression,1,RWL_lag4,raw_environment,0.00019792610088601456,0.0004088578502793503,20.0,0.4061949188668237
regression,1,minT_lag2,raw_environment,0.00018265589313951012,0.0003773140352665419,21.0,-0.3612580471148271
regression,1,GWT_rate_lag3,environmental_rates,0.000171648866700815,0.00035457671488511037,22.0,0.7789434271787843
regression,1,aveT_lag1,raw_environment,0.0001476443445612481,0.00030499034262277536,23.0,-0.7841323652828703
regression,1,disp_lag2,displacement_kinematics,0.00014502769403153175,0.00029958510245625344,24.0,-0.7136046198173385
regression,1,Rain_cum30_lag4,cumulative_rainfall,0.00013870397284965647,0.0002865221307884768,25.0,-0.18837838315777883
regression,1,GWT_rate_lag4,environmental_rates,0.0001254013956884973,0.0002590428692007443,26.0,0.48687573966705777
regression,1,GWT_lag5,raw_environment,0.00011260758955729076,0.00023261458082301126,27.0,-0.4529572657202984
regression,1,RWL_rate_lag1,environmental_rates,0.0001122661875402795,0.00023190934339282186,28.0,0.008520382731056772
regression,1,GWT_lag1,raw_environment,0.00011018320247488309,0.00022760650110880987,29.0,-0.34457669263563356
regression,1,Rainfall_lag1,raw_environment,0.00010955636789566443,0.00022631164288954098,30.0,-0.849018450128212
regression,1,Rain_cum30_lag3,cumulative_rainfall,0.00010752055005662304,0.0002221062343986711,31.0,0.7220045267093327
regression,1,RH_lag2,raw_environment,9.466153751077132e-05,0.00019554324850304167,32.0,-0.35297244897939944
regression,1,Rain_cum30_lag1,cumulative_rainfall,9.212830369453314e-05,0.00019031032304386448,33.0,-0.7043372988723183
regression,1,RH_lag3,raw_environment,8.523236620053731e-05,0.0001760653186364891,34.0,-0.5313428502356252
regression,1,disp_lag1,displacement_kinematics,8.398325731793928e-05,0.00017348502240361382,35.0,0.28675602908065
regression,1,Rain_cum15_lag1,cumulative_rainfall,8.17334046967769e-05,0.00016883748020470212,36.0,-0.6926462707284955
regression,1,Rain_cum30_lag5,cumulative_rainfall,6.764853921777872e-05,0.0001397422381146583,37.0,-0.16787267043880055
regression,1,maxT_lag2,raw_environment,6.677549049752616e-05,0.0001379387729761359,38.0,0.1756964021490185
regression,1,GWT_lag2,raw_environment,5.989171877461724e-05,0.00012371889951910667,39.0,-0.4149794034054673
regression,1,RWL_lag3,raw_environment,5.9193338502841365e-05,0.0001222762486745865,40.0,0.3762135927388059
regression,1,GWT_lag4,raw_environment,5.7616751678985195e-05,0.00011901947810872867,41.0,0.2420487456539863
regression,1,aveT_lag5,raw_environment,5.259679350863857e-05,0.00010864970223362978,42.0,-0.018619039947986835
regression,1,RH_lag1,raw_environment,5.175303650841726e-05,0.0001069067452829075,43.0,0.8041896429018363
regression,1,Rain_cum7_lag4,cumulative_rainfall,5.1409116010704246e-05,0.00010619630540290943,44.0,-0.15139587791137896
regression,1,Rain_cum15_lag2,cumulative_rainfall,5.074367042978438e-05,0.00010482168806606069,45.0,-0.6554906996265369
regression,1,maxT_lag1,raw_environment,4.895893642492676e-05,0.00010113494586642134,46.0,-0.5621143952129231
regression,1,GWT_rate_lag2,environmental_rates,4.5498600540044766e-05,9.398689674705776e-05,47.0,0.5485668964179434
regression,1,minT_lag5,raw_environment,4.425044714905557e-05,9.140857428238891e-05,48.0,0.3242235896483031
regression,1,Rain_cum30_lag2,cumulative_rainfall,4.344265241186827e-05,8.973990492430574e-05,49.0,0.29160684910029466
regression,1,Rain_cum7_lag2,cumulative_rainfall,4.067078187758699e-05,8.401402530142778e-05,50.0,-0.2977025483549829
regression,1,RH_lag5,raw_environment,3.896123277624979e-05,8.048259328012881e-05,51.0,-0.1698345232175102
regression,1,DP_lag2,raw_environment,3.7778344515884594e-05,7.803908962351852e-05,52.0,-0.07097906306921327
regression,1,RH_lag4,raw_environment,3.6863998828844744e-05,7.615031694350396e-05,53.0,0.29578907015340145
regression,1,Rain_cum15_lag3,cumulative_rainfall,3.515284880324321e-05,7.261557787755426e-05,54.0,-0.4618805902950437
regression,1,RWL_rate_lag4,environmental_rates,3.475712730536549e-05,7.179813217328715e-05,55.0,0.45282133384529527
regression,1,RWL_rate_lag5,environmental_rates,3.4195234266854674e-05,7.063742431927467e-05,56.0,-0.33770061944436947
regression,1,Rain_cum7_lag3,cumulative_rainfall,3.414552639404847e-05,7.053474228832208e-05,57.0,0.4481315279853708
regression,1,DP_lag5,raw_environment,3.3396042504468495e-05,6.89865262089827e-05,58.0,0.0027940346986629343
regression,1,station_ATU1,station_identity,3.124288174187017e-05,6.453872131230167e-05,59.0,
regression,1,aveT_lag2,raw_environment,3.0358656949467993e-05,6.271216965404687e-05,60.0,-0.32248773831775635
regression,1,RWL_rate_lag3,environmental_rates,2.966240877976049e-05,6.127392311327618e-05,61.0,-0.12540554751547991
regression,1,maxT_lag3,raw_environment,2.9636974174173813e-05,6.122138260388242e-05,62.0,0.2567900246351581
regression,1,Rain_cum15_lag5,cumulative_rainfall,2.663536730781565e-05,5.502093443019917e-05,63.0,-0.11061660853627492
regression,1,RWL_lag5,raw_environment,2.4081655898371747e-05,4.9745708209780756e-05,64.0,-0.263820119081496
regression,1,DP_lag3,raw_environment,2.080362819651229e-05,4.297425485755075e-05,65.0,0.4879983183714486
regression,1,aveT_lag4,raw_environment,2.0609042935436702e-05,4.2572298212200436e-05,66.0,-0.23568179989442428
regression,1,Rainfall_lag2,raw_environment,2.053044440525964e-05,4.2409936472442744e-05,67.0,0.4139458345689646
regression,1,Rainfall_lag4,raw_environment,1.917775137864753e-05,3.9615665476991756e-05,68.0,0.2597124841938618
regression,1,RWL_rate_lag2,environmental_rates,1.8097306399895862e-05,3.73837798925234e-05,69.0,0.3153357645046258
regression,1,Rainfall_lag3,raw_environment,1.522364967284002e-05,3.1447639552238126e-05,70.0,0.6346692146644181
regression,1,Rain_cum15_lag4,cumulative_rainfall,1.469521680996265e-05,3.0356050704855993e-05,71.0,-0.4701767487840006
regression,1,DP_lag4,raw_environment,1.3924196007471409e-05,2.8763345617370974e-05,72.0,-0.6320159056227169
regression,1,Rain_cum7_lag5,cumulative_rainfall,1.3584077561295613e-05,2.8060759671801958e-05,73.0,-0.6955171318626188
regression,1,minT_lag4,raw_environment,1.316100863055238e-05,2.7186822112433387e-05,74.0,0.01230946553172843
regression,1,Rainfall_lag5,raw_environment,1.259971701707725e-05,2.6027356627901703e-05,75.0,0.06605766349362721
regression,1,DP_lag1,raw_environment,1.0887906303246343e-05,2.2491252771921994e-05,76.0,0.548325265777106
regression,1,maxT_lag5,raw_environment,1.0871732318120698e-05,2.2457842015284447e-05,77.0,-0.10759005674009911
regression,1,aveT_lag3,raw_environment,8.15941501468616e-06,1.685498207415736e-05,78.0,0.052004643079394605
regression,1,minT_lag3,raw_environment,7.381647715669247e-06,1.5248340683910575e-05,79.0,-0.12132252450774705
regression,1,station_ATU3,station_identity,6.15734204049342e-06,1.2719280675167852e-05,80.0,
regression,1,station_ATU5,station_identity,5.9138257433663756e-06,1.221624671802094e-05,81.0,
regression,1,RWL_lag1,raw_environment,5.8336075795611805e-06,1.2050539285499764e-05,82.0,-0.23068390980777417
regression,1,RWL_lag2,raw_environment,5.377347548001574e-06,1.1108038549938462e-05,83.0,-0.5742512018213952
regression,1,Rain_cum7_lag1,cumulative_rainfall,3.4576022543275037e-06,7.142402232434763e-06,84.0,0.30911899378535485
regression,1,station_ATU2,station_identity,3.3795612240247013e-06,6.981192125529434e-06,85.0,
regression,1,minT_lag1,raw_environment,7.635044895410681e-07,1.5771785675309653e-06,86.0,0.18709746452131307
regression,1,station_ATU4,station_identity,0.0,0.0,87.5,
regression,1,station_MJ3,station_identity,0.0,0.0,87.5,
classification,1,disp_rate_lag5,displacement_kinematics,0.31359724896030916,0.4282800844661789,1.0,0.7847139567951102
classification,1,disp_accel_lag1,displacement_kinematics,0.15594293345050916,0.2129714241164813,2.0,-0.8224631031632486
classification,1,disp_accel_lag2,displacement_kinematics,0.03169035144252809,0.04327954546019192,3.0,-0.8179576300747549
classification,1,disp_rate_lag4,displacement_kinematics,0.023844029412643238,0.03256381541839796,4.0,0.7631474653347444
classification,1,Rain_cum15_lag5,cumulative_rainfall,0.02049485421489852,0.02798984341661014,5.0,0.43187835570505656
classification,1,disp_rate_lag3,displacement_kinematics,0.01642391165003212,0.022430152981447512,6.0,0.7726834214413557
classification,1,Rain_cum30_lag1,cumulative_rainfall,0.015903007872829184,0.021718754158789277,7.0,0.30847248021841056
classification,1,disp_rate_lag1,displacement_kinematics,0.015315025865694103,0.020915746528731023,8.0,0.7418216683363084
classification,1,disp_lag4,displacement_kinematics,0.013452045681079439,0.01837147258031201,9.0,-0.711686986140887
classification,1,disp_accel_lag3,displacement_kinematics,0.011126977545796349,0.015196124643842405,10.0,-0.8164491235711329
classification,1,disp_lag2,displacement_kinematics,0.009379729104439731,0.012809905655861669,11.0,-0.6640601687328758
classification,1,disp_lag1,displacement_kinematics,0.009306095554525705,0.012709344241240603,12.0,-0.5619201502861949
classification,1,Rain_cum15_lag4,cumulative_rainfall,0.008357965941976292,0.011414482657174404,13.0,0.5368341951266089
classification,1,disp_lag3,displacement_kinematics,0.008121437876570008,0.01109145603571432,14.0,-0.5836899465588803
classification,1,disp_accel_lag5,displacement_kinematics,0.007781938589732928,0.010627801511560012,15.0,-0.4993514827738961
classification,1,disp_lag5,displacement_kinematics,0.0070713917064147746,0.009657406904421113,16.0,-0.6379669316116431
classification,1,Rain_cum30_lag4,cumulative_rainfall,0.006162594844696491,0.008416262098496599,17.0,0.3496196360642407
classification,1,disp_rate_lag2,displacement_kinematics,0.00614206131531105,0.008388219436359921,18.0,0.5144236781059769
classification,1,RWL_lag4,raw_environment,0.005715325376817273,0.007805425727586026,19.0,0.42262752515775026
classification,1,GWT_lag3,raw_environment,0.004478468726321369,0.006116249331737012,20.0,0.29865788823669914
classification,1,GWT_rate_lag1,environmental_rates,0.0038712545586335116,0.005286976320291269,21.0,0.6803989896351132
classification,1,Rain_cum30_lag2,cumulative_rainfall,0.0036668183377334147,0.0050077775637801065,22.0,0.38753526791334625
classification,1,Rain_cum30_lag5,cumulative_rainfall,0.0033619705829495347,0.004591446672482365,23.0,0.43244323010699565
classification,1,Rain_cum15_lag2,cumulative_rainfall,0.0033533778613958087,0.004579711583845507,24.0,0.4929771607711737
classification,1,GWT_lag5,raw_environment,0.0033174541202748175,0.004530650493760541,25.0,0.383598418938152
classification,1,GWT_lag2,raw_environment,0.0030698602491887835,0.0041925112901368,26.0,0.2527049781835899
classification,1,GWT_lag4,raw_environment,0.0029360315954949355,0.004009741360559866,27.0,0.2650725635243823
classification,1,GWT_lag1,raw_environment,0.002653662324352626,0.0036241093574207444,28.0,0.24586300617152815
classification,1,minT_lag1,raw_environment,0.0019007676114156935,0.002595880275948221,29.0,0.33021545184060824
classification,1,Rain_cum15_lag3,cumulative_rainfall,0.0018875613549221854,0.002577844477913406,30.0,0.4608962220277857
classification,1,Rain_cum15_lag1,cumulative_rainfall,0.0014103113670164787,0.00192606368006078,31.0,0.5460693225829889
classification,1,aveT_lag5,raw_environment,0.0011691086266786852,0.0015966528502533456,32.0,0.10513087258110211
classification,1,GWT_rate_lag2,environmental_rates,0.000941174363051174,0.001285362792694575,33.0,0.6959767597988461
classification,1,minT_lag3,raw_environment,0.0009185634630487129,0.0012544830633761078,34.0,0.385591987493601
classification,1,disp_accel_lag4,displacement_kinematics,0.0008562156374199466,0.0011693345739837461,35.0,-0.6877012845799708
classification,1,GWT_rate_lag3,environmental_rates,0.0007556823003436888,0.001032036092452309,36.0,0.7033252242430916
classification,1,maxT_lag5,raw_environment,0.0007197827000607537,0.00098300797153463,37.0,0.024223778133771492
classification,1,DP_lag4,raw_environment,0.0006982582902017678,0.0009536120629191885,38.0,0.3791103387323846
classification,1,aveT_lag1,raw_environment,0.0006010721031938395,0.0008208847876682201,39.0,0.11965716238686469
classification,1,aveT_lag4,raw_environment,0.0005709666424322672,0.0007797697290361488,40.0,0.07949787254929015
classification,1,minT_lag5,raw_environment,0.0004887724619472048,0.0006675170524661886,41.0,0.12430248709149318
classification,1,minT_lag2,raw_environment,0.000426636082181865,0.0005826573349063241,42.0,0.3300754342293837
classification,1,Rain_cum30_lag3,cumulative_rainfall,0.0003455625421068719,0.0004719351180934948,43.0,0.32167248411081933
classification,1,RWL_lag1,raw_environment,0.0002454249830135605,0.00033517715095919635,44.0,-0.2239373915451693
classification,1,aveT_lag3,raw_environment,0.00021922463181815144,0.0002993953044659142,45.0,0.16966864288356526
classification,1,aveT_lag2,raw_environment,0.00020169904824104913,0.00027546059700401794,46.0,0.3719731809097206
classification,1,RH_lag2,raw_environment,0.00018614581848268462,0.00025421953517481383,47.0,0.11816425916784382
classification,1,RWL_rate_lag1,environmental_rates,0.0001435162068880322,0.0001960002309078019,48.0,-0.7318150318553833
classification,1,maxT_lag2,raw_environment,0.00012942749677825473,0.0001767592650643844,49.0,0.16740069995639112
classification,1,RH_lag1,raw_environment,0.00012753266391980268,0.0001741714898866441,50.0,-0.03043110107997165
classification,1,RWL_rate_lag5,environmental_rates,0.0001235245377580947,0.00016869758787768654,51.0,-0.7240481267504499
classification,1,Rainfall_lag3,raw_environment,0.00011435320478717023,0.00015617228903505505,52.0,-0.7548620200115898
classification,1,DP_lag1,raw_environment,0.00010957882137758822,0.0001496519087169595,53.0,0.6426891341788723
classification,1,maxT_lag4,raw_environment,0.00010636428351069672,0.00014526181105597438,54.0,-0.008131663902462744
classification,1,DP_lag5,raw_environment,0.00010022713564718909,0.00013688030192578063,55.0,0.23584477726473957
classification,1,minT_lag4,raw_environment,6.848287039494507e-05,9.35271263203767e-05,56.0,0.006578842110239395
classification,1,RWL_lag3,raw_environment,5.466739774158592e-05,7.465932115136604e-05,57.0,0.6053948844626238
classification,1,maxT_lag1,raw_environment,5.0585592118425517e-05,6.908479502635237e-05,58.0,0.06795919552770109
classification,1,Rain_cum7_lag2,cumulative_rainfall,4.991037223725032e-06,6.816264654226424e-06,59.0,-0.5131818761903506
classification,1,DP_lag3,raw_environment,4.639567216755295e-06,6.336261705312229e-06,60.0,0.5865936837025937
classification,1,Rainfall_lag2,raw_environment,4.617118949518013e-06,6.30560408372793e-06,61.0,-0.6819673552811633
classification,1,GWT_rate_lag4,environmental_rates,1.054576668884799e-06,1.4402364380537263e-06,62.0,0.7644572111633048
classification,1,RWL_rate_lag3,environmental_rates,1.8075464806395366e-07,2.468568082058732e-07,63.0,0.79472317505873
classification,1,RWL_lag5,raw_environment,9.795701772561393e-08,1.3377999955251763e-07,64.0,0.2103909960821918
classification,1,Rain_cum7_lag1,cumulative_rainfall,3.073367297088458e-08,4.1973008690494956e-08,65.0,-0.45377617659498787
classification,1,GWT_rate_lag5,environmental_rates,2.7341859489620856e-08,3.734080554118414e-08,66.0,0.7769174408618659
classification,1,Rainfall_lag1,raw_environment,1.5917263704407006e-08,2.1738223362592968e-08,67.0,-0.8269060486778383
classification,1,Rainfall_lag5,raw_environment,7.0173357107281714e-09,9.583582575683166e-09,68.0,-0.5547814236541959
classification,1,DP_lag2,raw_environment,5.688946816422164e-09,7.76940050060598e-09,69.0,-0.5300950790906581
classification,1,RWL_rate_lag4,environmental_rates,0.0,0.0,79.0,
classification,1,station_ATU3,station_identity,0.0,0.0,79.0,
classification,1,station_ATU2,station_identity,0.0,0.0,79.0,
classification,1,station_ATU1,station_identity,0.0,0.0,79.0,
classification,1,station_MJ3,station_identity,0.0,0.0,79.0,
classification,1,station_MJ1,station_identity,0.0,0.0,79.0,
classification,1,station_MJ9,station_identity,0.0,0.0,79.0,
classification,1,Rain_cum7_lag5,cumulative_rainfall,0.0,0.0,79.0,
classification,1,RWL_lag2,raw_environment,0.0,0.0,79.0,
classification,1,RH_lag5,raw_environment,0.0,0.0,79.0,
classification,1,RWL_rate_lag2,environmental_rates,0.0,0.0,79.0,
classification,1,maxT_lag3,raw_environment,0.0,0.0,79.0,
classification,1,RH_lag3,raw_environment,0.0,0.0,79.0,
classification,1,station_ATU4,station_identity,0.0,0.0,79.0,
classification,1,Rain_cum7_lag3,cumulative_rainfall,0.0,0.0,79.0,
classification,1,Rainfall_lag4,raw_environment,0.0,0.0,79.0,
classification,1,RH_lag4,raw_environment,0.0,0.0,79.0,
classification,1,Rain_cum7_lag4,cumulative_rainfall,0.0,0.0,79.0,
classification,1,station_ATU5,station_identity,0.0,0.0,79.0,
regression,2,disp_rate_lag1,displacement_kinematics,0.2459905729207835,0.7706808122332255,1.0,0.9992222041844194
regression,2,disp_rate_lag2,displacement_kinematics,0.05160064205324682,0.1616632062650571,2.0,0.9392161076495783
regression,2,disp_rate_lag4,displacement_kinematics,0.004397641654153699,0.013777674492531294,3.0,0.3968533721257499
regression,2,disp_accel_lag5,displacement_kinematics,0.0030548946187247427,0.009570889803179031,4.0,0.5724786772666962
regression,2,disp_accel_lag1,displacement_kinematics,0.0030501723274112967,0.009556095011403736,5.0,0.9442274932428034
regression,2,disp_accel_lag4,displacement_kinematics,0.0015370966204898435,0.004815675893163352,6.0,0.6202864248147159
regression,2,disp_accel_lag2,displacement_kinematics,0.0013411122797148676,0.004201663050557015,7.0,0.9038197435287982
regression,2,disp_rate_lag5,displacement_kinematics,0.001000827409043376,0.003135561136951422,8.0,-0.9690929194283844
regression,2,disp_rate_lag3,displacement_kinematics,0.0007898580547969167,0.002474600713320313,9.0,0.2565622185253587
regression,2,GWT_lag5,raw_environment,0.0006617753025652986,0.002073321435212699,10.0,0.6590849594285504
regression,2,disp_accel_lag3,displacement_kinematics,0.000636681110509115,0.0019947021121769983,11.0,0.7656385112890575
regression,2,disp_lag4,displacement_kinematics,0.0003425933682695837,0.0010733343647634217,12.0,0.09188093600880778
regression,2,RWL_lag5,raw_environment,0.00030593849781154677,0.0009584957959455806,13.0,-0.34110876526719236
regression,2,Rain_cum30_lag3,cumulative_rainfall,0.0002598653585868029,0.0008141500840824896,14.0,0.5171173910364821
regression,2,GWT_lag3,raw_environment,0.00021925854904110369,0.0006869302130471988,15.0,0.6261299426173289
regression,2,Rain_cum30_lag5,cumulative_rainfall,0.00021810155617321843,0.0006833053903859784,16.0,-0.5176206993927378
regression,2,disp_lag5,displacement_kinematics,0.00020993139301796017,0.0006577085233930302,17.0,0.02173422800202743
regression,2,station_ATU3,station_identity,0.00020249303609579824,0.0006344043825619974,18.0,
regression,2,station_ATU4,station_identity,0.00019939903112672048,0.0006247109612478791,19.0,
regression,2,Rain_cum30_lag2,cumulative_rainfall,0.00018692104397426137,0.0005856178156874199,20.0,0.5639876287108019
regression,2,aveT_lag4,raw_environment,0.00017614420051628436,0.0005518543003994634,21.0,-0.37554410082691675
regression,2,DP_lag4,raw_environment,0.0001755230799303706,0.0005499083489267582,22.0,-0.2751841478725265
regression,2,DP_lag1,raw_environment,0.0001677722499450887,0.0005256252397099578,23.0,0.3774788256907013
regression,2,RWL_lag4,raw_environment,0.00016285793310083543,0.0005102288379205275,24.0,-0.795338885705596
regression,2,disp_lag3,displacement_kinematics,0.0001490638128268693,0.00046701228823507886,25.0,0.16738486845449535
regression,2,Rain_cum15_lag5,cumulative_rainfall,0.00013722133805735374,0.0004299101831996927,26.0,0.6901758120303445
regression,2,Rain_cum7_lag3,cumulative_rainfall,0.00011742692932845292,0.0003678949164529529,27.0,0.7925051169057142
regression,2,RWL_lag1,raw_environment,0.00011294270900076175,0.0003538459936696775,28.0,0.5084037619416746
regression,2,GWT_lag2,raw_environment,0.00010866361262961773,0.00034043971786089063,29.0,0.5926900577267934
regression,2,DP_lag3,raw_environment,0.00010854062394409564,0.00034005439813530837,30.0,0.4718529055840871
regression,2,GWT_lag4,raw_environment,0.00010124005689422844,0.0003171819486875539,31.0,0.6032248504824611
regression,2,GWT_rate_lag3,environmental_rates,9.740750665402735e-05,0.0003051746880150321,32.0,-0.8057213166135595
regression,2,GWT_rate_lag4,environmental_rates,9.529460161968377e-05,0.0002985550222745732,33.0,-0.555806458140082
regression,2,Rain_cum15_lag4,cumulative_rainfall,8.348214476711351e-05,0.000261546962439124,34.0,0.6104593480632663
regression,2,Rain_cum15_lag2,cumulative_rainfall,7.740182324208076e-05,0.00024249750425903174,35.0,0.38924076403889196
regression,2,station_ATU1,station_identity,7.736333167405341e-05,0.0002423769113738686,36.0,
regression,2,GWT_lag1,raw_environment,6.859370855926736e-05,0.00021490195497682384,37.0,0.5237437710841925
regression,2,Rain_cum15_lag1,cumulative_rainfall,6.306715520746832e-05,0.00019758743525583302,38.0,0.4793052301450853
regression,2,GWT_rate_lag2,environmental_rates,6.153239995988252e-05,0.00019277909481113832,39.0,-0.6680725621579637
regression,2,minT_lag3,raw_environment,5.5334129360620905e-05,0.00017336010585086394,40.0,-0.262076097148128
regression,2,minT_lag4,raw_environment,5.2290525793842014e-05,0.00016382459056216842,41.0,-0.6535266863993945
regression,2,minT_lag1,raw_environment,5.147809287534864e-05,0.00016127926350318752,42.0,-0.3727591994675427
regression,2,Rain_cum30_lag4,cumulative_rainfall,5.135995609108666e-05,0.0001609091446333113,43.0,0.07883903986218646
regression,2,disp_lag2,displacement_kinematics,5.0970207644480645e-05,0.00015968807487510683,44.0,-0.2898009120109368
regression,2,disp_lag1,displacement_kinematics,4.984233890181717e-05,0.0001561544971921593,45.0,-0.007213486652398825
regression,2,DP_lag2,raw_environment,4.673456211383726e-05,0.00014641792919785972,46.0,0.5028831486946185
regression,2,minT_lag2,raw_environment,4.297194217831452e-05,0.00013462975799437458,47.0,0.03924146450078969
regression,2,maxT_lag3,raw_environment,3.660421918608983e-05,0.00011467987995858388,48.0,-0.312509202290277
regression,2,maxT_lag1,raw_environment,3.528737963148159e-05,0.0001105542626006653,49.0,0.5302781256558068
regression,2,Rain_cum30_lag1,cumulative_rainfall,3.480643800272978e-05,0.00010904748743980346,50.0,0.7576733219615847
regression,2,RH_lag4,raw_environment,3.460615530799541e-05,0.00010842000798796344,51.0,0.7995307791275824
regression,2,maxT_lag4,raw_environment,2.856858256251936e-05,8.950448040431458e-05,52.0,-0.8433650564088196
regression,2,aveT_lag5,raw_environment,2.4875645943818865e-05,7.793462486459663e-05,53.0,-0.5747056084797663
regression,2,RWL_rate_lag5,environmental_rates,2.4869550161401677e-05,7.79155269679224e-05,54.0,-0.17823291362081065
regression,2,Rain_cum7_lag5,cumulative_rainfall,2.2136915930725683e-05,6.93542689350307e-05,55.0,0.5081649934006289
regression,2,RWL_rate_lag1,environmental_rates,2.2069381945725127e-05,6.914268706099548e-05,56.0,0.30088876207654536
regression,2,GWT_rate_lag1,environmental_rates,1.9289329989672314e-05,6.04328707696561e-05,57.0,-0.2822483822561516
regression,2,Rain_cum15_lag3,cumulative_rainfall,1.9003886209990992e-05,5.953858428802509e-05,58.0,0.7552538627638189
regression,2,Rain_cum7_lag4,cumulative_rainfall,1.7594666000408568e-05,5.512354121201989e-05,59.0,0.7275570719097862
regression,2,minT_lag5,raw_environment,1.746802714388511e-05,5.4726785614246574e-05,60.0,-0.32675410674623345
regression,2,aveT_lag3,raw_environment,1.1790540574825213e-05,3.693939681908585e-05,61.0,-0.40903512874312264
regression,2,Rainfall_lag5,raw_environment,1.1627056699927579e-05,3.6427206924988905e-05,62.0,0.11249390574534025
regression,2,maxT_lag2,raw_environment,1.1603313219023964e-05,3.635281933797379e-05,63.0,0.5183035088963739
regression,2,RWL_rate_lag4,environmental_rates,9.811307309952447e-06,3.0738520573871475e-05,64.0,0.7674297069897225
regression,2,aveT_lag1,raw_environment,9.774751464017904e-06,3.06239922458051e-05,65.0,0.7160481093080722
regression,2,RWL_rate_lag3,environmental_rates,9.36537064306762e-06,2.9341414869540075e-05,66.0,-0.11533343529457975
regression,2,DP_lag5,raw_environment,7.88708882019473e-06,2.4710003907591643e-05,67.0,0.5334714406702612
regression,2,RWL_rate_lag2,environmental_rates,7.603519783515719e-06,2.3821590937463918e-05,68.0,-0.7137660926100812
regression,2,RWL_lag2,raw_environment,6.7566941878914296e-06,2.116851269098258e-05,69.0,-0.4367738194866338
regression,2,RH_lag3,raw_environment,5.989304846257717e-06,1.876430575700449e-05,70.0,0.3463072492088796
regression,2,Rainfall_lag3,raw_environment,2.8796529590161905e-06,9.021863135052291e-06,71.0,-0.13799910293540488
regression,2,RH_lag5,raw_environment,2.3925199120822496e-06,7.495690453639847e-06,72.0,0.34630847381596225
regression,2,RH_lag1,raw_environment,1.2158176735880665e-06,3.80911894745701e-06,73.0,0.3463243948903388
regression,2,RWL_lag3,raw_environment,6.770907803402745e-07,2.1213043506196214e-06,74.0,-0.5723116992127678
regression,2,aveT_lag2,raw_environment,6.072790024319596e-07,1.9025862222661752e-06,75.0,-0.11830409635025542
regression,2,Rain_cum7_lag1,cumulative_rainfall,4.110050335225015e-07,1.2876659837247906e-06,76.0,-0.34792496401797096
regression,2,Rainfall_lag2,raw_environment,1.9157880411221329e-07,6.002104332974463e-07,77.0,0.22350079024651512
regression,2,Rainfall_lag1,raw_environment,0.0,0.0,83.0,
regression,2,station_ATU2,station_identity,0.0,0.0,83.0,
regression,2,station_MJ3,station_identity,0.0,0.0,83.0,
regression,2,station_MJ1,station_identity,0.0,0.0,83.0,
regression,2,GWT_rate_lag5,environmental_rates,0.0,0.0,83.0,
regression,2,Rainfall_lag4,raw_environment,0.0,0.0,83.0,
regression,2,maxT_lag5,raw_environment,0.0,0.0,83.0,
regression,2,RH_lag2,raw_environment,0.0,0.0,83.0,
regression,2,Rain_cum7_lag2,cumulative_rainfall,0.0,0.0,83.0,
regression,2,station_MJ9,station_identity,0.0,0.0,83.0,
regression,2,station_ATU5,station_identity,0.0,0.0,83.0,
classification,2,Rain_cum30_lag5,cumulative_rainfall,0.018153462881346956,0.2338723793073827,1.0,0.1864294409943273
classification,2,Rain_cum30_lag2,cumulative_rainfall,0.008597022280551281,0.1107560617416442,2.0,0.2853857501724413
classification,2,Rain_cum30_lag4,cumulative_rainfall,0.008585930060476253,0.11061315986569337,3.0,0.3411873534809564
classification,2,station_ATU1,station_identity,0.007686059860040814,0.09902006678922619,4.0,
classification,2,Rain_cum30_lag3,cumulative_rainfall,0.0055254418245259005,0.07118466788803192,5.0,0.5116165176820548
classification,2,disp_rate_lag5,displacement_kinematics,0.005046634370320754,0.06501615671873155,6.0,0.28883249570115954
classification,2,station_MJ9,station_identity,0.004988850947457255,0.06427172868987889,7.0,
classification,2,disp_lag2,displacement_kinematics,0.003371722378998021,0.04343814402212316,8.0,-0.6031824212604526
classification,2,disp_accel_lag5,displacement_kinematics,0.0025996620092200314,0.03349163426643083,9.0,-0.10818424425881379
classification,2,disp_rate_lag1,displacement_kinematics,0.0019891069018705848,0.025625808523574288,10.0,0.6125759953415146
classification,2,disp_lag1,displacement_kinematics,0.001171963996274385,0.015098497188264393,11.0,-0.5103743814198731
classification,2,disp_lag3,displacement_kinematics,0.0011687955095660654,0.015057677344132067,12.0,-0.5356365823015271
classification,2,Rain_cum30_lag1,cumulative_rainfall,0.0010639768056994376,0.013707290377775745,13.0,0.32982876137819134
classification,2,disp_accel_lag1,displacement_kinematics,0.0009697589608742545,0.012493475047527064,14.0,-0.10799056971250277
classification,2,disp_accel_lag4,displacement_kinematics,0.0008241143638467243,0.010617125137720429,15.0,0.07551557250696386
classification,2,GWT_lag3,raw_environment,0.0006617867794024816,0.008525847090698127,16.0,0.5253720875764408
classification,2,disp_lag4,displacement_kinematics,0.0006480116936913996,0.008348381662120081,17.0,-0.6298681040859481
classification,2,GWT_lag1,raw_environment,0.000619545356885533,0.007981647779859302,18.0,0.3180145016576371
classification,2,disp_rate_lag4,displacement_kinematics,0.0005630409552327717,0.007253697474055674,19.0,0.4061272637722475
classification,2,disp_lag5,displacement_kinematics,0.0005533856409183299,0.007129307359263891,20.0,-0.6900035054142553
classification,2,RWL_lag5,raw_environment,0.00047945011121062266,0.006176790566125734,21.0,0.32625202716256707
classification,2,GWT_lag4,raw_environment,0.00040340580720318924,0.005197106280695736,22.0,0.5089379164040518
classification,2,disp_rate_lag2,displacement_kinematics,0.0003042678029247276,0.003919904179260146,23.0,0.5739981292005255
classification,2,disp_accel_lag3,displacement_kinematics,0.0002838203327998898,0.0036564779382080243,24.0,-0.019901024728033668
classification,2,disp_rate_lag3,displacement_kinematics,0.00025429724704556733,0.0032761298825787076,25.0,0.540555215519653
classification,2,RWL_lag4,raw_environment,0.00024633141548886637,0.003173505496724384,26.0,0.3047701486232201
classification,2,GWT_lag5,raw_environment,0.00020198041316411356,0.0026021283161747092,27.0,0.5230801580183932
classification,2,GWT_lag2,raw_environment,0.00019756410805971898,0.0025452327371183643,28.0,0.48857740794590443
classification,2,Rain_cum15_lag1,cumulative_rainfall,0.00011276786088588869,0.001452796532935091,29.0,0.3107777286562124
classification,2,disp_accel_lag2,displacement_kinematics,0.00010931503151037358,0.0014083134815926451,30.0,0.11783987012707535
classification,2,minT_lag5,raw_environment,6.853650213706779e-05,0.0008829607292541121,31.0,-0.7060560005749723
classification,2,RWL_lag2,raw_environment,3.603658890236359e-05,0.00046426198923058893,32.0,0.6485507285267288
classification,2,RWL_lag3,raw_environment,3.223092093947705e-05,0.0004152332927691171,33.0,0.5715184634526311
classification,2,minT_lag4,raw_environment,2.868410447140585e-05,0.0003695393988946459,34.0,-0.7243960517616466
classification,2,minT_lag1,raw_environment,1.8642646656581854e-05,0.00024017456937329616,35.0,-0.7621885061386126
classification,2,Rain_cum15_lag5,cumulative_rainfall,1.769393602035266e-05,0.00022795226141919634,36.0,0.4253449011635454
classification,2,GWT_rate_lag5,environmental_rates,1.5847336231974875e-05,0.00020416238237743096,37.0,0.7944165297179208
classification,2,RWL_rate_lag1,environmental_rates,1.5439294699640534e-05,0.00019890555371355556,38.0,-0.6782632058115728
classification,2,minT_lag3,raw_environment,6.351465554067055e-06,8.182639152251536e-05,39.0,-0.6278720681568484
classification,2,RWL_lag1,raw_environment,2.0741412133112558e-07,2.6721311726978482e-06,40.0,0.05546678525027694
classification,2,DP_lag1,raw_environment,7.299968478740928e-08,9.40460235135788e-07,41.0,-0.4180189890326254
classification,2,RWL_rate_lag3,environmental_rates,1.659671533082625e-08,2.138166876742829e-07,42.0,-0.7714995535134929
classification,2,aveT_lag2,raw_environment,6.394342329841903e-10,8.237877613546965e-09,43.0,-0.6991584556212949
classification,2,aveT_lag3,raw_environment,4.303953774661127e-10,5.5448148724465426e-09,44.0,-0.2639247134098955
classification,2,aveT_lag5,raw_environment,1.7544865418362405e-10,2.260317740389033e-09,45.0,-0.5718192664051901
classification,2,RWL_rate_lag4,environmental_rates,8.26467326350961e-11,1.0647438524366474e-09,46.0,-0.714740049646587
classification,2,aveT_lag4,raw_environment,1.7847305438716796e-11,2.299281307627069e-10,47.0,-0.26232517191589105
classification,2,RWL_rate_lag2,environmental_rates,6.592493003864004e-15,8.493156564443588e-14,48.0,-0.2992200099388625
classification,2,DP_lag4,raw_environment,1.9242058756548572e-15,2.4789683894363224e-14,49.0,-0.2103128465144473
classification,2,maxT_lag4,raw_environment,8.381605594761273e-16,1.079808329504483e-14,50.0,-0.2423123419166333
classification,2,station_ATU3,station_identity,0.0,0.0,69.5,
classification,2,Rain_cum7_lag1,cumulative_rainfall,0.0,0.0,69.5,
classification,2,maxT_lag5,raw_environment,0.0,0.0,69.5,
classification,2,DP_lag5,raw_environment,0.0,0.0,69.5,
classification,2,RH_lag5,raw_environment,0.0,0.0,69.5,
classification,2,station_ATU2,station_identity,0.0,0.0,69.5,
classification,2,RWL_rate_lag5,environmental_rates,0.0,0.0,69.5,
classification,2,station_MJ1,station_identity,0.0,0.0,69.5,
classification,2,Rainfall_lag2,raw_environment,0.0,0.0,69.5,
classification,2,GWT_rate_lag1,environmental_rates,0.0,0.0,69.5,
classification,2,Rain_cum7_lag5,cumulative_rainfall,0.0,0.0,69.5,
classification,2,RH_lag1,raw_environment,0.0,0.0,69.5,
classification,2,maxT_lag1,raw_environment,0.0,0.0,69.5,
classification,2,aveT_lag1,raw_environment,0.0,0.0,69.5,
classification,2,Rainfall_lag1,raw_environment,0.0,0.0,69.5,
classification,2,station_MJ3,station_identity,0.0,0.0,69.5,
classification,2,RH_lag3,raw_environment,0.0,0.0,69.5,
classification,2,DP_lag2,raw_environment,0.0,0.0,69.5,
classification,2,minT_lag2,raw_environment,0.0,0.0,69.5,
classification,2,station_ATU4,station_identity,0.0,0.0,69.5,
classification,2,GWT_rate_lag3,environmental_rates,0.0,0.0,69.5,
classification,2,Rain_cum7_lag3,cumulative_rainfall,0.0,0.0,69.5,
classification,2,Rain_cum15_lag3,cumulative_rainfall,0.0,0.0,69.5,
classification,2,maxT_lag3,raw_environment,0.0,0.0,69.5,
classification,2,Rainfall_lag3,raw_environment,0.0,0.0,69.5,
classification,2,Rain_cum15_lag2,cumulative_rainfall,0.0,0.0,69.5,
classification,2,Rainfall_lag4,raw_environment,0.0,0.0,69.5,
classification,2,Rain_cum7_lag2,cumulative_rainfall,0.0,0.0,69.5,
classification,2,GWT_rate_lag2,environmental_rates,0.0,0.0,69.5,
classification,2,RH_lag4,raw_environment,0.0,0.0,69.5,
classification,2,GWT_rate_lag4,environmental_rates,0.0,0.0,69.5,
classification,2,Rain_cum7_lag4,cumulative_rainfall,0.0,0.0,69.5,
classification,2,Rain_cum15_lag4,cumulative_rainfall,0.0,0.0,69.5,
classification,2,RH_lag2,raw_environment,0.0,0.0,69.5,
classification,2,DP_lag3,raw_environment,0.0,0.0,69.5,
classification,2,maxT_lag2,raw_environment,0.0,0.0,69.5,
classification,2,Rainfall_lag5,raw_environment,0.0,0.0,69.5,
classification,2,station_ATU5,station_identity,0.0,0.0,69.5,
regression,3,disp_rate_lag1,displacement_kinematics,0.2119981228581946,0.7259471984408526,1.0,0.9984604732866557
regression,3,disp_rate_lag2,displacement_kinematics,0.05594934065496093,0.19158786198427796,2.0,0.8748645730277526
regression,3,disp_accel_lag1,displacement_kinematics,0.004952973520038627,0.01696051456657879,3.0,0.920906937688586
regression,3,disp_accel_lag5,displacement_kinematics,0.0042987691279820425,0.014720316213790304,4.0,0.49436201946709457
regression,3,disp_rate_lag3,displacement_kinematics,0.004254290500448762,0.014568007624388892,5.0,0.9403825689361716
regression,3,disp_accel_lag3,displacement_kinematics,0.0022441973504301648,0.007684826437745925,6.0,0.40172357521764107
regression,3,disp_accel_lag2,displacement_kinematics,0.001375257023765482,0.004709305771572618,7.0,0.60509685991886
regression,3,disp_rate_lag4,displacement_kinematics,0.001259897378709483,0.004314278636367508,8.0,0.5572799329415637
regression,3,disp_accel_lag4,displacement_kinematics,0.0012099765761686319,0.004143334355069834,9.0,0.7711125937178921
regression,3,disp_rate_lag5,displacement_kinematics,0.0005929240280704816,0.002030355416655962,10.0,-0.9526422256783525
regression,3,Rain_cum15_lag4,cumulative_rainfall,0.00027189880993192954,0.0009310656937350161,11.0,0.7059589512419103
regression,3,RWL_lag5,raw_environment,0.0002663260069863806,0.0009119826913421587,12.0,-0.09752585584453154
regression,3,DP_lag2,raw_environment,0.0002662327073564617,0.0009116632045276434,13.0,0.6877226296681971
regression,3,minT_lag4,raw_environment,0.00017583044534232937,0.0006020978746224664,14.0,0.5590141356089614
regression,3,DP_lag5,raw_environment,0.00017521699009747562,0.0005999972139639363,15.0,0.5350900288366813
regression,3,GWT_lag1,raw_environment,0.0001528840325442857,0.000523522253949874,16.0,0.10722769661318177
regression,3,GWT_lag2,raw_environment,0.00013958577240879078,0.0004779848946593974,17.0,0.10266953407826938
regression,3,disp_lag5,displacement_kinematics,0.00013176534694965203,0.0004512053370098479,18.0,0.16825973014923953
regression,3,Rain_cum15_lag2,cumulative_rainfall,0.00012925424356617892,0.0004426065416919903,19.0,0.8583781761250039
regression,3,station_ATU3,station_identity,0.00012391016707446187,0.00042430676948122115,20.0,
regression,3,GWT_lag5,raw_environment,0.00011889798956326686,0.0004071435221218372,21.0,-0.17061506115915684
regression,3,Rain_cum30_lag5,cumulative_rainfall,0.00011647074616035457,0.0003988318893369712,22.0,-0.8473086352932441
regression,3,Rain_cum30_lag3,cumulative_rainfall,0.00011153045588747246,0.00038191480613486054,23.0,0.7466704582388969
regression,3,GWT_lag3,raw_environment,0.00011076364661485675,0.0003792890138132644,24.0,-0.06591080054541806
regression,3,DP_lag1,raw_environment,9.595381525524718e-05,0.00032857556673203007,25.0,0.5973042746876418
regression,3,station_ATU4,station_identity,9.029163898755973e-05,0.00030918652241791863,26.0,
regression,3,aveT_lag2,raw_environment,8.853358359313308e-05,0.0003031663965267967,27.0,0.4291921035105142
regression,3,Rain_cum15_lag5,cumulative_rainfall,8.432222037127071e-05,0.0002887453851927822,28.0,0.9206560474307588
regression,3,maxT_lag2,raw_environment,7.403214209879788e-05,0.0002535089718088984,29.0,0.7300842892189263
regression,3,Rain_cum7_lag4,cumulative_rainfall,7.303473165922861e-05,0.0002500935297071525,30.0,0.8585055205978677
regression,3,GWT_rate_lag4,environmental_rates,6.760959666086943e-05,0.00023151618807730874,31.0,0.36797606338926814
regression,3,aveT_lag1,raw_environment,6.413793630066111e-05,0.00021962814832274366,32.0,0.24531475485640353
regression,3,Rain_cum7_lag2,cumulative_rainfall,5.661374785416776e-05,0.00019386299790711233,33.0,0.5138902293709524
regression,3,minT_lag3,raw_environment,5.3998963279469916e-05,0.00018490916609512992,34.0,-0.4838609303325877
regression,3,disp_lag4,displacement_kinematics,5.197857582465283e-05,0.00017799073402216962,35.0,0.7265820369293734
regression,3,Rain_cum7_lag3,cumulative_rainfall,5.04746300763123e-05,0.00017284075822099175,36.0,0.7341408246451024
regression,3,minT_lag5,raw_environment,4.921520977385859e-05,0.0001685281132414069,37.0,0.6552546787531871
regression,3,RH_lag1,raw_environment,4.835189417371786e-05,0.0001655718533800323,38.0,-0.630509943874053
regression,3,RWL_lag1,raw_environment,4.536711839514908e-05,0.00015535105715215489,39.0,-0.7251922631026564
regression,3,DP_lag4,raw_environment,4.396866044694426e-05,0.00015056230423326372,40.0,-0.1836028607256021
regression,3,GWT_rate_lag3,environmental_rates,4.213485371298512e-05,0.00014428278230612816,41.0,0.3922771866204544
regression,3,GWT_rate_lag5,environmental_rates,3.80641846276409e-05,0.00013034355124858676,42.0,-0.5157888269001442
regression,3,Rain_cum30_lag2,cumulative_rainfall,3.800525669114271e-05,0.00013014176375238627,43.0,-0.0804902567921275
regression,3,RWL_lag3,raw_environment,3.5115090062346854e-05,0.0001202449385403771,44.0,-0.5045886263014332
regression,3,disp_lag1,displacement_kinematics,3.172537010205723e-05,0.00010863748808046294,45.0,-0.017975368049699746
regression,3,Rain_cum7_lag1,cumulative_rainfall,3.0783049280819334e-05,0.00010541068988533122,46.0,-0.5666776123068744
regression,3,Rain_cum15_lag1,cumulative_rainfall,3.075314588768028e-05,0.00010530829141038014,47.0,0.678545113888607
regression,3,aveT_lag5,raw_environment,3.0079031486717064e-05,0.00010299991502378722,48.0,-0.7328951858100639
regression,3,GWT_lag4,raw_environment,2.9150967335459974e-05,9.982193607994003e-05,49.0,-0.008764080977664797
regression,3,RWL_rate_lag2,environmental_rates,2.831838799997657e-05,9.697092670341733e-05,50.0,-0.8127291634539051
regression,3,RWL_lag2,raw_environment,2.7247489199646766e-05,9.330383770549679e-05,51.0,-0.629895796567128
regression,3,RH_lag2,raw_environment,2.5424027156248173e-05,8.705973920112519e-05,52.0,0.3678441851477072
regression,3,RWL_rate_lag5,environmental_rates,2.0165230008929516e-05,6.905198986450337e-05,53.0,-0.5792033582825488
regression,3,maxT_lag5,raw_environment,1.834738617548319e-05,6.282712985017173e-05,54.0,-0.3847308177128487
regression,3,RWL_lag4,raw_environment,1.567241620392685e-05,5.3667204608457875e-05,55.0,-0.45010904149197456
regression,3,RH_lag5,raw_environment,1.4070748106859764e-05,4.818259723447801e-05,56.0,0.09117560351687704
regression,3,RH_lag3,raw_environment,1.2036511759995917e-05,4.1216742268110407e-05,57.0,-0.06868765503173424
regression,3,Rainfall_lag3,raw_environment,1.1475223201803964e-05,3.929471649334019e-05,58.0,-0.07615146725351774
regression,3,GWT_rate_lag1,environmental_rates,9.585002302638637e-06,3.282201500106668e-05,59.0,0.5731773048622165
regression,3,station_ATU1,station_identity,9.561937962666785e-06,3.2743035561245634e-05,60.0,
regression,3,maxT_lag3,raw_environment,9.262577782436304e-06,3.1717933634713806e-05,61.0,0.7520345225457896
regression,3,station_ATU5,station_identity,9.104479768909658e-06,3.1176557095849345e-05,62.0,
regression,3,aveT_lag4,raw_environment,8.538061043980807e-06,2.923696404208639e-05,63.0,-0.7437772241971047
regression,3,maxT_lag1,raw_environment,8.140084132309387e-06,2.7874167899474967e-05,64.0,0.3624686951722599
regression,3,GWT_rate_lag2,environmental_rates,8.05872856697381e-06,2.7595581259477032e-05,65.0,0.5145351055764761
regression,3,RWL_rate_lag4,environmental_rates,5.735963633364865e-06,1.9641715095681007e-05,66.0,-0.6063523061392215
regression,3,DP_lag3,raw_environment,5.724188752190028e-06,1.9601394257526394e-05,67.0,0.3507956748269858
regression,3,Rain_cum30_lag4,cumulative_rainfall,4.309157278492252e-06,1.4755888456875271e-05,68.0,-0.617453263869212
regression,3,disp_lag2,displacement_kinematics,3.0283971561117308e-06,1.0370169327943071e-05,69.0,-0.020252492602535952
regression,3,aveT_lag3,raw_environment,1.6101248541267208e-06,5.513565928011225e-06,70.0,0.6390849429536325
regression,3,Rainfall_lag5,raw_environment,1.4525330112052173e-06,4.973922673988072e-06,71.0,0.9163031565180424
regression,3,RH_lag4,raw_environment,1.0956387209601531e-06,3.751806144606142e-06,72.0,-0.7008432222888803
regression,3,Rain_cum30_lag1,cumulative_rainfall,7.414623873743323e-07,2.538996740191451e-06,73.0,-0.1097562641229519
regression,3,minT_lag1,raw_environment,6.042550511493026e-07,2.0691563472898667e-06,74.0,0.7013455715049227
regression,3,RWL_rate_lag1,environmental_rates,2.784891665518147e-07,9.536331149009664e-07,75.0,-0.10719962503450199
regression,3,minT_lag2,raw_environment,7.254321773812976e-08,2.4841043388910573e-07,76.0,-0.0027805752131493167
regression,3,station_MJ3,station_identity,0.0,0.0,82.5,
regression,3,station_ATU2,station_identity,0.0,0.0,82.5,
regression,3,Rainfall_lag1,raw_environment,0.0,0.0,82.5,
regression,3,station_MJ1,station_identity,0.0,0.0,82.5,
regression,3,Rainfall_lag2,raw_environment,0.0,0.0,82.5,
regression,3,Rain_cum7_lag5,cumulative_rainfall,0.0,0.0,82.5,
regression,3,disp_lag3,displacement_kinematics,0.0,0.0,82.5,
regression,3,Rain_cum15_lag3,cumulative_rainfall,0.0,0.0,82.5,
regression,3,Rainfall_lag4,raw_environment,0.0,0.0,82.5,
regression,3,maxT_lag4,raw_environment,0.0,0.0,82.5,
regression,3,station_MJ9,station_identity,0.0,0.0,82.5,
regression,3,RWL_rate_lag3,environmental_rates,0.0,0.0,82.5,
classification,3,disp_rate_lag5,displacement_kinematics,0.043192968625825424,0.4360392026986041,1.0,0.2501072422645905
classification,3,disp_rate_lag4,displacement_kinematics,0.008665211374992121,0.08747654952587168,2.0,0.13946739859613205
classification,3,station_MJ9,station_identity,0.006786422111506468,0.06850990290369068,3.0,
classification,3,DP_lag5,raw_environment,0.006095557639529527,0.06153552714028225,4.0,0.5467843341489615
classification,3,station_ATU5,station_identity,0.004804923812724098,0.04850639386418683,5.0,
classification,3,disp_accel_lag5,displacement_kinematics,0.0033427723385945234,0.03374576538025232,6.0,-0.6777693798891896
classification,3,Rain_cum30_lag1,cumulative_rainfall,0.0028834096516841853,0.029108433283793655,7.0,0.8032618628099033
classification,3,GWT_lag1,raw_environment,0.0023344398422728983,0.023566504455632964,8.0,0.009877262430890715
classification,3,Rain_cum30_lag4,cumulative_rainfall,0.002080867858990704,0.02100665897765943,9.0,0.7505844525346633
classification,3,GWT_lag4,raw_environment,0.0018696613591076853,0.018874499120541153,10.0,-0.11516274431157482
classification,3,disp_rate_lag3,displacement_kinematics,0.0017576765665828764,0.017743996605886707,11.0,0.08885522317190125
classification,3,GWT_lag5,raw_environment,0.0015978906547584534,0.016130934947681235,12.0,-0.027211886965753877
classification,3,RWL_lag5,raw_environment,0.001371201822654762,0.013842478730016424,13.0,0.14207785327882205
classification,3,GWT_lag3,raw_environment,0.0012013365151494467,0.012127664129232418,14.0,-0.03395237323784337
classification,3,RWL_lag3,raw_environment,0.0011345109379048426,0.011453050358782082,15.0,-0.012714207138126649
classification,3,GWT_lag2,raw_environment,0.0010089955663890315,0.01018595471188899,16.0,0.025243721637647962
classification,3,disp_lag2,displacement_kinematics,0.0009887885787076484,0.009981962277984768,17.0,0.4940935912311419
classification,3,Rain_cum30_lag5,cumulative_rainfall,0.0007704278444141907,0.007777579400141267,18.0,0.7867305836545007
classification,3,disp_accel_lag2,displacement_kinematics,0.0007459903979283762,0.0075308798788841615,19.0,-0.3703609500591481
classification,3,GWT_rate_lag4,environmental_rates,0.0006396845278711293,0.006457706899654662,20.0,-0.13387376075606178
classification,3,disp_lag3,displacement_kinematics,0.0006136796824690317,0.006195184261915627,21.0,0.5435111762186289
classification,3,disp_accel_lag3,displacement_kinematics,0.0005622134654485169,0.005675625432099035,22.0,-0.6571506905974811
classification,3,disp_accel_lag4,displacement_kinematics,0.0005215483279022633,0.005265105046086586,23.0,-0.6012656385396427
classification,3,disp_accel_lag1,displacement_kinematics,0.0004969727054106495,0.005017010618266729,24.0,0.14524398874399613
classification,3,disp_lag5,displacement_kinematics,0.0004872287509705942,0.004918644003043323,25.0,0.3363673397694466
classification,3,Rain_cum30_lag2,cumulative_rainfall,0.0004840046669171206,0.0048860964128952964,26.0,0.8521026925733098
classification,3,disp_lag1,displacement_kinematics,0.000376143229489789,0.0037972197583367967,27.0,0.3708898238813952
classification,3,disp_lag4,displacement_kinematics,0.00035115101423948856,0.0035449197669697495,28.0,0.5324561884247215
classification,3,disp_rate_lag1,displacement_kinematics,0.00032117777322686683,0.003242335607342844,29.0,-0.12392811501241241
classification,3,RWL_lag4,raw_environment,0.0002705938068055975,0.0027316832236473315,30.0,-0.028786075344931855
classification,3,GWT_rate_lag1,environmental_rates,0.0002600321099790054,0.0026250613819465032,31.0,-0.02044161905580646
classification,3,station_MJ1,station_identity,0.00025170209483698,0.002540968686386228,32.0,
classification,3,Rain_cum30_lag3,cumulative_rainfall,0.00015684635906544343,0.0015833864522148936,33.0,0.6769146594250065
classification,3,GWT_rate_lag2,environmental_rates,0.00014074768570856487,0.001420868039649903,34.0,-0.3554416016333137
classification,3,GWT_rate_lag5,environmental_rates,0.00013702571084652477,0.001383294170500797,35.0,-0.10448574758755053
classification,3,disp_rate_lag2,displacement_kinematics,0.00012497108920242855,0.001261601039008504,36.0,-0.07613448245092973
classification,3,GWT_rate_lag3,environmental_rates,9.442512246555649e-05,0.0009532351311917375,37.0,-0.3380495836879848
classification,3,minT_lag2,raw_environment,4.138494286791245e-05,0.00041778692379718265,38.0,-0.21099357981818775
classification,3,RWL_lag1,raw_environment,2.7989452558923434e-05,0.0002825575311456182,39.0,0.716069227381976
classification,3,Rain_cum15_lag5,cumulative_rainfall,2.745060982759356e-05,0.00027711783662069656,40.0,0.5302474975384365
classification,3,RWL_lag2,raw_environment,1.0550914152430104e-05,0.00010651298906128663,41.0,0.18377456736375336
classification,3,aveT_lag2,raw_environment,9.67075140844111e-06,9.76276201379636e-05,42.0,-0.28542502224486827
classification,3,minT_lag4,raw_environment,5.474426141634729e-06,5.5265115734683664e-05,43.0,-0.3230873132399152
classification,3,RWL_rate_lag5,environmental_rates,4.931716690165415e-06,4.978638611631273e-05,44.0,0.24284083183978605
classification,3,RH_lag5,raw_environment,4.294440361253765e-06,4.335299032996282e-05,45.0,0.1791004266340333
classification,3,aveT_lag3,raw_environment,2.586222346543033e-06,2.6108284886760007e-05,46.0,-0.23053913977744445
classification,3,aveT_lag5,raw_environment,0.0,0.0,67.5,
classification,3,aveT_lag1,raw_environment,0.0,0.0,67.5,
classification,3,Rainfall_lag5,raw_environment,0.0,0.0,67.5,
classification,3,maxT_lag1,raw_environment,0.0,0.0,67.5,
classification,3,DP_lag1,raw_environment,0.0,0.0,67.5,
classification,3,minT_lag1,raw_environment,0.0,0.0,67.5,
classification,3,RWL_rate_lag2,environmental_rates,0.0,0.0,67.5,
classification,3,maxT_lag5,raw_environment,0.0,0.0,67.5,
classification,3,RH_lag1,raw_environment,0.0,0.0,67.5,
classification,3,Rain_cum7_lag5,cumulative_rainfall,0.0,0.0,67.5,
classification,3,Rainfall_lag1,raw_environment,0.0,0.0,67.5,
classification,3,station_MJ3,station_identity,0.0,0.0,67.5,
classification,3,station_ATU1,station_identity,0.0,0.0,67.5,
classification,3,station_ATU2,station_identity,0.0,0.0,67.5,
classification,3,station_ATU3,station_identity,0.0,0.0,67.5,
classification,3,minT_lag5,raw_environment,0.0,0.0,67.5,
classification,3,RWL_rate_lag1,environmental_rates,0.0,0.0,67.5,
classification,3,DP_lag4,raw_environment,0.0,0.0,67.5,
classification,3,Rain_cum7_lag4,cumulative_rainfall,0.0,0.0,67.5,
classification,3,Rain_cum7_lag2,cumulative_rainfall,0.0,0.0,67.5,
classification,3,Rain_cum15_lag2,cumulative_rainfall,0.0,0.0,67.5,
classification,3,DP_lag2,raw_environment,0.0,0.0,67.5,
classification,3,maxT_lag2,raw_environment,0.0,0.0,67.5,
classification,3,Rainfall_lag3,raw_environment,0.0,0.0,67.5,
classification,3,Rainfall_lag2,raw_environment,0.0,0.0,67.5,
classification,3,minT_lag3,raw_environment,0.0,0.0,67.5,
classification,3,maxT_lag3,raw_environment,0.0,0.0,67.5,
classification,3,DP_lag3,raw_environment,0.0,0.0,67.5,
classification,3,RH_lag3,raw_environment,0.0,0.0,67.5,
classification,3,station_ATU4,station_identity,0.0,0.0,67.5,
classification,3,Rain_cum7_lag3,cumulative_rainfall,0.0,0.0,67.5,
classification,3,Rain_cum15_lag3,cumulative_rainfall,0.0,0.0,67.5,
classification,3,Rain_cum15_lag1,cumulative_rainfall,0.0,0.0,67.5,
classification,3,Rainfall_lag4,raw_environment,0.0,0.0,67.5,
classification,3,Rain_cum7_lag1,cumulative_rainfall,0.0,0.0,67.5,
classification,3,aveT_lag4,raw_environment,0.0,0.0,67.5,
classification,3,maxT_lag4,raw_environment,0.0,0.0,67.5,
classification,3,RH_lag2,raw_environment,0.0,0.0,67.5,
classification,3,RH_lag4,raw_environment,0.0,0.0,67.5,
classification,3,RWL_rate_lag4,environmental_rates,0.0,0.0,67.5,
classification,3,Rain_cum15_lag4,cumulative_rainfall,0.0,0.0,67.5,
classification,3,RWL_rate_lag3,environmental_rates,0.0,0.0,67.5,
regression,4,disp_rate_lag1,displacement_kinematics,0.13952294954406158,0.7654984465070778,1.0,0.998005251075336
regression,4,disp_rate_lag2,displacement_kinematics,0.028201765965440745,0.15473015805534854,2.0,0.9870045096292005
regression,4,disp_accel_lag1,displacement_kinematics,0.004683145139766787,0.025694269946081646,3.0,0.9179857436414052
regression,4,disp_rate_lag4,displacement_kinematics,0.0028379165789265063,0.015570346954275557,4.0,0.7237984991868209
regression,4,disp_rate_lag3,displacement_kinematics,0.0019894388169129197,0.010915138539891464,5.0,0.7140522197894229
regression,4,disp_accel_lag5,displacement_kinematics,0.0012159031922594123,0.006671103268811254,6.0,0.45228017037272855
regression,4,disp_accel_lag2,displacement_kinematics,0.0007525335058773888,0.004128806275785793,7.0,0.6744595636509423
regression,4,disp_rate_lag5,displacement_kinematics,0.0004998187497072365,0.0027422762899315745,8.0,-0.9232523746568575
regression,4,disp_accel_lag3,displacement_kinematics,0.000477907028269409,0.002622056721926702,9.0,0.44254019443476794
regression,4,Rain_cum30_lag4,cumulative_rainfall,0.00023946301195149392,0.0013138237418560683,10.0,-0.11542730009126702
regression,4,GWT_lag2,raw_environment,0.00017261730960189034,0.0009470720248696352,11.0,0.07606523952505825
regression,4,GWT_lag3,raw_environment,0.00015246130916443592,0.0008364852929155868,12.0,0.20418074919828313
regression,4,disp_accel_lag4,displacement_kinematics,0.0001508079147722785,0.0008274138760426206,13.0,-0.3598277998670574
regression,4,station_ATU4,station_identity,0.00013841503880731435,0.0007594198483221915,14.0,
regression,4,GWT_lag5,raw_environment,0.0001278330209715163,0.000701361168795384,15.0,0.15654270561381592
regression,4,DP_lag4,raw_environment,7.374922862512284e-05,0.0004046282000782838,16.0,0.6314686856268903
regression,4,RWL_rate_lag3,environmental_rates,6.947753257680618e-05,0.00038119136262879913,17.0,0.4784847792489635
regression,4,Rain_cum30_lag3,cumulative_rainfall,6.531640144525622e-05,0.00035836114417855204,18.0,-0.11680511643970756
regression,4,DP_lag3,raw_environment,5.646023695156695e-05,0.0003097714305573578,19.0,0.29954203395806467
regression,4,RWL_lag4,raw_environment,5.411841087414602e-05,0.0002969229047047033,20.0,-0.49246809806677
regression,4,disp_lag4,displacement_kinematics,4.927218058990338e-05,0.00027033386135286576,21.0,0.7185322698471801
regression,4,Rain_cum15_lag5,cumulative_rainfall,4.069548759380665e-05,0.00022327747968852314,22.0,0.28474883217775976
regression,4,minT_lag4,raw_environment,3.9956013352751456e-05,0.00021922032361054768,23.0,-0.7813070293837846
regression,4,RWL_lag3,raw_environment,3.48807417802516e-05,0.00019137463573592854,24.0,-0.5203377898597911
regression,4,Rain_cum15_lag4,cumulative_rainfall,3.3898186598639155e-05,0.00018598380600082267,25.0,0.4988756704209406
regression,4,disp_lag5,displacement_kinematics,3.376731749895967e-05,0.00018526578726033732,26.0,0.6840583508406368
regression,4,Rain_cum7_lag1,cumulative_rainfall,3.2986823943751286e-05,0.00018098357701483127,27.0,0.5029227042568127
regression,4,Rain_cum7_lag4,cumulative_rainfall,3.280387623244912e-05,0.00017997982681279293,28.0,0.0575990607938584
regression,4,GWT_lag4,raw_environment,2.929485135485435e-05,0.00016072741635751373,29.0,0.12622290270374897
regression,4,maxT_lag1,raw_environment,2.884555529348364e-05,0.00015826233489152586,30.0,0.7389258973336144
regression,4,Rain_cum15_lag2,cumulative_rainfall,2.8497172265724548e-05,0.00015635091696773265,31.0,0.28591281301649496
regression,4,RWL_lag1,raw_environment,2.6744382357414505e-05,0.00014673416247501823,32.0,-0.13793315531488462
regression,4,RWL_lag5,raw_environment,2.589821451751251e-05,0.0001420916275440557,33.0,-0.6583761165893265
regression,4,RWL_lag2,raw_environment,2.23246963192296e-05,0.00012248537181129215,34.0,-0.7241768927096831
regression,4,minT_lag2,raw_environment,2.065785247680024e-05,0.00011334016397187064,35.0,0.8586042585902174
regression,4,disp_lag3,displacement_kinematics,2.001687782181409e-05,0.00010982342995609961,36.0,0.42954661004159833
regression,4,station_ATU1,station_identity,1.9552986176791476e-05,0.00010727826921535507,37.0,
regression,4,DP_lag1,raw_environment,1.6416969413739153e-05,9.007238324332301e-05,38.0,0.46055258368778523
regression,4,RH_lag2,raw_environment,1.6045736467328626e-05,8.803559829362008e-05,39.0,0.05732458360640399
regression,4,disp_lag2,displacement_kinematics,1.5844998012736485e-05,8.693423844101757e-05,40.0,0.17056629410666357
regression,4,disp_lag1,displacement_kinematics,1.5816862175411586e-05,8.677987000318159e-05,41.0,-0.0204885397461903
regression,4,RWL_rate_lag5,environmental_rates,1.5623754810270683e-05,8.572037843919517e-05,42.0,0.6387460615021355
regression,4,Rain_cum30_lag1,cumulative_rainfall,1.4625779149293659e-05,8.024494360480952e-05,43.0,0.13233155892182458
regression,4,Rainfall_lag5,raw_environment,1.4387565499591007e-05,7.893797454072323e-05,44.0,-0.17674004622990577
regression,4,GWT_rate_lag2,environmental_rates,1.3896180336625411e-05,7.624196947405854e-05,45.0,-0.8208622551041059
regression,4,station_ATU2,station_identity,1.372246822329268e-05,7.528889076313526e-05,46.0,
regression,4,aveT_lag2,raw_environment,1.3574162209473024e-05,7.44752036703839e-05,47.0,0.23407136088747968
regression,4,RWL_rate_lag4,environmental_rates,1.3466902251470323e-05,7.388671746440994e-05,48.0,-0.5379878567717038
regression,4,station_ATU3,station_identity,1.3158225443803982e-05,7.219314936315125e-05,49.0,
regression,4,aveT_lag4,raw_environment,1.1473517104102754e-05,6.294992721888647e-05,50.0,0.6461308830351554
regression,4,RWL_rate_lag1,environmental_rates,9.338206978010661e-06,5.1234459694182735e-05,51.0,0.8358325438305186
regression,4,Rain_cum15_lag3,cumulative_rainfall,8.52606898596556e-06,4.6778630934172385e-05,52.0,0.4668004331016913
regression,4,minT_lag3,raw_environment,8.243359820867482e-06,4.5227535380336295e-05,53.0,0.01568287599480622
regression,4,station_ATU5,station_identity,6.01176779891602e-06,3.298381324269645e-05,54.0,
regression,4,Rain_cum30_lag2,cumulative_rainfall,5.9843387931341675e-06,3.283332286542264e-05,55.0,-0.29459269146393685
regression,4,Rain_cum7_lag3,cumulative_rainfall,5.823587681736605e-06,3.195135522890662e-05,56.0,-0.3470686914227776
regression,4,RH_lag3,raw_environment,4.508132333234233e-06,2.473405492799815e-05,57.0,0.7075188561843475
regression,4,maxT_lag3,raw_environment,4.0981481995480615e-06,2.248465998290202e-05,58.0,-0.5711759491882856
regression,4,RH_lag4,raw_environment,3.5561526621249572e-06,1.9510978998755894e-05,59.0,0.34630847381596225
regression,4,aveT_lag5,raw_environment,3.4706432899462786e-06,1.904182828356189e-05,60.0,0.22005342158346142
regression,4,DP_lag5,raw_environment,3.2270254589341045e-06,1.770520895469406e-05,61.0,-0.234260802209848
regression,4,RWL_rate_lag2,environmental_rates,2.7471401179330183e-06,1.5072298137955339e-05,62.0,-0.09934649010767872
regression,4,Rain_cum15_lag1,cumulative_rainfall,2.567646823176061e-06,1.4087500735492915e-05,63.0,0.48637020968163663
regression,4,aveT_lag3,raw_environment,2.146483758194254e-06,1.1776772120427918e-05,64.0,-0.35186079167899703
regression,4,RH_lag1,raw_environment,1.493404300259701e-06,8.193624601483691e-06,65.0,-0.2431198431162495
regression,4,RH_lag5,raw_environment,1.4158119183204619e-06,7.767910781432075e-06,66.0,0.34631214771515967
regression,4,Rain_cum7_lag5,cumulative_rainfall,5.841170253880213e-07,3.204782273984667e-06,67.0,-0.4791756409316355
regression,4,GWT_rate_lag5,environmental_rates,1.9747842935246207e-07,1.0834735889827778e-06,68.0,-0.05832738065590294
regression,4,maxT_lag2,raw_environment,0.0,0.0,78.5,
regression,4,Rainfall_lag1,raw_environment,0.0,0.0,78.5,
regression,4,station_MJ3,station_identity,0.0,0.0,78.5,
regression,4,station_MJ1,station_identity,0.0,0.0,78.5,
regression,4,station_MJ9,station_identity,0.0,0.0,78.5,
regression,4,Rain_cum30_lag5,cumulative_rainfall,0.0,0.0,78.5,
regression,4,GWT_lag1,raw_environment,0.0,0.0,78.5,
regression,4,GWT_rate_lag4,environmental_rates,0.0,0.0,78.5,
regression,4,Rainfall_lag2,raw_environment,0.0,0.0,78.5,
regression,4,maxT_lag4,raw_environment,0.0,0.0,78.5,
regression,4,maxT_lag5,raw_environment,0.0,0.0,78.5,
regression,4,minT_lag5,raw_environment,0.0,0.0,78.5,
regression,4,DP_lag2,raw_environment,0.0,0.0,78.5,
regression,4,aveT_lag1,raw_environment,0.0,0.0,78.5,
regression,4,minT_lag1,raw_environment,0.0,0.0,78.5,
regression,4,Rainfall_lag4,raw_environment,0.0,0.0,78.5,
regression,4,Rainfall_lag3,raw_environment,0.0,0.0,78.5,
regression,4,Rain_cum7_lag2,cumulative_rainfall,0.0,0.0,78.5,
regression,4,GWT_rate_lag3,environmental_rates,0.0,0.0,78.5,
regression,4,GWT_rate_lag1,environmental_rates,0.0,0.0,78.5,
classification,4,disp_rate_lag5,displacement_kinematics,0.05274552461048216,0.3700743003824939,1.0,0.15419001139454994
classification,4,GWT_lag5,raw_environment,0.014208706773600317,0.0996914384189319,2.0,-0.04937372556470285
classification,4,GWT_lag4,raw_environment,0.011243481455389883,0.07888675985677943,3.0,-0.03957247211547479
classification,4,disp_accel_lag5,displacement_kinematics,0.009047552757083101,0.06347963702091662,4.0,-0.14037781216989983
classification,4,GWT_lag3,raw_environment,0.008046297387189035,0.05645460725291003,5.0,0.01393517053147983
classification,4,station_MJ9,station_identity,0.005828116604678537,0.040891358858441904,6.0,
classification,4,DP_lag5,raw_environment,0.005577204246773436,0.03913090209941294,7.0,0.7651632592349624
classification,4,disp_rate_lag4,displacement_kinematics,0.00503654603783179,0.035337524179717944,8.0,-0.034088529576786764
classification,4,GWT_lag2,raw_environment,0.0037434244483199107,0.026264696274750924,9.0,0.14679016540957066
classification,4,minT_lag5,raw_environment,0.0033643353711178786,0.023604923221696352,10.0,0.8029083438513115
classification,4,GWT_lag1,raw_environment,0.003306698393031831,0.023200529398734616,11.0,0.03657196944542526
classification,4,station_ATU5,station_identity,0.0027281285027760394,0.019141154713583845,12.0,
classification,4,disp_rate_lag3,displacement_kinematics,0.0017737673547312835,0.01244514520788432,13.0,0.16090548412189484
classification,4,DP_lag4,raw_environment,0.0016810685467610286,0.011794749809237254,14.0,0.8245205817575632
classification,4,disp_rate_lag1,displacement_kinematics,0.0016178585077416402,0.011351254154582196,15.0,0.35702444307392933
classification,4,disp_accel_lag4,displacement_kinematics,0.0012828828383010524,0.0090009905553697,16.0,0.0793102425828968
classification,4,RWL_lag1,raw_environment,0.0010756275032828438,0.0075468411526702275,17.0,0.6699346031847498
classification,4,RWL_lag5,raw_environment,0.0009534124082691172,0.006689352936989526,18.0,0.5409983227900301
classification,4,Rain_cum30_lag5,cumulative_rainfall,0.000917749982597605,0.006439137448039687,19.0,0.16487405748192457
classification,4,GWT_rate_lag5,environmental_rates,0.0008997874280567844,0.006313108181028557,20.0,-0.5706581042568645
classification,4,disp_lag1,displacement_kinematics,0.0008836814809274027,0.006200105283438288,21.0,0.3715909996889046
classification,4,DP_lag1,raw_environment,0.0008567092503311103,0.006010862130746343,22.0,0.8423409517246429
classification,4,disp_rate_lag2,displacement_kinematics,0.000731931932401644,0.005135396790750947,23.0,0.11430048936441484
classification,4,DP_lag3,raw_environment,0.0006940533683396625,0.004869632383282233,24.0,0.6637244189254039
classification,4,Rain_cum30_lag4,cumulative_rainfall,0.0006869412435699401,0.00481973213832638,25.0,-0.008695315699210697
classification,4,DP_lag2,raw_environment,0.000537109688357181,0.003768480712161525,26.0,0.8062076793130025
classification,4,disp_lag3,displacement_kinematics,0.0004894615296183221,0.003434170661403344,27.0,0.2774267604669239
classification,4,Rain_cum30_lag1,cumulative_rainfall,0.00045287323187908783,0.0031774590486546364,28.0,0.8473557549138083
classification,4,GWT_rate_lag4,environmental_rates,0.00038832472221109996,0.002724572387036979,29.0,-0.6039542784623906
classification,4,disp_accel_lag1,displacement_kinematics,0.0003325591854421081,0.002333309011468284,30.0,0.5527362692305393
classification,4,disp_lag4,displacement_kinematics,0.00022346099044265118,0.0015678518758046216,31.0,0.568378469996916
classification,4,RWL_rate_lag3,environmental_rates,0.00017265979189115118,0.0012114193983314078,32.0,0.7993643609992638
classification,4,disp_lag2,displacement_kinematics,0.00016759316311430172,0.0011758708069819581,33.0,0.23927324335057926
classification,4,minT_lag4,raw_environment,0.00013079080357048566,0.0009176572891303205,34.0,0.8579187462852337
classification,4,station_MJ3,station_identity,0.00013003599276972943,0.000912361369124332,35.0,
classification,4,RWL_rate_lag1,environmental_rates,9.440741487812901e-05,0.0006623833637062779,36.0,0.6516348439294544
classification,4,disp_accel_lag3,displacement_kinematics,8.128351160824248e-05,0.0005703031472944085,37.0,0.0466530404304436
classification,4,disp_lag5,displacement_kinematics,5.638465243035633e-05,0.0003956072283775785,38.0,0.39163927305158863
classification,4,RWL_lag3,raw_environment,5.497474445176505e-05,0.00038571500126193095,39.0,0.2410967200509057
classification,4,station_MJ1,station_identity,4.736827622865003e-05,0.0003323463329845935,40.0,
classification,4,aveT_lag5,raw_environment,4.4715353462063785e-05,0.00031373283839783027,41.0,-0.4017997866260061
classification,4,disp_accel_lag2,displacement_kinematics,4.191664893992661e-05,0.00029409650667763343,42.0,-0.06521445824450262
classification,4,RWL_lag2,raw_environment,3.819715187169538e-05,0.00026799969020902144,43.0,0.5193470287451132
classification,4,minT_lag1,raw_environment,3.449841052115754e-05,0.00024204850045966272,44.0,0.6359463118037175
classification,4,station_ATU2,station_identity,2.4231390885771578e-05,0.00017001281332529498,45.0,
classification,4,station_ATU3,station_identity,1.603042808303157e-05,0.0001124730392098675,46.0,
classification,4,aveT_lag2,raw_environment,1.3214868332034923e-05,9.271844746526055e-05,47.0,0.8033827812869606
classification,4,GWT_rate_lag3,environmental_rates,9.475873429627879e-06,6.648482986717123e-05,48.0,-0.7713909987268107
classification,4,RWL_rate_lag4,environmental_rates,5.336397248615124e-06,3.7441346785881454e-05,49.0,0.4786039152703104
classification,4,Rain_cum30_lag3,cumulative_rainfall,4.026661572353259e-06,2.8251950763033337e-05,50.0,0.22329708925857056
classification,4,maxT_lag5,raw_environment,3.1355153550417666e-06,2.199947123333847e-05,51.0,-0.4222184921018096
classification,4,RWL_lag4,raw_environment,1.2933439256006545e-06,9.074387864283205e-06,52.0,0.542077278425204
classification,4,RWL_rate_lag5,environmental_rates,1.5256132107269301e-09,1.0704040689394478e-08,53.0,0.15377597998196416
classification,4,Rain_cum15_lag5,cumulative_rainfall,1.138684477132825e-09,7.989262868144671e-09,54.0,0.2483057362304344
classification,4,maxT_lag1,raw_environment,0.0,0.0,71.5,
classification,4,RH_lag1,raw_environment,0.0,0.0,71.5,
classification,4,RH_lag5,raw_environment,0.0,0.0,71.5,
classification,4,Rainfall_lag5,raw_environment,0.0,0.0,71.5,
classification,4,aveT_lag1,raw_environment,0.0,0.0,71.5,
classification,4,GWT_rate_lag1,environmental_rates,0.0,0.0,71.5,
classification,4,Rain_cum7_lag5,cumulative_rainfall,0.0,0.0,71.5,
classification,4,station_ATU1,station_identity,0.0,0.0,71.5,
classification,4,Rainfall_lag1,raw_environment,0.0,0.0,71.5,
classification,4,Rainfall_lag2,raw_environment,0.0,0.0,71.5,
classification,4,Rain_cum7_lag4,cumulative_rainfall,0.0,0.0,71.5,
classification,4,minT_lag2,raw_environment,0.0,0.0,71.5,
classification,4,maxT_lag2,raw_environment,0.0,0.0,71.5,
classification,4,RH_lag2,raw_environment,0.0,0.0,71.5,
classification,4,RWL_rate_lag2,environmental_rates,0.0,0.0,71.5,
classification,4,GWT_rate_lag2,environmental_rates,0.0,0.0,71.5,
classification,4,Rain_cum7_lag2,cumulative_rainfall,0.0,0.0,71.5,
classification,4,Rain_cum15_lag2,cumulative_rainfall,0.0,0.0,71.5,
classification,4,Rain_cum30_lag2,cumulative_rainfall,0.0,0.0,71.5,
classification,4,Rainfall_lag3,raw_environment,0.0,0.0,71.5,
classification,4,aveT_lag3,raw_environment,0.0,0.0,71.5,
classification,4,minT_lag3,raw_environment,0.0,0.0,71.5,
classification,4,maxT_lag3,raw_environment,0.0,0.0,71.5,
classification,4,RH_lag3,raw_environment,0.0,0.0,71.5,
classification,4,station_ATU4,station_identity,0.0,0.0,71.5,
classification,4,Rain_cum7_lag3,cumulative_rainfall,0.0,0.0,71.5,
classification,4,Rain_cum15_lag3,cumulative_rainfall,0.0,0.0,71.5,
classification,4,Rainfall_lag4,raw_environment,0.0,0.0,71.5,
classification,4,Rain_cum15_lag1,cumulative_rainfall,0.0,0.0,71.5,
classification,4,maxT_lag4,raw_environment,0.0,0.0,71.5,
classification,4,Rain_cum7_lag1,cumulative_rainfall,0.0,0.0,71.5,
classification,4,RH_lag4,raw_environment,0.0,0.0,71.5,
classification,4,Rain_cum15_lag4,cumulative_rainfall,0.0,0.0,71.5,
classification,4,aveT_lag4,raw_environment,0.0,0.0,71.5,
regression,5,disp_rate_lag1,displacement_kinematics,0.1836606525964075,0.7086541432302613,1.0,0.9995553617171232
regression,5,disp_rate_lag2,displacement_kinematics,0.057654132113416544,0.2224583165687645,2.0,0.9961923711258626
regression,5,disp_accel_lag1,displacement_kinematics,0.005551953379093283,0.021422197457620622,3.0,0.9561284937161058
regression,5,disp_accel_lag5,displacement_kinematics,0.002830494673050603,0.010921456224248052,4.0,0.8970614293984125
regression,5,disp_accel_lag2,displacement_kinematics,0.0019257805376514678,0.007430619121003862,5.0,0.9270766838962289
regression,5,disp_accel_lag3,displacement_kinematics,0.0012918850707468656,0.004984735135259959,6.0,0.6187721421153662
regression,5,disp_accel_lag4,displacement_kinematics,0.001159642448974673,0.004474477328235648,7.0,0.6521191781211657
regression,5,disp_rate_lag4,displacement_kinematics,0.000919914926647866,0.003549489316151563,8.0,-0.9446691684532548
regression,5,disp_rate_lag5,displacement_kinematics,0.0006715528911754694,0.0025911850578879303,9.0,-0.17343373948586036
regression,5,Rain_cum30_lag3,cumulative_rainfall,0.0003664138647958166,0.0014138069300840945,10.0,0.03689263860999417
regression,5,disp_rate_lag3,displacement_kinematics,0.0003568152532035875,0.0013767707125931401,11.0,-0.15005296271228355
regression,5,GWT_lag2,raw_environment,0.00031859621972747134,0.001229302672813151,12.0,-0.07243065247045385
regression,5,GWT_lag4,raw_environment,0.0002234833690657062,0.0008623099896061688,13.0,0.3213097359192263
regression,5,Rain_cum15_lag5,cumulative_rainfall,0.00019738379577175443,0.0007616048549470612,14.0,0.03986653899600865
regression,5,Rain_cum30_lag4,cumulative_rainfall,0.000190934019887083,0.0007367184117216686,15.0,-0.05108278268571859
regression,5,station_ATU3,station_identity,0.00015037237323621411,0.0005802114051907426,16.0,
regression,5,maxT_lag2,raw_environment,0.00013095545016422996,0.0005052912587727614,17.0,0.11342713100358143
regression,5,aveT_lag5,raw_environment,0.00012548589277293107,0.000484186986016543,18.0,-0.1250425245848071
regression,5,GWT_lag5,raw_environment,0.00012100079203893131,0.0004668812366738218,19.0,0.2768006571971616
regression,5,RWL_lag4,raw_environment,8.241982526142194e-05,0.0003180166782058102,20.0,-0.7420178623525663
regression,5,Rain_cum15_lag4,cumulative_rainfall,7.8209923078997e-05,0.00030177278174789294,21.0,0.16982918273274142
regression,5,aveT_lag2,raw_environment,7.196374934585014e-05,0.000277671936886705,22.0,0.14177226103225943
regression,5,station_ATU4,station_identity,7.088829192561147e-05,0.00027352228726962215,23.0,
regression,5,Rain_cum30_lag2,cumulative_rainfall,6.973585261038909e-05,0.0002690756032139555,24.0,-0.16413018199767343
regression,5,disp_lag3,displacement_kinematics,6.435228751424322e-05,0.00024830313150158925,25.0,0.06414269346842617
regression,5,Rain_cum30_lag1,cumulative_rainfall,5.980722897212995e-05,0.00023076603511453406,26.0,0.04302376720054591
regression,5,GWT_lag3,raw_environment,5.558858115658726e-05,0.00021448839365431803,27.0,0.3338217501084407
regression,5,maxT_lag3,raw_environment,5.360925148037987e-05,0.00020685115532355095,28.0,-0.5964808019944304
regression,5,minT_lag2,raw_environment,5.0130505893665056e-05,0.00019342842466013143,29.0,0.3908982040904517
regression,5,disp_lag1,displacement_kinematics,4.474298040221456e-05,0.00017264067177293665,30.0,-0.5783379615045722
regression,5,DP_lag3,raw_environment,4.275315675909089e-05,0.0001649629424985243,31.0,0.19831942253528081
regression,5,minT_lag3,raw_environment,3.7429494389407156e-05,0.0001444216052980857,32.0,-0.04149291728853201
regression,5,Rainfall_lag3,raw_environment,3.650542645765216e-05,0.00014085609162269106,33.0,0.09174655594310704
regression,5,GWT_rate_lag1,environmental_rates,3.537659894386902e-05,0.00013650051364054908,34.0,-0.6945021055773783
regression,5,Rain_cum15_lag3,cumulative_rainfall,3.32294554092668e-05,0.0001282157659801474,35.0,-0.10484064902118706
regression,5,maxT_lag1,raw_environment,2.9815741679919353e-05,0.00011504396056671389,36.0,0.29332427952819917
regression,5,disp_lag5,displacement_kinematics,2.94104833891513e-05,0.00011348027252155439,37.0,-0.15174743554594852
regression,5,disp_lag2,displacement_kinematics,2.9351698612143247e-05,0.00011325345161464426,38.0,-0.5888377432712778
regression,5,GWT_rate_lag3,environmental_rates,2.919202842662782e-05,0.0001126373646253178,39.0,-0.3796392068240852
regression,5,minT_lag1,raw_environment,2.6088600422956527e-05,0.0001006627958653378,40.0,-0.09195358167386149
regression,5,RH_lag3,raw_environment,2.5024473300366845e-05,9.655686417182479e-05,41.0,0.5715693199295386
regression,5,DP_lag1,raw_environment,2.3091708755247427e-05,8.909929727644167e-05,42.0,0.1393112895380447
regression,5,GWT_rate_lag4,environmental_rates,2.078915781334222e-05,8.02149105451937e-05,43.0,0.8106896448558767
regression,5,minT_lag4,raw_environment,1.8548427113354625e-05,7.156905705419662e-05,44.0,-0.4008467359016908
regression,5,GWT_rate_lag2,environmental_rates,1.764001571177929e-05,6.806395405917131e-05,45.0,0.23188676561134336
regression,5,RWL_lag1,raw_environment,1.6717634226421025e-05,6.45049475327467e-05,46.0,-0.3436752760350565
regression,5,station_ATU5,station_identity,1.6505509734744684e-05,6.368646574156313e-05,47.0,
regression,5,disp_lag4,displacement_kinematics,1.5349892915364303e-05,5.922752129449051e-05,48.0,0.7096130614214023
regression,5,DP_lag5,raw_environment,1.5077723273900864e-05,5.817735545135589e-05,49.0,0.18031688610336977
regression,5,RWL_lag3,raw_environment,1.4015668567729858e-05,5.4079420171123726e-05,50.0,-0.0993248813004394
regression,5,minT_lag5,raw_environment,1.3915261776603191e-05,5.3692000832607455e-05,51.0,-0.032854634493516
regression,5,aveT_lag4,raw_environment,1.2573648989506654e-05,4.851539143507961e-05,52.0,-0.7380496631210287
regression,5,Rain_cum30_lag5,cumulative_rainfall,1.1840403109556301e-05,4.56861641428561e-05,53.0,-0.6971452138200309
regression,5,DP_lag2,raw_environment,1.015346696843316e-05,3.91771254953741e-05,54.0,0.18343271762312854
regression,5,DP_lag4,raw_environment,9.435719568856704e-06,3.64076990487616e-05,55.0,-0.16921728724564875
regression,5,maxT_lag4,raw_environment,8.429845550964876e-06,3.2526536805953265e-05,56.0,0.3433684811991218
regression,5,RH_lag5,raw_environment,7.567603981991726e-06,2.9199579988147992e-05,57.0,-0.09383018674760937
regression,5,Rain_cum7_lag1,cumulative_rainfall,6.303406642285443e-06,2.4321677890020223e-05,58.0,-0.005772404463561807
regression,5,GWT_rate_lag5,environmental_rates,5.92901053782474e-06,2.2877071509260052e-05,59.0,0.25278032508134707
regression,5,Rain_cum7_lag4,cumulative_rainfall,5.805909425920243e-06,2.2402086193929205e-05,60.0,0.4329051837375817
regression,5,RWL_rate_lag5,environmental_rates,3.817595764093945e-06,1.4730183178366796e-05,61.0,0.6474899904350524
regression,5,station_MJ9,station_identity,3.6267702071860006e-06,1.3993883270763821e-05,62.0,
regression,5,maxT_lag5,raw_environment,3.4478418027182717e-06,1.3303488494446248e-05,63.0,0.009352757991591744
regression,5,Rain_cum15_lag2,cumulative_rainfall,2.379515699116348e-06,9.181355043781632e-06,64.0,-0.08800475182679043
regression,5,aveT_lag1,raw_environment,1.2223288590219872e-06,4.7163526759285444e-06,65.0,-0.0993248813004394
regression,5,RWL_rate_lag1,environmental_rates,9.159991878338047e-07,3.5343804482739675e-06,66.0,0.34656087292465326
regression,5,Rainfall_lag5,raw_environment,7.242944214646181e-08,2.794688113285658e-07,67.0,-0.036813086030407505
regression,5,station_ATU2,station_identity,0.0,0.0,78.0,
regression,5,station_ATU1,station_identity,0.0,0.0,78.0,
regression,5,Rainfall_lag1,raw_environment,0.0,0.0,78.0,
regression,5,station_MJ1,station_identity,0.0,0.0,78.0,
regression,5,station_MJ3,station_identity,0.0,0.0,78.0,
regression,5,Rain_cum7_lag5,cumulative_rainfall,0.0,0.0,78.0,
regression,5,GWT_lag1,raw_environment,0.0,0.0,78.0,
regression,5,aveT_lag3,raw_environment,0.0,0.0,78.0,
regression,5,RWL_lag5,raw_environment,0.0,0.0,78.0,
regression,5,Rain_cum7_lag3,cumulative_rainfall,0.0,0.0,78.0,
regression,5,Rain_cum15_lag1,cumulative_rainfall,0.0,0.0,78.0,
regression,5,Rainfall_lag2,raw_environment,0.0,0.0,78.0,
regression,5,RWL_lag2,raw_environment,0.0,0.0,78.0,
regression,5,RWL_rate_lag4,environmental_rates,0.0,0.0,78.0,
regression,5,RH_lag4,raw_environment,0.0,0.0,78.0,
regression,5,RH_lag2,raw_environment,0.0,0.0,78.0,
regression,5,RWL_rate_lag2,environmental_rates,0.0,0.0,78.0,
regression,5,Rain_cum7_lag2,cumulative_rainfall,0.0,0.0,78.0,
regression,5,Rainfall_lag4,raw_environment,0.0,0.0,78.0,
regression,5,RH_lag1,raw_environment,0.0,0.0,78.0,
regression,5,RWL_rate_lag3,environmental_rates,0.0,0.0,78.0,
classification,5,disp_rate_lag5,displacement_kinematics,0.08286163877496054,0.3948750117997865,1.0,0.324910637879339
classification,5,GWT_lag5,raw_environment,0.022823712016790204,0.10876581353189937,2.0,0.34556104499296036
classification,5,GWT_lag4,raw_environment,0.014385235561158767,0.0685524706720113,3.0,0.3374521929894557
classification,5,disp_rate_lag4,displacement_kinematics,0.012077230207939904,0.0575537304279109,4.0,0.23502523118413
classification,5,GWT_lag1,raw_environment,0.008533927185969717,0.04066821086426088,5.0,-0.0218834872683245
classification,5,GWT_lag3,raw_environment,0.005392060626823327,0.02569572645581604,6.0,0.37530770335803026
classification,5,disp_lag5,displacement_kinematics,0.005272273105533745,0.025124882099102873,7.0,-0.09467253469060062
classification,5,station_MJ9,station_identity,0.0051974663013194715,0.024768392194564056,8.0,
classification,5,DP_lag5,raw_environment,0.004899602247781917,0.023348928696203742,9.0,0.5840840595381519
classification,5,disp_accel_lag5,displacement_kinematics,0.004141415840184952,0.019735810840070298,10.0,-0.3901016968068785
classification,5,disp_lag1,displacement_kinematics,0.0037654286470755545,0.01794405352618398,11.0,-0.05644577445160801
classification,5,DP_lag4,raw_environment,0.003087868915028088,0.014715160021990416,12.0,0.607090515371044
classification,5,GWT_lag2,raw_environment,0.0030832574046537596,0.014693183987719318,13.0,0.4038192321264633
classification,5,DP_lag1,raw_environment,0.0029053037632661757,0.013845150479311669,14.0,0.35440116464579025
classification,5,disp_lag2,displacement_kinematics,0.0028099767661556884,0.013390872122458597,15.0,-0.11796182331058372
classification,5,disp_lag4,displacement_kinematics,0.002715099076750434,0.012938734929937157,16.0,-0.03094453049840208
classification,5,DP_lag2,raw_environment,0.002630602424116368,0.012536068301576896,17.0,0.42813316784756866
classification,5,disp_accel_lag4,displacement_kinematics,0.002449429229491809,0.011672692094892505,18.0,-0.1720175281065751
classification,5,disp_accel_lag2,displacement_kinematics,0.0023191874805561573,0.011052028384783365,19.0,-0.025928147404748622
classification,5,DP_lag3,raw_environment,0.002007442450622782,0.00956641544985472,20.0,0.5116118705057678
classification,5,minT_lag5,raw_environment,0.0019183813649605098,0.00914199713310742,21.0,0.6300609767877291
classification,5,station_ATU5,station_identity,0.0018961083520784166,0.00903585566216066,22.0,
classification,5,disp_accel_lag1,displacement_kinematics,0.00168968778681167,0.008052163759001531,23.0,-0.14360638365698783
classification,5,disp_rate_lag2,displacement_kinematics,0.0016149023895988435,0.007695775868978407,24.0,0.5217173098636478
classification,5,disp_rate_lag3,displacement_kinematics,0.0013692707057630087,0.006525224387170317,25.0,0.4111558013492454
classification,5,disp_lag3,displacement_kinematics,0.0012650802683618568,0.006028707533214041,26.0,-0.153480774008154
classification,5,RWL_lag5,raw_environment,0.0012101809253201058,0.005767086123694407,27.0,-0.5766720559153529
classification,5,disp_rate_lag1,displacement_kinematics,0.0009735849805566186,0.004639594224409216,28.0,0.5660507558461451
classification,5,disp_accel_lag3,displacement_kinematics,0.0008512294420073861,0.00405651204738863,29.0,-0.21714844260918356
classification,5,GWT_rate_lag1,environmental_rates,0.0008409592468903173,0.0040075696962838855,30.0,-0.5234041610888537
classification,5,RWL_lag4,raw_environment,0.000693280544547507,0.003303810632471885,31.0,-0.7422976683241073
classification,5,GWT_rate_lag2,environmental_rates,0.0006744640590283495,0.003214141153913936,32.0,-0.521864271808549
classification,5,minT_lag1,raw_environment,0.00035951649708220574,0.001713266634915422,33.0,0.07091032484340065
classification,5,Rain_cum30_lag5,cumulative_rainfall,0.00034368199084555684,0.001637807702054804,34.0,0.6494992908464226
classification,5,RWL_lag2,raw_environment,0.00020361764028405233,0.0009703346361296743,35.0,-0.19694218468675054
classification,5,Rain_cum15_lag1,cumulative_rainfall,0.00010963816351938284,0.0005224778528819755,36.0,-0.43746473576985234
classification,5,GWT_rate_lag3,environmental_rates,9.840510027545159e-05,0.0004689469784439057,37.0,-0.7466556490533978
classification,5,minT_lag2,raw_environment,9.406882212218456e-05,0.000448282556254661,38.0,-0.15984208631511526
classification,5,Rainfall_lag2,raw_environment,8.595862622546385e-05,0.0004096336259684316,39.0,0.2050002475586211
classification,5,Rainfall_lag3,raw_environment,4.216083539472869e-05,0.00020091637843654603,40.0,-0.1829068573822687
classification,5,GWT_rate_lag5,environmental_rates,3.6864353178193015e-05,0.00017567612844062287,41.0,-0.12406555395901463
classification,5,Rainfall_lag1,raw_environment,3.325716779819449e-05,0.00015848617914020714,42.0,0.08440994193036801
classification,5,minT_lag4,raw_environment,2.8845578079991047e-05,0.00013746286162216387,43.0,0.5863625302500755
classification,5,minT_lag3,raw_environment,2.605735911775874e-05,0.00012417567575558918,44.0,-0.6982183723444889
classification,5,GWT_rate_lag4,environmental_rates,1.786157705880034e-05,8.511888681096072e-05,45.0,-0.46706187309692376
classification,5,Rainfall_lag4,raw_environment,7.426393079129485e-06,3.539028551819159e-05,46.0,0.20550481661766423
classification,5,RH_lag1,raw_environment,5.2149163172009695e-08,2.4851549797152956e-07,47.0,-0.14080320839085464
classification,5,Rainfall_lag5,raw_environment,0.0,0.0,68.0,
classification,5,aveT_lag1,raw_environment,0.0,0.0,68.0,
classification,5,RWL_lag1,raw_environment,0.0,0.0,68.0,
classification,5,aveT_lag2,raw_environment,0.0,0.0,68.0,
classification,5,RWL_rate_lag5,environmental_rates,0.0,0.0,68.0,
classification,5,maxT_lag5,raw_environment,0.0,0.0,68.0,
classification,5,RH_lag5,raw_environment,0.0,0.0,68.0,
classification,5,Rain_cum7_lag5,cumulative_rainfall,0.0,0.0,68.0,
classification,5,Rain_cum15_lag5,cumulative_rainfall,0.0,0.0,68.0,
classification,5,station_MJ1,station_identity,0.0,0.0,68.0,
classification,5,station_MJ3,station_identity,0.0,0.0,68.0,
classification,5,station_ATU1,station_identity,0.0,0.0,68.0,
classification,5,station_ATU2,station_identity,0.0,0.0,68.0,
classification,5,station_ATU3,station_identity,0.0,0.0,68.0,
classification,5,aveT_lag5,raw_environment,0.0,0.0,68.0,
classification,5,maxT_lag1,raw_environment,0.0,0.0,68.0,
classification,5,aveT_lag4,raw_environment,0.0,0.0,68.0,
classification,5,Rain_cum15_lag4,cumulative_rainfall,0.0,0.0,68.0,
classification,5,maxT_lag2,raw_environment,0.0,0.0,68.0,
classification,5,RH_lag2,raw_environment,0.0,0.0,68.0,
classification,5,RWL_rate_lag2,environmental_rates,0.0,0.0,68.0,
classification,5,Rain_cum7_lag2,cumulative_rainfall,0.0,0.0,68.0,
classification,5,Rain_cum15_lag2,cumulative_rainfall,0.0,0.0,68.0,
classification,5,Rain_cum30_lag2,cumulative_rainfall,0.0,0.0,68.0,
classification,5,RWL_lag3,raw_environment,0.0,0.0,68.0,
classification,5,aveT_lag3,raw_environment,0.0,0.0,68.0,
classification,5,maxT_lag3,raw_environment,0.0,0.0,68.0,
classification,5,Rain_cum30_lag1,cumulative_rainfall,0.0,0.0,68.0,
classification,5,RH_lag3,raw_environment,0.0,0.0,68.0,
classification,5,station_ATU4,station_identity,0.0,0.0,68.0,
classification,5,Rain_cum7_lag3,cumulative_rainfall,0.0,0.0,68.0,
classification,5,Rain_cum15_lag3,cumulative_rainfall,0.0,0.0,68.0,
classification,5,Rain_cum30_lag3,cumulative_rainfall,0.0,0.0,68.0,
classification,5,Rain_cum7_lag1,cumulative_rainfall,0.0,0.0,68.0,
classification,5,RWL_rate_lag1,environmental_rates,0.0,0.0,68.0,
classification,5,maxT_lag4,raw_environment,0.0,0.0,68.0,
classification,5,RH_lag4,raw_environment,0.0,0.0,68.0,
classification,5,RWL_rate_lag4,environmental_rates,0.0,0.0,68.0,
classification,5,Rain_cum7_lag4,cumulative_rainfall,0.0,0.0,68.0,
classification,5,Rain_cum30_lag4,cumulative_rainfall,0.0,0.0,68.0,
classification,5,RWL_rate_lag3,environmental_rates,0.0,0.0,68.0,
