fold,scope,interval_variant,model_input_schema,model_input_channels,station_geometry_sha256,test_start_date,test_end_date,n_dates,n_stations,seed_count,seeds,baseline_rmse,baseline_mae,mean_actual_increment,actual_increment_std,rmse_skill_positive_seeds,mae_skill_positive_seeds,rmse_skill_sign,mae_skill_sign,best_seed_selected,confirmatory_external_validation,model_rmse_mean,model_rmse_std,model_rmse_min,model_rmse_max,model_mae_mean,model_mae_std,model_mae_min,model_mae_max,rmse_skill_vs_baseline_mean,rmse_skill_vs_baseline_std,rmse_skill_vs_baseline_min,rmse_skill_vs_baseline_max,mae_skill_vs_baseline_mean,mae_skill_vs_baseline_std,mae_skill_vs_baseline_min,mae_skill_vs_baseline_max,model_mean_error_mean,model_mean_error_std,model_mean_error_min,model_mean_error_max,mean_predicted_increment_mean,mean_predicted_increment_std,mean_predicted_increment_min,mean_predicted_increment_max,predicted_increment_std_mean,predicted_increment_std_std,predicted_increment_std_min,predicted_increment_std_max,increment_std_ratio_mean,increment_std_ratio_std,increment_std_ratio_min,increment_std_ratio_max,increment_correlation_mean,increment_correlation_std,increment_correlation_min,increment_correlation_max,coverage_mean,coverage_std,coverage_min,coverage_max,mean_width_mean,mean_width_std,mean_width_min,mean_width_max,mean_pinball_mean,mean_pinball_std,mean_pinball_min,mean_pinball_max,interval_score_80_mean,interval_score_80_std,interval_score_80_min,interval_score_80_max
1,ATU1,calibrated,displacement_elevation_exog_v1,7,17dac7c5985891f27905e7056b45626a0d6f4dbf34f336534c17bb76ecd32f09,2018-02-21,2018-12-04,287,1,5,"0,1,2,3,4",0.2134247600873727,0.1597519356373974,0.1597519356373974,0.14177263597358836,0,0,all_nonpositive,all_nonpositive,False,False,2.588664075569748,0.39940449954861196,2.0078306373328005,2.997476088539807,2.0640985730133217,0.6559838398571997,1.2462679080537407,2.9054553570971278,-11.129164744099933,1.871406576186859,-13.044650148898786,-8.4076743322135,-11.920648283713962,4.1062653622309915,-17.187293603076508,-6.801269531296956,1.9901971886869076,0.7437739710284846,1.016375808130578,2.9054553570971278,2.149949124324305,0.7437739710284846,1.1761277437679756,3.065207292734525,1.5042487281352948,0.4459823024979263,0.7528947233232994,1.8934260127979987,10.610289621867015,3.1457572854962708,5.310578576415554,13.355370024655082,0.03877283018532884,0.09077021471267699,-0.036412090278105984,0.1960776355069789,0.3958188153310105,0.2639312449718328,0.017421602787456445,0.6585365853658537,3.27887838053748,0.7547641261491012,2.4722876648095813,4.394808796411395,0.8622426641324992,0.24743386135239392,0.5273156822802807,1.1623880694900368,15.546787058908365,4.204439209207277,9.588130928139718,20.34436529921547
1,ATU1,raw,displacement_elevation_exog_v1,7,17dac7c5985891f27905e7056b45626a0d6f4dbf34f336534c17bb76ecd32f09,2018-02-21,2018-12-04,287,1,5,"0,1,2,3,4",0.2134247600873727,0.1597519356373974,0.1597519356373974,0.14177263597358836,0,0,all_nonpositive,all_nonpositive,False,False,2.588664075569748,0.39940449954861196,2.0078306373328005,2.997476088539807,2.0640985730133217,0.6559838398571997,1.2462679080537407,2.9054553570971278,-11.129164744099933,1.871406576186859,-13.044650148898786,-8.4076743322135,-11.920648283713962,4.1062653622309915,-17.187293603076508,-6.801269531296956,1.9901971886869076,0.7437739710284846,1.016375808130578,2.9054553570971278,2.149949124324305,0.7437739710284846,1.1761277437679756,3.065207292734525,1.5042487281352948,0.4459823024979263,0.7528947233232994,1.8934260127979987,10.610289621867015,3.1457572854962708,5.310578576415554,13.355370024655082,0.03877283018532884,0.09077021471267699,-0.036412090278105984,0.1960776355069789,0.3797909407665505,0.2789633296341198,0.010452961672473868,0.6585365853658537,3.093284211472541,0.5212376784210291,2.4722876648095813,3.6452768563713804,0.8854918523816202,0.2817793254971541,0.5273156822802807,1.2608346223648799,16.244262706382003,5.215145801868823,9.588130928139718,23.297761885460762
1,ATU2,calibrated,displacement_elevation_exog_v1,7,17dac7c5985891f27905e7056b45626a0d6f4dbf34f336534c17bb76ecd32f09,2018-02-21,2018-12-04,287,1,5,"0,1,2,3,4",0.1584239443009627,0.10696860627177686,0.10696860627177686,0.11706242426276037,0,0,all_nonpositive,all_nonpositive,False,False,2.221372469861506,0.41460350102041954,1.621647433811644,2.628338480710194,1.9565568732271195,0.6402502178843062,0.991321935068221,2.5681907336611642,-13.021696528660453,2.617050742233667,-15.590538080008038,-9.236125864477605,-17.290944805395185,5.985403009342875,-23.008826731238518,-8.26741003383323,1.943816055404459,0.6644005275699042,0.927728891084519,2.5681907336611642,2.0507846616762357,0.664400527569904,1.034697497356296,2.6751593399329403,0.9104288150539708,0.3690193130616044,0.3956990762080953,1.326754363163681,7.77729336110797,3.152329326729961,3.3802398908116085,11.333733873353117,0.046162395305483016,0.04253230037276997,-0.004070087372530896,0.10754051816078984,0.2857142857142857,0.23884756922109918,0.07317073170731707,0.6655052264808362,3.504651018710333,1.7927934964902643,1.686685392792985,5.9485822038308225,0.7168169515453088,0.16295650027560896,0.42788038496220043,0.8202294629890065,11.72172418022367,2.818498162747574,7.879801873524909,14.873885289748946
1,ATU2,raw,displacement_elevation_exog_v1,7,17dac7c5985891f27905e7056b45626a0d6f4dbf34f336534c17bb76ecd32f09,2018-02-21,2018-12-04,287,1,5,"0,1,2,3,4",0.1584239443009627,0.10696860627177686,0.10696860627177686,0.11706242426276037,0,0,all_nonpositive,all_nonpositive,False,False,2.221372469861506,0.41460350102041954,1.621647433811644,2.628338480710194,1.9565568732271195,0.6402502178843062,0.991321935068221,2.5681907336611642,-13.021696528660453,2.617050742233667,-15.590538080008038,-9.236125864477605,-17.290944805395185,5.985403009342875,-23.008826731238518,-8.26741003383323,1.943816055404459,0.6644005275699042,0.927728891084519,2.5681907336611642,2.0507846616762357,0.664400527569904,1.034697497356296,2.6751593399329403,0.9104288150539708,0.3690193130616044,0.3956990762080953,1.326754363163681,7.77729336110797,3.152329326729961,3.3802398908116085,11.333733873353117,0.046162395305483016,0.04253230037276997,-0.004070087372530896,0.10754051816078984,0.21742160278745642,0.2825803305527249,0.006968641114982578,0.6655052264808362,2.387694994283688,0.4489244185350834,1.686685392792985,2.7916725663732205,0.8594825561444956,0.3020119441540749,0.42788038496220043,1.1706609470578833,16.00169231819928,5.89132720522566,7.879801873524909,22.27887474343068
1,ATU3,calibrated,displacement_elevation_exog_v1,7,17dac7c5985891f27905e7056b45626a0d6f4dbf34f336534c17bb76ecd32f09,2018-02-21,2018-12-04,287,1,5,"0,1,2,3,4",0.3191695530913898,0.23802623693379796,0.23802623693379796,0.21300422663602417,0,0,all_nonpositive,all_nonpositive,False,False,2.993830808364554,0.7224818746903895,1.8539501309650057,3.665978223565953,2.7570253314743223,0.9307464632555689,1.2520071356205844,3.5480753933057767,-8.38006391702191,2.2636303108884475,-10.485989775836327,-4.808668505526756,-10.582863162438397,3.9102683605187467,-13.906236551950363,-4.259954330029609,2.7511992602122803,0.9425388864889274,1.2228767793103732,3.5480753933057767,2.9892254971460783,0.9425388864889276,1.4609030162441712,3.7861016302395747,1.015788185343763,0.34464955651077883,0.5335148150839684,1.404063657457316,4.768863986344806,1.6180409278906311,2.5047146881062785,6.591717355245452,0.16342438946242338,0.047748658893951926,0.11414145536573038,0.2268984845659556,0.3031358885017422,0.2585685151728488,0.013937282229965157,0.7038327526132404,5.569306192791918,2.4837709326661006,2.3252216043416287,8.339434074537573,0.9174436408391987,0.24738132520432182,0.4801100625119279,1.0611428897551696,13.73818256780435,3.62677494427359,8.143266197254915,17.87940815266382
1,ATU3,raw,displacement_elevation_exog_v1,7,17dac7c5985891f27905e7056b45626a0d6f4dbf34f336534c17bb76ecd32f09,2018-02-21,2018-12-04,287,1,5,"0,1,2,3,4",0.3191695530913898,0.23802623693379796,0.23802623693379796,0.21300422663602417,0,0,all_nonpositive,all_nonpositive,False,False,2.993830808364554,0.7224818746903895,1.8539501309650057,3.665978223565953,2.7570253314743223,0.9307464632555689,1.2520071356205844,3.5480753933057767,-8.38006391702191,2.2636303108884475,-10.485989775836327,-4.808668505526756,-10.582863162438397,3.9102683605187467,-13.906236551950363,-4.259954330029609,2.7511992602122803,0.9425388864889274,1.2228767793103732,3.5480753933057767,2.9892254971460783,0.9425388864889276,1.4609030162441712,3.7861016302395747,1.015788185343763,0.34464955651077883,0.5335148150839684,1.404063657457316,4.768863986344806,1.6180409278906311,2.5047146881062785,6.591717355245452,0.16342438946242338,0.047748658893951926,0.11414145536573038,0.2268984845659556,0.15331010452961674,0.3081605276537243,0.0,0.7038327526132404,3.3724588103963002,0.6428775797931442,2.3252216043416287,3.9603464352745608,1.1920660450292966,0.4622911422488669,0.4801100625119279,1.6048373191461032,21.97685469350729,9.252762181671448,8.143266197254915,30.404742607854214
1,ATU4,calibrated,displacement_elevation_exog_v1,7,17dac7c5985891f27905e7056b45626a0d6f4dbf34f336534c17bb76ecd32f09,2018-02-21,2018-12-04,287,1,5,"0,1,2,3,4",0.1401208085467853,0.09670212543553999,0.09670212543553999,0.1015799825794991,0,0,all_nonpositive,all_nonpositive,False,False,1.7371285663451819,0.45232313922722295,1.0140676264388717,2.1578648949633426,1.6238937891280287,0.548943411807689,0.7265900868529815,2.097846659176502,-11.397363277882938,3.2280939848858745,-14.40003171079938,-6.237095167776469,-15.792741439902363,5.676642672901802,-20.69390434520378,-6.51369304015261,1.6217194847889729,0.5533895876298439,0.7157185651577033,2.097846659176502,1.7184216102245131,0.553389587629844,0.8124206905932433,2.194548784612042,0.5410434637171966,0.17122498005693573,0.31056619779682515,0.726768265645267,5.326280335732112,1.685617340236603,3.0573562813300157,7.1546405816370315,0.17369543022706546,0.045859312886173655,0.12008226794983314,0.23328755770676549,0.3142857142857142,0.245878012020007,0.03484320557491289,0.6445993031358885,3.4391395936110287,1.423655823727066,1.3981785992403857,4.804018571711939,0.515767211335928,0.1461937536640945,0.26234621503927835,0.606467862324645,7.353547394437695,1.9835014165794975,4.237436016913443,9.769763286836001
1,ATU4,raw,displacement_elevation_exog_v1,7,17dac7c5985891f27905e7056b45626a0d6f4dbf34f336534c17bb76ecd32f09,2018-02-21,2018-12-04,287,1,5,"0,1,2,3,4",0.1401208085467853,0.09670212543553999,0.09670212543553999,0.1015799825794991,0,0,all_nonpositive,all_nonpositive,False,False,1.7371285663451819,0.45232313922722295,1.0140676264388717,2.1578648949633426,1.6238937891280287,0.548943411807689,0.7265900868529815,2.097846659176502,-11.397363277882938,3.2280939848858745,-14.40003171079938,-6.237095167776469,-15.792741439902363,5.676642672901802,-20.69390434520378,-6.51369304015261,1.6217194847889729,0.5533895876298439,0.7157185651577033,2.097846659176502,1.7184216102245131,0.553389587629844,0.8124206905932433,2.194548784612042,0.5410434637171966,0.17122498005693573,0.31056619779682515,0.726768265645267,5.326280335732112,1.685617340236603,3.0573562813300157,7.1546405816370315,0.17369543022706546,0.045859312886173655,0.12008226794983314,0.23328755770676549,0.13519163763066205,0.2771009843091595,0.0,0.6306620209059234,1.9325321482375704,0.37670283280061556,1.3126479109453058,2.2818537812738815,0.7009771909871982,0.2785740298280757,0.2646613177688331,0.9529780800858599,12.909846783975803,5.630860137584024,4.306889098800085,18.100109106693292
1,ATU5,calibrated,displacement_elevation_exog_v1,7,17dac7c5985891f27905e7056b45626a0d6f4dbf34f336534c17bb76ecd32f09,2018-02-21,2018-12-04,287,1,5,"0,1,2,3,4",0.387436908234515,0.2876198040183912,0.2876198040183912,0.26003424451083024,0,0,all_nonpositive,all_nonpositive,False,False,2.515323121426409,0.5939776332794066,1.5583769294113647,3.066716762457813,2.2951557747549365,0.8088013219174573,0.9715401562441269,2.9847100184682467,-5.492213488096203,1.5330951198894884,-6.915396538838612,-3.0222727785863954,-6.979825250865472,2.812050180889979,-9.377275753506167,-2.377862520836722,2.279858741952657,0.8402071490014359,0.8950549922327279,2.9847100184682467,2.5674785459710483,0.8402071490014359,1.182674796251119,3.272329822486638,0.8958550170761352,0.3447640292074608,0.4164173068353262,1.299852138305184,3.445142460991608,1.3258408709053768,1.6013941072210691,4.998772914507597,0.2612664009799775,0.05567255990305401,0.1836178744362193,0.32407238457978477,0.2857142857142857,0.265037494853472,0.003484320557491289,0.7142857142857143,4.519498297086695,2.190202317180305,1.9997225268776406,7.0498035603465725,0.7948281889123161,0.22442981801706616,0.3969617963703361,0.918318534393257,12.369066793594802,3.8102621893948796,7.051153109889449,16.055250661423166
1,ATU5,raw,displacement_elevation_exog_v1,7,17dac7c5985891f27905e7056b45626a0d6f4dbf34f336534c17bb76ecd32f09,2018-02-21,2018-12-04,287,1,5,"0,1,2,3,4",0.387436908234515,0.2876198040183912,0.2876198040183912,0.26003424451083024,0,0,all_nonpositive,all_nonpositive,False,False,2.515323121426409,0.5939776332794066,1.5583769294113647,3.066716762457813,2.2951557747549365,0.8088013219174573,0.9715401562441269,2.9847100184682467,-5.492213488096203,1.5330951198894884,-6.915396538838612,-3.0222727785863954,-6.979825250865472,2.812050180889979,-9.377275753506167,-2.377862520836722,2.279858741952657,0.8402071490014359,0.8950549922327279,2.9847100184682467,2.5674785459710483,0.8402071490014359,1.182674796251119,3.272329822486638,0.8958550170761352,0.3447640292074608,0.4164173068353262,1.299852138305184,3.445142460991608,1.3258408709053768,1.6013941072210691,4.998772914507597,0.2612664009799775,0.05567255990305401,0.1836178744362193,0.32407238457978477,0.156794425087108,0.31274567247138196,0.0,0.7142857142857143,2.843653360265399,0.5185050296111169,1.9997225268776406,3.3003459698468003,1.006133249499113,0.38909186664934114,0.3969617963703361,1.3562384029898018,18.70821861119871,7.666149743469869,7.051153109889449,25.763601997352826
1,MJ1,calibrated,displacement_elevation_exog_v1,7,17dac7c5985891f27905e7056b45626a0d6f4dbf34f336534c17bb76ecd32f09,2018-02-21,2018-12-04,287,1,5,"0,1,2,3,4",0.34170452501504067,0.26700872006361237,0.26700872006361237,0.21360549146961538,1,1,mixed,mixed,False,False,0.4220031398051053,0.1277305856096884,0.20034503306138687,0.5212576199635602,0.3663712344912239,0.12740740909909673,0.14866652674149736,0.4685076032189277,-0.23499429744610528,0.3738041970736738,-0.5254630296178144,0.4136892595947672,-0.37213209517628976,0.4771657235342092,-0.7546528184821457,0.44321471333940354,0.3391248844029563,0.18598569873885898,0.013475050484357258,0.4685076032189277,0.6061336044665686,0.18598569873885898,0.28048377054796964,0.73551632328254,0.13007330889241206,0.032408884127000485,0.09542964476801383,0.17933686473624386,0.6089417832729948,0.15172308494517583,0.4467565141301077,0.839570478747518,0.2475721556690663,0.17625874815783937,0.05263846740064502,0.49197822627161636,0.6682926829268293,0.11690401750410083,0.5435540069686411,0.7909407665505227,1.2130738702710828,0.4947872659316671,0.4186193650945816,1.6416501019471388,0.11368589151051975,0.03668054059561156,0.049470253763747286,0.13699895503416407,1.5787205728594738,0.48064935280500765,0.7407749792049318,1.9693842905026628
1,MJ1,raw,displacement_elevation_exog_v1,7,17dac7c5985891f27905e7056b45626a0d6f4dbf34f336534c17bb76ecd32f09,2018-02-21,2018-12-04,287,1,5,"0,1,2,3,4",0.34170452501504067,0.26700872006361237,0.26700872006361237,0.21360549146961538,1,1,mixed,mixed,False,False,0.4220031398051053,0.1277305856096884,0.20034503306138687,0.5212576199635602,0.3663712344912239,0.12740740909909673,0.14866652674149736,0.4685076032189277,-0.23499429744610528,0.3738041970736738,-0.5254630296178144,0.4136892595947672,-0.37213209517628976,0.4771657235342092,-0.7546528184821457,0.44321471333940354,0.3391248844029563,0.18598569873885898,0.013475050484357258,0.4685076032189277,0.6061336044665686,0.18598569873885898,0.28048377054796964,0.73551632328254,0.13007330889241206,0.032408884127000485,0.09542964476801383,0.17933686473624386,0.6089417832729948,0.15172308494517583,0.4467565141301077,0.839570478747518,0.2475721556690663,0.17625874815783937,0.05263846740064502,0.49197822627161636,0.2905923344947735,0.2758186920856878,0.07317073170731707,0.759581881533101,0.6087219101529086,0.11323994434831039,0.4186193650945816,0.7153275285811002,0.15706931611986102,0.06460910095895177,0.049470253763747286,0.21106584411815232,2.8802233111397118,1.3044552154672289,0.7407749792049318,3.9894373074499314
1,MJ3,calibrated,displacement_elevation_exog_v1,7,17dac7c5985891f27905e7056b45626a0d6f4dbf34f336534c17bb76ecd32f09,2018-02-21,2018-12-04,287,1,5,"0,1,2,3,4",0.07725189349988038,0.05566348093981511,0.0521863807349166,0.05705945057066131,0,0,all_nonpositive,all_nonpositive,False,False,0.9034067825511652,0.22693238876706942,0.5210522346078174,1.1062689208158414,0.8519116449891723,0.2766932624750099,0.38038725033142823,1.0853856094119536,-10.694299539111801,2.937564096955381,-13.320282270072182,-5.744847420582956,-14.30467787148063,4.970822122572217,-18.49906098372652,-5.833694981144162,0.8419184907956044,0.29805790898306295,0.33042147936358873,1.0853856094119536,0.8941048715305208,0.2980579089830629,0.3826078600985053,1.1375719901468702,0.25095322063547193,0.09556116968722217,0.13285593928576123,0.38516835645969805,4.398100895217986,1.674764981637548,2.328377472216194,6.7502990759210535,-0.12792422374083565,0.11185071069423343,-0.2564936490664168,0.0355831845932848,0.1700348432055749,0.20809008813947888,0.0,0.5296167247386759,1.59258471648441,0.7185166895465684,0.6119441609384961,2.322204552533689,0.29601611074807543,0.08959265612411046,0.13849768562083456,0.3596889345715983,4.620925097496403,1.5489899775307723,2.252994316967896,6.147488406352414
1,MJ3,raw,displacement_elevation_exog_v1,7,17dac7c5985891f27905e7056b45626a0d6f4dbf34f336534c17bb76ecd32f09,2018-02-21,2018-12-04,287,1,5,"0,1,2,3,4",0.07725189349988038,0.05566348093981511,0.0521863807349166,0.05705945057066131,0,0,all_nonpositive,all_nonpositive,False,False,0.9034067825511652,0.22693238876706942,0.5210522346078174,1.1062689208158414,0.8519116449891723,0.2766932624750099,0.38038725033142823,1.0853856094119536,-10.694299539111801,2.937564096955381,-13.320282270072182,-5.744847420582956,-14.30467787148063,4.970822122572217,-18.49906098372652,-5.833694981144162,0.8419184907956044,0.29805790898306295,0.33042147936358873,1.0853856094119536,0.8941048715305208,0.2980579089830629,0.3826078600985053,1.1375719901468702,0.25095322063547193,0.09556116968722217,0.13285593928576123,0.38516835645969805,4.398100895217986,1.674764981637548,2.328377472216194,6.7502990759210535,-0.12792422374083565,0.11185071069423343,-0.2564936490664168,0.0355831845932848,0.11637630662020906,0.23149895008780363,0.0,0.5296167247386759,0.9120124255105594,0.18168370686913501,0.6119441609384961,1.081874088815798,0.3824704592592304,0.14577803497562736,0.13849768562083456,0.5083504701538041,7.214555552831053,2.995539670786223,2.252994316967896,9.823586057554357
1,MJ9,calibrated,displacement_elevation_exog_v1,7,17dac7c5985891f27905e7056b45626a0d6f4dbf34f336534c17bb76ecd32f09,2018-02-21,2018-12-04,287,1,5,"0,1,2,3,4",0.1251712232989687,0.09286613240418139,0.08835672473867599,0.08881672187735454,1,1,mixed,mixed,False,False,0.19839630526663482,0.055931165346925715,0.10202506678262803,0.24242293176898488,0.1784448563519558,0.05455509424528812,0.08448002201273425,0.22043765701364199,-0.5849993316176965,0.4468372511893996,-0.936730547004107,0.1849159567695252,-0.9215278135554309,0.5874595273102138,-1.3737141981344814,0.09030321576167577,0.16524037399156957,0.0802399854133112,0.024087082093911704,0.22043765701364199,0.2535970987302456,0.0802399854133112,0.1124438068325877,0.308794381752318,0.06215231504782648,0.016647871391481103,0.04511846167872105,0.08999352233060114,0.6997816822563158,0.18744073232594485,0.5079951243981324,1.0132497623011985,0.20797779679029177,0.14372337728190937,0.07675817674159263,0.38308547770953866,0.672473867595819,0.1623670948387771,0.5505226480836237,0.9512195121951219,0.5535531386956754,0.15364161317083003,0.3701583268311217,0.7630322375871568,0.05547450847027265,0.016097962586529985,0.027191501706082314,0.06589234325133338,0.7720109723484004,0.21443060851073834,0.39334494111879825,0.9252434173098454
1,MJ9,raw,displacement_elevation_exog_v1,7,17dac7c5985891f27905e7056b45626a0d6f4dbf34f336534c17bb76ecd32f09,2018-02-21,2018-12-04,287,1,5,"0,1,2,3,4",0.1251712232989687,0.09286613240418139,0.08835672473867599,0.08881672187735454,1,1,mixed,mixed,False,False,0.19839630526663482,0.055931165346925715,0.10202506678262803,0.24242293176898488,0.1784448563519558,0.05455509424528812,0.08448002201273425,0.22043765701364199,-0.5849993316176965,0.4468372511893996,-0.936730547004107,0.1849159567695252,-0.9215278135554309,0.5874595273102138,-1.3737141981344814,0.09030321576167577,0.16524037399156957,0.0802399854133112,0.024087082093911704,0.22043765701364199,0.2535970987302456,0.0802399854133112,0.1124438068325877,0.308794381752318,0.06215231504782648,0.016647871391481103,0.04511846167872105,0.08999352233060114,0.6997816822563158,0.18744073232594485,0.5079951243981324,1.0132497623011985,0.20797779679029177,0.14372337728190937,0.07675817674159263,0.38308547770953866,0.25644599303135884,0.24744318932401954,0.03832752613240418,0.6202090592334495,0.2749431658628472,0.05399411798373178,0.18935639594297052,0.32818823779455597,0.0728264471136603,0.02844447561837839,0.026805236191868198,0.09882202593462897,1.2925691316500305,0.5876634048999494,0.38175697569237477,1.8624724929706595
1,overall,calibrated,displacement_elevation_exog_v1,7,17dac7c5985891f27905e7056b45626a0d6f4dbf34f336534c17bb76ecd32f09,2018-02-21,2018-12-04,287,8,5,"0,1,2,3,4",0.24511638802417446,0.16307588021306405,0.16207756672926357,0.18392291682531414,0,0,all_nonpositive,all_nonpositive,False,False,1.969853447303009,0.41825063355881414,1.3170596910700565,2.3601494910124794,1.5116822596787602,0.4966787958629035,0.7251576276156644,1.9471119913338903,-7.036400434836423,1.7063348433380325,-8.628689089444771,-4.373201284853146,-8.269808985263163,3.045691338375584,-10.939914037501586,-3.446749738025157,1.4916343100294258,0.529468594708559,0.6432173309822199,1.9468363856616764,1.6537118767586894,0.5294685947085591,0.8052948977114834,2.10891395239094,1.2751972859874716,0.09379614691814098,1.1623468782060689,1.3845044339234232,6.933324612281053,0.5099753121424583,6.3197501337478235,7.527634173170461,0.2017117603141175,0.03262008130592715,0.14824582686418586,0.2312184385063169,0.3869337979094077,0.19390012043468532,0.21385017421602787,0.703397212543554,2.9588356510235783,1.2106626959766986,1.4103522051158026,4.353973731268328,0.5340343959367648,0.1391028842313081,0.28872169778183593,0.6189291992912881,8.462620579709142,2.03580905285845,5.035862795376757,10.397086450778811
1,overall,raw,displacement_elevation_exog_v1,7,17dac7c5985891f27905e7056b45626a0d6f4dbf34f336534c17bb76ecd32f09,2018-02-21,2018-12-04,287,8,5,"0,1,2,3,4",0.24511638802417446,0.16307588021306405,0.16207756672926357,0.18392291682531414,0,0,all_nonpositive,all_nonpositive,False,False,1.969853447303009,0.41825063355881414,1.3170596910700565,2.3601494910124794,1.5116822596787602,0.4966787958629035,0.7251576276156644,1.9471119913338903,-7.036400434836423,1.7063348433380325,-8.628689089444771,-4.373201284853146,-8.269808985263163,3.045691338375584,-10.939914037501586,-3.446749738025157,1.4916343100294258,0.529468594708559,0.6432173309822199,1.9468363856616764,1.6537118767586894,0.5294685947085591,0.8052948977114834,2.10891395239094,1.2751972859874716,0.09379614691814098,1.1623468782060689,1.3845044339234232,6.933324612281053,0.5099753121424583,6.3197501337478235,7.527634173170461,0.2017117603141175,0.03262008130592715,0.14824582686418586,0.2312184385063169,0.2132404181184669,0.2584398400958708,0.02656794425087108,0.6602787456445993,1.9281626282727267,0.34979279250168466,1.3770606277178987,2.257752580924197,0.6570646395668095,0.24061623277910824,0.28896280243375355,0.8791901240390638,12.153527888610483,4.751667594631798,5.043095934934285,16.64014376450246
2,ATU1,calibrated,displacement_elevation_exog_v1,7,17dac7c5985891f27905e7056b45626a0d6f4dbf34f336534c17bb76ecd32f09,2018-12-05,2019-09-17,287,1,5,"0,1,2,3,4",0.09092667976084662,0.07058980574671665,0.06980478984656123,0.058367995252277156,0,0,all_nonpositive,all_nonpositive,False,False,0.3918685101697397,0.13542435947046158,0.21353356486800248,0.5578828790952769,0.22864292965709893,0.07779269741930382,0.11037184678579999,0.32415611142913364,-3.3097197786218935,1.4893797928908414,-5.135524584892007,-1.3484148484210996,-2.2390361078126895,1.1020386951967522,-3.5921094129687576,-0.5635663764513721,0.21325765460458285,0.07106627851576897,0.09834551043565616,0.2919321220561003,0.28306244445114415,0.07106627851576897,0.1681503002822174,0.36173691190266155,0.3218104261635452,0.12283360858983543,0.1844107577648742,0.4737609376432522,5.513474032689004,2.1044685201012316,3.159449917164658,8.116793040356633,0.004343178787911903,0.06274608379103801,-0.06542472604513389,0.06335169590242634,0.975609756097561,0.011815905893946451,0.9581881533101045,0.9895470383275261,2.026207183449429,0.3637721887391245,1.4350302590383706,2.3599879056812725,0.1114305664797978,0.02404083121176192,0.08729364847149557,0.14011926672080874,2.19970234610844,0.4462831268908731,1.5605331796253057,2.667519140278006
2,ATU1,raw,displacement_elevation_exog_v1,7,17dac7c5985891f27905e7056b45626a0d6f4dbf34f336534c17bb76ecd32f09,2018-12-05,2019-09-17,287,1,5,"0,1,2,3,4",0.09092667976084662,0.07058980574671665,0.06980478984656123,0.058367995252277156,0,0,all_nonpositive,all_nonpositive,False,False,0.3918685101697397,0.13542435947046158,0.21353356486800248,0.5578828790952769,0.22864292965709893,0.07779269741930382,0.11037184678579999,0.32415611142913364,-3.3097197786218935,1.4893797928908414,-5.135524584892007,-1.3484148484210996,-2.2390361078126895,1.1020386951967522,-3.5921094129687576,-0.5635663764513721,0.21325765460458285,0.07106627851576897,0.09834551043565616,0.2919321220561003,0.28306244445114415,0.07106627851576897,0.1681503002822174,0.36173691190266155,0.3218104261635452,0.12283360858983543,0.1844107577648742,0.4737609376432522,5.513474032689004,2.1044685201012316,3.159449917164658,8.116793040356633,0.004343178787911903,0.06274608379103801,-0.06542472604513389,0.06335169590242634,0.9296167247386758,0.08736547318113135,0.7770034843205574,0.9895470383275261,1.328980455981474,0.22809777583501004,1.0674981136753274,1.5293206095543608,0.09278295908202158,0.019248326636890207,0.06939461452426417,0.11106730306130079,1.6402741241751528,0.3071740070485577,1.2250160295029457,2.074624272166101
2,ATU2,calibrated,displacement_elevation_exog_v1,7,17dac7c5985891f27905e7056b45626a0d6f4dbf34f336534c17bb76ecd32f09,2018-12-05,2019-09-17,287,1,5,"0,1,2,3,4",0.07335211878306687,0.04789006968641105,0.047071045296167235,0.05635526536064369,0,0,all_nonpositive,all_nonpositive,False,False,0.39307187830612755,0.08146487265241911,0.2948912355371347,0.48475234736009193,0.26217027107699425,0.05203015941657294,0.17114364469312804,0.29557728196973626,-4.358698355648142,1.1106001299477808,-5.608566397293975,-3.0202142818703352,-4.474418241479105,1.0864498581286601,-5.171995236281879,-2.5736770861640768,0.25988935699519655,0.05397321112500717,0.16578381543466864,0.2954903552684746,0.3069604022913638,0.05397321112500717,0.21285486073083587,0.34256140056464185,0.28356047716055477,0.09459878056245438,0.2009712493863164,0.3865274128427026,5.031658982455654,1.6786147657556496,3.566148577248415,6.858763069770553,0.0036008844863664414,0.09509607362506363,-0.16412996911475408,0.06449969210586402,0.970034843205575,0.012219984610975726,0.9547038327526133,0.9860627177700348,1.5641804524531264,0.2670883571922028,1.1449145718628408,1.7560615731209617,0.10269869529061466,0.016699817104461345,0.0823947529325297,0.1172517508942255,1.7701095033334688,0.37434420276350194,1.2129947835340047,2.169862390850549
2,ATU2,raw,displacement_elevation_exog_v1,7,17dac7c5985891f27905e7056b45626a0d6f4dbf34f336534c17bb76ecd32f09,2018-12-05,2019-09-17,287,1,5,"0,1,2,3,4",0.07335211878306687,0.04789006968641105,0.047071045296167235,0.05635526536064369,0,0,all_nonpositive,all_nonpositive,False,False,0.39307187830612755,0.08146487265241911,0.2948912355371347,0.48475234736009193,0.26217027107699425,0.05203015941657294,0.17114364469312804,0.29557728196973626,-4.358698355648142,1.1106001299477808,-5.608566397293975,-3.0202142818703352,-4.474418241479105,1.0864498581286601,-5.171995236281879,-2.5736770861640768,0.25988935699519655,0.05397321112500717,0.16578381543466864,0.2954903552684746,0.3069604022913638,0.05397321112500717,0.21285486073083587,0.34256140056464185,0.28356047716055477,0.09459878056245438,0.2009712493863164,0.3865274128427026,5.031658982455654,1.6786147657556496,3.566148577248415,6.858763069770553,0.0036008844863664414,0.09509607362506363,-0.16412996911475408,0.06449969210586402,0.7783972125435541,0.13552170634182842,0.5958188153310104,0.9547038327526133,0.8738824711717028,0.17711808593439113,0.6586768433030448,1.0373196054090266,0.0894569084038141,0.016483080884117284,0.06828838852399201,0.10538422433134485,1.3728558967294515,0.35717656897410216,0.8919685012535514,1.7549905946444229
2,ATU3,calibrated,displacement_elevation_exog_v1,7,17dac7c5985891f27905e7056b45626a0d6f4dbf34f336534c17bb76ecd32f09,2018-12-05,2019-09-17,287,1,5,"0,1,2,3,4",0.14531029645708476,0.10845602787456456,0.10678362369337965,0.0987233467727449,0,0,all_nonpositive,all_nonpositive,False,False,0.5409481114487631,0.12798152609492536,0.4333866827642941,0.6873464069342952,0.3778424898015831,0.06931240470913132,0.2801816183391645,0.46571536524097673,-2.722710121980407,0.8807464385892486,-3.7301975406628713,-1.9824912159083539,-2.4838311637097656,0.6390830096534144,-3.294047775561194,-1.5833660316530325,0.3733395558169704,0.07225394781330355,0.2737345414683729,0.46571536524097673,0.48012317951035,0.07225394781330352,0.3805181651617526,0.5724989889343564,0.37926258219338926,0.13463326465752168,0.22021859956441112,0.5334053452425819,3.8416706340641844,1.3637429145047038,2.2306638375149586,5.403031427514794,0.05682572116403787,0.07337053917518535,-0.04182609966036988,0.1295604723282856,0.9567944250871079,0.02879575402284931,0.9198606271777003,0.9930313588850174,2.0028297150822523,0.3979483323394425,1.4416733364116883,2.38451992949103,0.13882355364337742,0.026753777581632908,0.11060487423752079,0.1644933064066609,2.2754941602934076,0.5569803841131202,1.4725269431294479,2.8470777762591473
2,ATU3,raw,displacement_elevation_exog_v1,7,17dac7c5985891f27905e7056b45626a0d6f4dbf34f336534c17bb76ecd32f09,2018-12-05,2019-09-17,287,1,5,"0,1,2,3,4",0.14531029645708476,0.10845602787456456,0.10678362369337965,0.0987233467727449,0,0,all_nonpositive,all_nonpositive,False,False,0.5409481114487631,0.12798152609492536,0.4333866827642941,0.6873464069342952,0.3778424898015831,0.06931240470913132,0.2801816183391645,0.46571536524097673,-2.722710121980407,0.8807464385892486,-3.7301975406628713,-1.9824912159083539,-2.4838311637097656,0.6390830096534144,-3.294047775561194,-1.5833660316530325,0.3733395558169704,0.07225394781330355,0.2737345414683729,0.46571536524097673,0.48012317951035,0.07225394781330352,0.3805181651617526,0.5724989889343564,0.37926258219338926,0.13463326465752168,0.22021859956441112,0.5334053452425819,3.8416706340641844,1.3637429145047038,2.2306638375149586,5.403031427514794,0.05682572116403787,0.07337053917518535,-0.04182609966036988,0.1295604723282856,0.7763066202090592,0.16207522224681684,0.5017421602787456,0.8989547038327527,1.2485968967966343,0.23216147284908178,0.9634230625191597,1.5052818688895377,0.12929464961830006,0.030832728563136236,0.10098584614728974,0.16707886434373312,1.9896270395410869,0.6455163556556724,1.1839561004225163,2.6837891041071096
2,ATU4,calibrated,displacement_elevation_exog_v1,7,17dac7c5985891f27905e7056b45626a0d6f4dbf34f336534c17bb76ecd32f09,2018-12-05,2019-09-17,287,1,5,"0,1,2,3,4",0.06926975467110544,0.0510004878048782,0.03301407665505239,0.06100275389090093,0,0,all_nonpositive,all_nonpositive,False,False,0.30947456712499105,0.07849603432037273,0.23834598514388697,0.40030602363020434,0.21323082717826622,0.041109180575347,0.16119103691859438,0.2631480150725477,-3.467672342631849,1.1331934795073826,-4.778943862741648,-2.440837726011299,-3.1809566213182507,0.806054654469695,-4.159715649766345,-2.160578336726741,0.2032635234631846,0.04875864041129777,0.15508611064938388,0.2631480150725477,0.236277600118237,0.04875864041129778,0.18810018730443626,0.2961620917276001,0.2140657027521967,0.0776553668626175,0.11549979743794493,0.3102752465466706,3.5091153939548034,1.272981331326428,1.8933538253782456,5.0862498290089615,-0.1610972023724419,0.1916102094953123,-0.40504280545185256,0.015929473565037173,0.9491289198606271,0.033565420428689305,0.9163763066202091,0.9930313588850174,1.1132965786336293,0.2291036401526332,0.803544036866047,1.350584236961791,0.07821197486557475,0.01629531357356072,0.06020019641312185,0.09473325151386482,1.2802051100759118,0.32722740173614534,0.8120903064195394,1.6112323239624171
2,ATU4,raw,displacement_elevation_exog_v1,7,17dac7c5985891f27905e7056b45626a0d6f4dbf34f336534c17bb76ecd32f09,2018-12-05,2019-09-17,287,1,5,"0,1,2,3,4",0.06926975467110544,0.0510004878048782,0.03301407665505239,0.06100275389090093,0,0,all_nonpositive,all_nonpositive,False,False,0.30947456712499105,0.07849603432037273,0.23834598514388697,0.40030602363020434,0.21323082717826622,0.041109180575347,0.16119103691859438,0.2631480150725477,-3.467672342631849,1.1331934795073826,-4.778943862741648,-2.440837726011299,-3.1809566213182507,0.806054654469695,-4.159715649766345,-2.160578336726741,0.2032635234631846,0.04875864041129777,0.15508611064938388,0.2631480150725477,0.236277600118237,0.04875864041129778,0.18810018730443626,0.2961620917276001,0.2140657027521967,0.0776553668626175,0.11549979743794493,0.3102752465466706,3.5091153939548034,1.272981331326428,1.8933538253782456,5.0862498290089615,-0.1610972023724419,0.1916102094953123,-0.40504280545185256,0.015929473565037173,0.7860627177700349,0.12665397389415786,0.6027874564459931,0.9128919860627178,0.7109077097943676,0.1333463588575612,0.5484918205120161,0.8697554583418552,0.07291044657716514,0.017663479098865502,0.05549907459793882,0.0927765534371916,1.121159261423623,0.3512620157880606,0.6710566519640487,1.4873462908309811
2,ATU5,calibrated,displacement_elevation_exog_v1,7,17dac7c5985891f27905e7056b45626a0d6f4dbf34f336534c17bb76ecd32f09,2018-12-05,2019-09-17,287,1,5,"0,1,2,3,4",0.166818708780996,0.14921010123803463,0.14921010123803463,0.07472807187371937,0,0,all_nonpositive,all_nonpositive,False,False,0.49184727603317596,0.1148507907006345,0.3577011475601955,0.6129781992314033,0.34249242320814755,0.08035798510715139,0.20900144936474344,0.4106253143804386,-1.9483939758752484,0.688476679503698,-2.674517107287632,-1.1442507868214888,-1.295370222031885,0.5385559318062282,-1.7519940739492474,-0.40071917136041457,0.3408116573592821,0.07991154724517753,0.2077951133973137,0.4095116881245392,0.49002175859731684,0.07991154724517753,0.35700521463534834,0.5587217893625739,0.3657785153340236,0.11201660187957233,0.24833583897877004,0.49215058026354486,4.894793966478103,1.4989895908041853,3.3231934499584708,6.585886239580954,0.31558835969865867,0.16731320746972933,0.02453301845663839,0.4530121118086529,0.9658536585365853,0.01660087700288725,0.9512195121951219,0.9895470383275261,2.0998025735566905,0.2963369372804406,1.6070066867218706,2.357108531712865,0.13490923740769467,0.021028936405194085,0.11016100491874752,0.15770745585140264,2.334815006190103,0.42512492615896846,1.6617283295627492,2.8420609447938956
2,ATU5,raw,displacement_elevation_exog_v1,7,17dac7c5985891f27905e7056b45626a0d6f4dbf34f336534c17bb76ecd32f09,2018-12-05,2019-09-17,287,1,5,"0,1,2,3,4",0.166818708780996,0.14921010123803463,0.14921010123803463,0.07472807187371937,0,0,all_nonpositive,all_nonpositive,False,False,0.49184727603317596,0.1148507907006345,0.3577011475601955,0.6129781992314033,0.34249242320814755,0.08035798510715139,0.20900144936474344,0.4106253143804386,-1.9483939758752484,0.688476679503698,-2.674517107287632,-1.1442507868214888,-1.295370222031885,0.5385559318062282,-1.7519940739492474,-0.40071917136041457,0.3408116573592821,0.07991154724517753,0.2077951133973137,0.4095116881245392,0.49002175859731684,0.07991154724517753,0.35700521463534834,0.5587217893625739,0.3657785153340236,0.11201660187957233,0.24833583897877004,0.49215058026354486,4.894793966478103,1.4989895908041853,3.3231934499584708,6.585886239580954,0.31558835969865867,0.16731320746972933,0.02453301845663839,0.4530121118086529,0.7121951219512195,0.21029830254110451,0.445993031358885,0.9407665505226481,1.0728523865531323,0.1911824809773881,0.8361027681186548,1.256347449225868,0.11717674501384708,0.0285478191672939,0.08333404416438012,0.14531711844774212,1.802840234374674,0.5412843914455324,1.0740188511750972,2.3152334303415483
2,MJ1,calibrated,displacement_elevation_exog_v1,7,17dac7c5985891f27905e7056b45626a0d6f4dbf34f336534c17bb76ecd32f09,2018-12-05,2019-09-17,287,1,5,"0,1,2,3,4",0.1598610472025586,0.1332539635150423,0.1332539635150423,0.08846583875087369,0,1,all_nonpositive,mixed,False,False,0.20599627415413563,0.03330761066054156,0.18632068371576319,0.265335973410365,0.15341958821238455,0.027428531024264655,0.13111542439192891,0.20083713360369068,-0.2885958009090201,0.20835351227455534,-0.6597912878311127,-0.1655164718124098,-0.15133226934046043,0.2058365117309881,-0.5071756839789558,0.016048596729897446,0.14370385547195572,0.03585079782511961,0.10295444202323065,0.19986321325393697,0.276957818986998,0.03585079782511962,0.23620840553827294,0.3331171767689793,0.13272708643423742,0.024808573285481736,0.1060836004225892,0.16064807538768128,1.5003202174797285,0.28043110918039793,1.1991476248965256,1.8159334456781457,0.18475704531071896,0.04713926853566856,0.10799559165159636,0.2304764548457462,0.9038327526132404,0.024956103943512185,0.8641114982578397,0.926829268292683,0.7899302666676044,0.10355909124869382,0.6599778475694845,0.9201357956940003,0.054847862625432356,0.007788001153933296,0.04729681178479511,0.06800907507016919,0.8783379377010482,0.13053112909123468,0.7026321672645935,1.0360865840866225
2,MJ1,raw,displacement_elevation_exog_v1,7,17dac7c5985891f27905e7056b45626a0d6f4dbf34f336534c17bb76ecd32f09,2018-12-05,2019-09-17,287,1,5,"0,1,2,3,4",0.1598610472025586,0.1332539635150423,0.1332539635150423,0.08846583875087369,0,1,all_nonpositive,mixed,False,False,0.20599627415413563,0.03330761066054156,0.18632068371576319,0.265335973410365,0.15341958821238455,0.027428531024264655,0.13111542439192891,0.20083713360369068,-0.2885958009090201,0.20835351227455534,-0.6597912878311127,-0.1655164718124098,-0.15133226934046043,0.2058365117309881,-0.5071756839789558,0.016048596729897446,0.14370385547195572,0.03585079782511961,0.10295444202323065,0.19986321325393697,0.276957818986998,0.03585079782511962,0.23620840553827294,0.3331171767689793,0.13272708643423742,0.024808573285481736,0.1060836004225892,0.16064807538768128,1.5003202174797285,0.28043110918039793,1.1991476248965256,1.8159334456781457,0.18475704531071896,0.04713926853566856,0.10799559165159636,0.2304764548457462,0.42439024390243907,0.1776388497804711,0.17421602787456447,0.6341463414634146,0.30102953749017386,0.03479569054524832,0.25602366288510453,0.34353182974437696,0.05953577108963082,0.014848791284684724,0.05060727660103629,0.08532361256044496,1.018975191627002,0.31101073752307606,0.8019461117518291,1.5555227087948955
2,MJ3,calibrated,displacement_elevation_exog_v1,7,17dac7c5985891f27905e7056b45626a0d6f4dbf34f336534c17bb76ecd32f09,2018-12-05,2019-09-17,287,1,5,"0,1,2,3,4",0.12872194942682458,0.11734578965108389,0.11734578965108389,0.053000883939105674,1,3,mixed,mixed,False,False,0.15729167555650517,0.04682948339322623,0.09371651174259639,0.2097017470411659,0.10990485180976935,0.02574062143240167,0.0727087614711692,0.13880226093332573,-0.22194914120626966,0.3638034041727102,-0.6291063643374701,0.2719461431410962,0.06341035211778316,0.2193570089641807,-0.18284824147539114,0.38038883467944173,0.029234166437388204,0.032077039702531486,-0.004308490798252094,0.07429168838866834,0.1465799560884721,0.032077039702531486,0.1130372988528318,0.19163747803975223,0.16062526580535322,0.04657870655996546,0.09485778042039052,0.21271794010714834,3.0306148476674553,0.8788288628069137,1.789739592444826,4.013479102566411,0.31592369333065096,0.061600003052688285,0.24051810725641926,0.3931692907045797,0.9533101045296167,0.053048708970503816,0.8606271777003485,0.9930313588850174,0.62743284724904,0.1134012126872568,0.5083657983349723,0.7990193288611964,0.04241868715392447,0.00944818775488449,0.02934294069473821,0.05221962906957869,0.7230363555688875,0.1630983228311422,0.5167444134863003,0.8924025397080666
2,MJ3,raw,displacement_elevation_exog_v1,7,17dac7c5985891f27905e7056b45626a0d6f4dbf34f336534c17bb76ecd32f09,2018-12-05,2019-09-17,287,1,5,"0,1,2,3,4",0.12872194942682458,0.11734578965108389,0.11734578965108389,0.053000883939105674,1,3,mixed,mixed,False,False,0.15729167555650517,0.04682948339322623,0.09371651174259639,0.2097017470411659,0.10990485180976935,0.02574062143240167,0.0727087614711692,0.13880226093332573,-0.22194914120626966,0.3638034041727102,-0.6291063643374701,0.2719461431410962,0.06341035211778316,0.2193570089641807,-0.18284824147539114,0.38038883467944173,0.029234166437388204,0.032077039702531486,-0.004308490798252094,0.07429168838866834,0.1465799560884721,0.032077039702531486,0.1130372988528318,0.19163747803975223,0.16062526580535322,0.04657870655996546,0.09485778042039052,0.21271794010714834,3.0306148476674553,0.8788288628069137,1.789739592444826,4.013479102566411,0.31592369333065096,0.061600003052688285,0.24051810725641926,0.3931692907045797,0.7665505226480835,0.1205746095679322,0.5609756097560976,0.8710801393728222,0.3423934420941098,0.05864487913968299,0.2675567089687876,0.40472121896987084,0.03780074196899042,0.010745663879003301,0.02405707592576883,0.05153048361138777,0.584498000020866,0.19740666495244383,0.35816847041721894,0.8519032036750046
2,MJ9,calibrated,displacement_elevation_exog_v1,7,17dac7c5985891f27905e7056b45626a0d6f4dbf34f336534c17bb76ecd32f09,2018-12-05,2019-09-17,287,1,5,"0,1,2,3,4",0.07555804948620815,0.06341864111498252,0.055489442508710865,0.05137252387005158,3,3,mixed,mixed,False,False,0.07600016643075568,0.012250974376311025,0.0637952481206465,0.09537246625817741,0.06376190391914112,0.011989631338681002,0.04903422654872243,0.08080363964798036,-0.0058513546545194695,0.16213989719979782,-0.2622409777211898,0.15567899708301414,-0.005412648365268913,0.18905531761462605,-0.2741307323422082,0.2268168209435475,0.05813013548148721,0.015977752661511385,0.035602621351097874,0.07822064020623988,0.11361957799019806,0.015977752661511385,0.09109206385980874,0.13371008271495075,0.04684898702682929,0.008766012934671474,0.038454088323547464,0.06027727376200588,0.9119463771204872,0.17063621317974137,0.7485341467905741,1.173336819395503,0.5358055722110666,0.09215792502348383,0.3739510787093025,0.6053955362368979,0.9714285714285713,0.01946235546169888,0.9477351916376306,1.0,0.3345846078310645,0.029677290852842157,0.29769436794556015,0.37259573115177824,0.021985368870266586,0.0027494212229483917,0.01898598383211117,0.02607237505090464,0.3407515465122922,0.03124070457360244,0.30523059406389796,0.3781530532872374
2,MJ9,raw,displacement_elevation_exog_v1,7,17dac7c5985891f27905e7056b45626a0d6f4dbf34f336534c17bb76ecd32f09,2018-12-05,2019-09-17,287,1,5,"0,1,2,3,4",0.07555804948620815,0.06341864111498252,0.055489442508710865,0.05137252387005158,3,3,mixed,mixed,False,False,0.07600016643075568,0.012250974376311025,0.0637952481206465,0.09537246625817741,0.06376190391914112,0.011989631338681002,0.04903422654872243,0.08080363964798036,-0.0058513546545194695,0.16213989719979782,-0.2622409777211898,0.15567899708301414,-0.005412648365268913,0.18905531761462605,-0.2741307323422082,0.2268168209435475,0.05813013548148721,0.015977752661511385,0.035602621351097874,0.07822064020623988,0.11361957799019806,0.015977752661511385,0.09109206385980874,0.13371008271495075,0.04684898702682929,0.008766012934671474,0.038454088323547464,0.06027727376200588,0.9119463771204872,0.17063621317974137,0.7485341467905741,1.173336819395503,0.5358055722110666,0.09215792502348383,0.3739510787093025,0.6053955362368979,0.4292682926829269,0.1310771570124207,0.24390243902439024,0.5853658536585366,0.1309981353995712,0.01840100176299664,0.11573969131764496,0.16175149554484125,0.023568859654484808,0.006069139599187892,0.0170562580282547,0.0333232904603728,0.38825627003883867,0.1240029053463719,0.26651660810402883,0.5956805155712821
2,overall,calibrated,displacement_elevation_exog_v1,7,17dac7c5985891f27905e7056b45626a0d6f4dbf34f336534c17bb76ecd32f09,2018-12-05,2019-09-17,287,8,5,"0,1,2,3,4",0.12001248409509184,0.09264561082896423,0.08899660405050402,0.08053213935326142,0,0,all_nonpositive,all_nonpositive,False,False,0.3564804302144431,0.08480917950001132,0.2668929144650237,0.45595920390787337,0.21893316060792314,0.04343163762616989,0.15264916010561458,0.270961065408308,-1.9703612328529587,0.7066696447413988,-2.799264779375738,-1.223876261519187,-1.3631250163820714,0.4687932567723073,-1.9247048293365685,-0.6476674797624753,0.20270373820375598,0.04733053526176197,0.12937420799518395,0.2594688454560259,0.29170034225426,0.04733053526176197,0.21837081204568798,0.3484654495065299,0.2953891386171505,0.07962856878374644,0.22157775046797581,0.3822566646420375,3.6679658703887115,0.9887800004225471,2.751420144148974,4.74663491758532,0.18704360161641748,0.04455519950787934,0.1223173506917376,0.24598200989031113,0.9557491289198607,0.019718953399953793,0.929006968641115,0.9790940766550522,1.3197830281153544,0.1969874773381338,0.9909523959903325,1.4614910676878197,0.08566574329208533,0.014879825852162248,0.06930877226442383,0.10103772553695778,1.4753064957229447,0.29362526153533747,1.0332945942674159,1.7929637901727624
2,overall,raw,displacement_elevation_exog_v1,7,17dac7c5985891f27905e7056b45626a0d6f4dbf34f336534c17bb76ecd32f09,2018-12-05,2019-09-17,287,8,5,"0,1,2,3,4",0.12001248409509184,0.09264561082896423,0.08899660405050402,0.08053213935326142,0,0,all_nonpositive,all_nonpositive,False,False,0.3564804302144431,0.08480917950001132,0.2668929144650237,0.45595920390787337,0.21893316060792314,0.04343163762616989,0.15264916010561458,0.270961065408308,-1.9703612328529587,0.7066696447413988,-2.799264779375738,-1.223876261519187,-1.3631250163820714,0.4687932567723073,-1.9247048293365685,-0.6476674797624753,0.20270373820375598,0.04733053526176197,0.12937420799518395,0.2594688454560259,0.29170034225426,0.04733053526176197,0.21837081204568798,0.3484654495065299,0.2953891386171505,0.07962856878374644,0.22157775046797581,0.3822566646420375,3.6679658703887115,0.9887800004225471,2.751420144148974,4.74663491758532,0.18704360161641748,0.04455519950787934,0.1223173506917376,0.24598200989031113,0.7003484320557491,0.1326264209724916,0.4878048780487805,0.8475609756097561,0.7512051294101456,0.13264596375661689,0.5925259041025469,0.8885036919599671,0.07781588517603175,0.016714430939050177,0.060507236118647285,0.09807974867778176,1.2398107522413369,0.32452802674588505,0.824061660624495,1.587587133291913
3,ATU1,calibrated,displacement_elevation_exog_v1,7,17dac7c5985891f27905e7056b45626a0d6f4dbf34f336534c17bb76ecd32f09,2019-09-18,2020-06-30,287,1,5,"0,1,2,3,4",0.47749918246494477,0.2485967719772182,0.22335606284045828,0.422776923498751,5,1,all_positive,mixed,False,False,0.4602581078545084,0.01394051542733077,0.44561201605200396,0.47689073584720976,0.2506673920793906,0.0014726894871515146,0.24828461012235511,0.2522384790091756,0.03610702435433415,0.029194846691395562,0.0012742359360576883,0.0667795204346382,-0.008329231653748815,0.005924008889731231,-0.014649051968748772,0.0012556955280645932,-0.15468663997898546,0.02066139064979263,-0.18974581213237102,-0.1370359393316036,0.06866942286147282,0.020661390649792628,0.03361025070808727,0.08632012350885468,0.03844810025819646,0.005909065291710263,0.031933533770158645,0.046615515049555106,0.09094181380576241,0.013976792401082223,0.07553282120009794,0.11026031095496351,-0.26921798705354366,0.291690072018391,-0.7030375318584222,0.01251962084875751,0.8655052264808363,0.04438920461098562,0.7874564459930313,0.89198606271777,0.8424764165983571,0.10163730242161141,0.7033271810301487,0.9781263789910756,0.09623358544310663,0.004624867116226373,0.09033946826577954,0.10315213852031206,1.633670602896246,0.1374891826252319,1.4544904247530195,1.833371760563484
3,ATU1,raw,displacement_elevation_exog_v1,7,17dac7c5985891f27905e7056b45626a0d6f4dbf34f336534c17bb76ecd32f09,2019-09-18,2020-06-30,287,1,5,"0,1,2,3,4",0.47749918246494477,0.2485967719772182,0.22335606284045828,0.422776923498751,5,1,all_positive,mixed,False,False,0.4602581078545084,0.01394051542733077,0.44561201605200396,0.47689073584720976,0.2506673920793906,0.0014726894871515146,0.24828461012235511,0.2522384790091756,0.03610702435433415,0.029194846691395562,0.0012742359360576883,0.0667795204346382,-0.008329231653748815,0.005924008889731231,-0.014649051968748772,0.0012556955280645932,-0.15468663997898546,0.02066139064979263,-0.18974581213237102,-0.1370359393316036,0.06866942286147282,0.020661390649792628,0.03361025070808727,0.08632012350885468,0.03844810025819646,0.005909065291710263,0.031933533770158645,0.046615515049555106,0.09094181380576241,0.013976792401082223,0.07553282120009794,0.11026031095496351,-0.26921798705354366,0.291690072018391,-0.7030375318584222,0.01251962084875751,0.8655052264808363,0.04438920461098562,0.7874564459930313,0.89198606271777,0.8424764165983571,0.10163730242161141,0.7033271810301487,0.9781263789910756,0.09623358544310663,0.004624867116226373,0.09033946826577954,0.10315213852031206,1.633670602896246,0.1374891826252319,1.4544904247530195,1.833371760563484
3,ATU2,calibrated,displacement_elevation_exog_v1,7,17dac7c5985891f27905e7056b45626a0d6f4dbf34f336534c17bb76ecd32f09,2019-09-18,2020-06-30,287,1,5,"0,1,2,3,4",0.3222258673501355,0.15633909407665492,0.15546682926829275,0.28273327460326164,4,5,mixed,all_positive,False,False,0.3102283791771237,0.009992052610402655,0.30032515838463514,0.3234912930069022,0.14685732274163207,0.0075251699581469185,0.13598475932322734,0.15380000459477616,0.03723316278632318,0.031009467652530667,-0.003927138647102257,0.06796694860534802,0.06064875449753988,0.04813364182894163,0.016240912082001735,0.13019350581274058,-0.10700286379435828,0.016222652421100114,-0.12723876639975817,-0.08200037842764743,0.04846396547393449,0.016222652421100114,0.02822806286853459,0.07346645084064533,0.03525560416078149,0.006197981498523843,0.02879240887757163,0.044647657544584614,0.1246956312809415,0.021921655691998065,0.10183594031503314,0.15791440751795244,-0.18206044623456624,0.22091923051158702,-0.4484825068446128,0.10407647923011049,0.8891986062717769,0.004542998191778859,0.8815331010452961,0.89198606271777,0.514887241905075,0.07744019047112725,0.41597623147443197,0.601563151091068,0.06013461433579672,0.0027269355769087094,0.05580434859946059,0.06273784297024244,1.0697518163657418,0.08150922420554514,0.9250565456549561,1.117881502729409
3,ATU2,raw,displacement_elevation_exog_v1,7,17dac7c5985891f27905e7056b45626a0d6f4dbf34f336534c17bb76ecd32f09,2019-09-18,2020-06-30,287,1,5,"0,1,2,3,4",0.3222258673501355,0.15633909407665492,0.15546682926829275,0.28273327460326164,4,5,mixed,all_positive,False,False,0.3102283791771237,0.009992052610402655,0.30032515838463514,0.3234912930069022,0.14685732274163207,0.0075251699581469185,0.13598475932322734,0.15380000459477616,0.03723316278632318,0.031009467652530667,-0.003927138647102257,0.06796694860534802,0.06064875449753988,0.04813364182894163,0.016240912082001735,0.13019350581274058,-0.10700286379435828,0.016222652421100114,-0.12723876639975817,-0.08200037842764743,0.04846396547393449,0.016222652421100114,0.02822806286853459,0.07346645084064533,0.03525560416078149,0.006197981498523843,0.02879240887757163,0.044647657544584614,0.1246956312809415,0.021921655691998065,0.10183594031503314,0.15791440751795244,-0.18206044623456624,0.22091923051158702,-0.4484825068446128,0.10407647923011049,0.8891986062717769,0.004542998191778859,0.8815331010452961,0.89198606271777,0.514887241905075,0.07744019047112725,0.41597623147443197,0.601563151091068,0.06013461433579672,0.0027269355769087094,0.05580434859946059,0.06273784297024244,1.0697518163657418,0.08150922420554514,0.9250565456549561,1.117881502729409
3,ATU3,calibrated,displacement_elevation_exog_v1,7,17dac7c5985891f27905e7056b45626a0d6f4dbf34f336534c17bb76ecd32f09,2019-09-18,2020-06-30,287,1,5,"0,1,2,3,4",0.4935066784621653,0.2444569686411152,0.24300142857142848,0.43028391709775354,4,5,mixed,all_positive,False,False,0.48497787739237985,0.00941361599659602,0.46884107431933225,0.4936215089202555,0.22856757094179891,0.011975977836310589,0.21380906250615686,0.24153602456579293,0.01728203779604831,0.01907495158106094,-0.00023268268313625384,0.04998028439998914,0.06499875126343135,0.04899012657680625,0.011948704475716942,0.12537137437858126,-0.21166022468545737,0.01854640109310665,-0.2286671034637378,-0.19114719555316217,0.03134120388597113,0.01854640109310665,0.014334325107690667,0.0518542330182663,0.05178986130166428,0.005229705401772162,0.04720405777430226,0.06079961356370533,0.12036206617013405,0.012154080582528625,0.10970444373726909,0.1413011529080522,-0.07089950951500008,0.15823604181439335,-0.3263806354751988,0.08665285837004447,0.8794425087108013,0.016453963697724866,0.8501742160278746,0.8885017421602788,0.7402602887429099,0.1029030351478128,0.5901823575144449,0.8477001657171076,0.09327095689521986,0.004830334178552898,0.08568504379850496,0.09826943382685198,1.6552908521476013,0.11631473614675819,1.466665894945918,1.7494510788150455
3,ATU3,raw,displacement_elevation_exog_v1,7,17dac7c5985891f27905e7056b45626a0d6f4dbf34f336534c17bb76ecd32f09,2019-09-18,2020-06-30,287,1,5,"0,1,2,3,4",0.4935066784621653,0.2444569686411152,0.24300142857142848,0.43028391709775354,4,5,mixed,all_positive,False,False,0.48497787739237985,0.00941361599659602,0.46884107431933225,0.4936215089202555,0.22856757094179891,0.011975977836310589,0.21380906250615686,0.24153602456579293,0.01728203779604831,0.01907495158106094,-0.00023268268313625384,0.04998028439998914,0.06499875126343135,0.04899012657680625,0.011948704475716942,0.12537137437858126,-0.21166022468545737,0.01854640109310665,-0.2286671034637378,-0.19114719555316217,0.03134120388597113,0.01854640109310665,0.014334325107690667,0.0518542330182663,0.05178986130166428,0.005229705401772162,0.04720405777430226,0.06079961356370533,0.12036206617013405,0.012154080582528625,0.10970444373726909,0.1413011529080522,-0.07089950951500008,0.15823604181439335,-0.3263806354751988,0.08665285837004447,0.8794425087108013,0.016453963697724866,0.8501742160278746,0.8885017421602788,0.7402602887429099,0.1029030351478128,0.5901823575144449,0.8477001657171076,0.09327095689521986,0.004830334178552898,0.08568504379850496,0.09826943382685198,1.6552908521476013,0.11631473614675819,1.466665894945918,1.7494510788150455
3,ATU4,calibrated,displacement_elevation_exog_v1,7,17dac7c5985891f27905e7056b45626a0d6f4dbf34f336534c17bb76ecd32f09,2019-09-18,2020-06-30,287,1,5,"0,1,2,3,4",0.30687584774225235,0.1492666202090592,0.13881038327526124,0.27416485394879053,1,1,mixed,mixed,False,False,0.3092514657809171,0.007478220064306291,0.29711484613503786,0.3159612456157616,0.15641428331369406,0.008841074399926072,0.14721760408368098,0.16776620279504617,-0.007741300125580564,0.024368877900705035,-0.02960610272966213,0.031807656676236196,-0.04788520765475903,0.0592300836418985,-0.12393650073993046,0.0137272226202243,-0.14568865519303092,0.01557772275046665,-0.16528720440578998,-0.12450981066013594,-0.00687827191776965,0.015577722750466651,-0.026476821130528724,0.014300572615125313,0.03353592883772314,0.0058280017260476874,0.02836043063627175,0.04334129029973003,0.12232030603013433,0.021257289700364956,0.10344298413088722,0.15808477883100752,0.08792083380901347,0.1809393848844772,-0.1897015958765599,0.2947342681037045,0.8620209059233449,0.055344788040591716,0.7630662020905923,0.8885017421602788,0.42741840870552605,0.058293607313560994,0.33809424059578114,0.4868866854211701,0.06082099465531875,0.0037375140559379742,0.05552680266213248,0.06460153114962301,1.0425584230910925,0.07894552807495078,0.9297160594455697,1.1220007309780953
3,ATU4,raw,displacement_elevation_exog_v1,7,17dac7c5985891f27905e7056b45626a0d6f4dbf34f336534c17bb76ecd32f09,2019-09-18,2020-06-30,287,1,5,"0,1,2,3,4",0.30687584774225235,0.1492666202090592,0.13881038327526124,0.27416485394879053,1,1,mixed,mixed,False,False,0.3092514657809171,0.007478220064306291,0.29711484613503786,0.3159612456157616,0.15641428331369406,0.008841074399926072,0.14721760408368098,0.16776620279504617,-0.007741300125580564,0.024368877900705035,-0.02960610272966213,0.031807656676236196,-0.04788520765475903,0.0592300836418985,-0.12393650073993046,0.0137272226202243,-0.14568865519303092,0.01557772275046665,-0.16528720440578998,-0.12450981066013594,-0.00687827191776965,0.015577722750466651,-0.026476821130528724,0.014300572615125313,0.03353592883772314,0.0058280017260476874,0.02836043063627175,0.04334129029973003,0.12232030603013433,0.021257289700364956,0.10344298413088722,0.15808477883100752,0.08792083380901347,0.1809393848844772,-0.1897015958765599,0.2947342681037045,0.8620209059233449,0.055344788040591716,0.7630662020905923,0.8885017421602788,0.42741840870552605,0.058293607313560994,0.33809424059578114,0.4868866854211701,0.06082099465531875,0.0037375140559379742,0.05552680266213248,0.06460153114962301,1.0425584230910925,0.07894552807495078,0.9297160594455697,1.1220007309780953
3,ATU5,calibrated,displacement_elevation_exog_v1,7,17dac7c5985891f27905e7056b45626a0d6f4dbf34f336534c17bb76ecd32f09,2019-09-18,2020-06-30,287,1,5,"0,1,2,3,4",0.39740596796319644,0.2208207887240037,0.2201682601679118,0.33142142192551766,5,5,all_positive,all_positive,False,False,0.3709552544204381,0.01056179013151016,0.3603990604147209,0.3866345589963535,0.19187226280829975,0.007656016083141904,0.18389617440438427,0.20318693034492613,0.0665584205449273,0.026576828188167215,0.027104295947162127,0.09312116709808116,0.13109511148375494,0.03467072157192089,0.07985597044994497,0.16721529948781333,-0.13882092295109144,0.018747889431720823,-0.15599422756280823,-0.11369806058240525,0.08134733721682033,0.01874788943172082,0.06417403260510358,0.10647019958550655,0.04145705949841312,0.007696429084512316,0.03180732284266152,0.051391836507956784,0.1250886537676192,0.023222485256978894,0.09597244094200337,0.1550649206963646,-0.2613288797463296,0.24973089712862137,-0.5958712796420039,0.04513441400998527,0.880836236933798,0.017316757686117318,0.8501742160278746,0.89198606271777,0.6310807538916408,0.09005530616798721,0.5070088638639044,0.7255916050385548,0.07487941394467768,0.0033439434627728732,0.0692317051184621,0.07811822941923656,1.287021104298831,0.0976010676965086,1.1190474444379788,1.366441232723396
3,ATU5,raw,displacement_elevation_exog_v1,7,17dac7c5985891f27905e7056b45626a0d6f4dbf34f336534c17bb76ecd32f09,2019-09-18,2020-06-30,287,1,5,"0,1,2,3,4",0.39740596796319644,0.2208207887240037,0.2201682601679118,0.33142142192551766,5,5,all_positive,all_positive,False,False,0.3709552544204381,0.01056179013151016,0.3603990604147209,0.3866345589963535,0.19187226280829975,0.007656016083141904,0.18389617440438427,0.20318693034492613,0.0665584205449273,0.026576828188167215,0.027104295947162127,0.09312116709808116,0.13109511148375494,0.03467072157192089,0.07985597044994497,0.16721529948781333,-0.13882092295109144,0.018747889431720823,-0.15599422756280823,-0.11369806058240525,0.08134733721682033,0.01874788943172082,0.06417403260510358,0.10647019958550655,0.04145705949841312,0.007696429084512316,0.03180732284266152,0.051391836507956784,0.1250886537676192,0.023222485256978894,0.09597244094200337,0.1550649206963646,-0.2613288797463296,0.24973089712862137,-0.5958712796420039,0.04513441400998527,0.880836236933798,0.017316757686117318,0.8501742160278746,0.89198606271777,0.6310807538916408,0.09005530616798721,0.5070088638639044,0.7255916050385548,0.07487941394467768,0.0033439434627728732,0.0692317051184621,0.07811822941923656,1.287021104298831,0.0976010676965086,1.1190474444379788,1.366441232723396
3,MJ1,calibrated,displacement_elevation_exog_v1,7,17dac7c5985891f27905e7056b45626a0d6f4dbf34f336534c17bb76ecd32f09,2019-09-18,2020-06-30,287,1,5,"0,1,2,3,4",0.18321149396116104,0.14917262968946765,0.14917262968946765,0.10655297947450441,5,5,all_positive,all_positive,False,False,0.15793155874582623,0.005547676486941813,0.1528292729202354,0.1665806334838232,0.12470698709677078,0.003510588720819946,0.11919446185823113,0.12806203659337503,0.1379822557458863,0.030280177116605272,0.09077411093467425,0.16583141365228082,0.16400892471780482,0.02353373221433405,0.14151787187796105,0.20096292392003823,-0.11361031323486889,0.005509629919791078,-0.12042737764800507,-0.10735829956532077,0.035562316454598744,0.00550962991979108,0.02874525204146257,0.04181433012414688,0.022858493514181268,0.00984746217102171,0.012665291496010898,0.03560262666868716,0.2145270233353799,0.09241845905752429,0.1188637948790667,0.3341307473922493,-0.0689907864244094,0.33049348083785846,-0.6548712045613416,0.15231048176050205,0.6418118466898955,0.04861844664127283,0.5679442508710801,0.6898954703832753,0.2686305601571131,0.03234281153855716,0.21552893260132697,0.3028542285625814,0.04050152797172602,0.0019339081399976686,0.03832377632785301,0.04281239117562017,0.5915109036679266,0.061285984957969636,0.5214549498451793,0.6571995848486017
3,MJ1,raw,displacement_elevation_exog_v1,7,17dac7c5985891f27905e7056b45626a0d6f4dbf34f336534c17bb76ecd32f09,2019-09-18,2020-06-30,287,1,5,"0,1,2,3,4",0.18321149396116104,0.14917262968946765,0.14917262968946765,0.10655297947450441,5,5,all_positive,all_positive,False,False,0.15793155874582623,0.005547676486941813,0.1528292729202354,0.1665806334838232,0.12470698709677078,0.003510588720819946,0.11919446185823113,0.12806203659337503,0.1379822557458863,0.030280177116605272,0.09077411093467425,0.16583141365228082,0.16400892471780482,0.02353373221433405,0.14151787187796105,0.20096292392003823,-0.11361031323486889,0.005509629919791078,-0.12042737764800507,-0.10735829956532077,0.035562316454598744,0.00550962991979108,0.02874525204146257,0.04181433012414688,0.022858493514181268,0.00984746217102171,0.012665291496010898,0.03560262666868716,0.2145270233353799,0.09241845905752429,0.1188637948790667,0.3341307473922493,-0.0689907864244094,0.33049348083785846,-0.6548712045613416,0.15231048176050205,0.44459930313588847,0.1071846325175553,0.313588850174216,0.5644599303135889,0.1653178630390595,0.023078794060224117,0.12956590326921968,0.185246609064223,0.044386685949473224,0.003268501409210769,0.04177471019460515,0.04981302612425568,0.7080656430003428,0.09626777529900377,0.6129311228712793,0.8672186333076669
3,MJ3,calibrated,displacement_elevation_exog_v1,7,17dac7c5985891f27905e7056b45626a0d6f4dbf34f336534c17bb76ecd32f09,2019-09-18,2020-06-30,287,1,5,"0,1,2,3,4",0.2228104696269016,0.18201727868135892,0.18201727868135892,0.12873211584336292,4,5,mixed,all_positive,False,False,0.2141676921469123,0.011418778238655789,0.19626492703264914,0.22719252240076018,0.1617554751178709,0.013150169778368522,0.14021324638852395,0.17444648879771477,0.03878981761701641,0.051248840585348815,-0.019667176238155948,0.11913956574259388,0.11131802271892284,0.07224682114597115,0.04159379778937167,0.22967068069409768,-0.16021200162395835,0.015280599915522015,-0.17309830094289277,-0.13424389970414854,0.0218052770574006,0.015280599915522016,0.008918977738466142,0.04777337897721039,0.022523324679741406,0.0028319346091202797,0.019564146190155944,0.025865788331455326,0.1749627475023176,0.02199866436255959,0.15197564385534504,0.20092723685927746,-0.513992273272526,0.25548996582534156,-0.71911286345983,-0.0912349628020841,0.5372822299651568,0.014659013218092445,0.5226480836236934,0.5609756097560976,0.2482955886206714,0.03096402795919443,0.21001913264978392,0.292630032568658,0.059417253448240795,0.00442543987054573,0.052038864276462656,0.06337610184563729,0.9737402278578692,0.06732413150019899,0.8600996963512598,1.0290506113805444
3,MJ3,raw,displacement_elevation_exog_v1,7,17dac7c5985891f27905e7056b45626a0d6f4dbf34f336534c17bb76ecd32f09,2019-09-18,2020-06-30,287,1,5,"0,1,2,3,4",0.2228104696269016,0.18201727868135892,0.18201727868135892,0.12873211584336292,4,5,mixed,all_positive,False,False,0.2141676921469123,0.011418778238655789,0.19626492703264914,0.22719252240076018,0.1617554751178709,0.013150169778368522,0.14021324638852395,0.17444648879771477,0.03878981761701641,0.051248840585348815,-0.019667176238155948,0.11913956574259388,0.11131802271892284,0.07224682114597115,0.04159379778937167,0.22967068069409768,-0.16021200162395835,0.015280599915522015,-0.17309830094289277,-0.13424389970414854,0.0218052770574006,0.015280599915522016,0.008918977738466142,0.04777337897721039,0.022523324679741406,0.0028319346091202797,0.019564146190155944,0.025865788331455326,0.1749627475023176,0.02199866436255959,0.15197564385534504,0.20092723685927746,-0.513992273272526,0.25548996582534156,-0.71911286345983,-0.0912349628020841,0.5066202090592336,0.04067860312946697,0.4355400696864111,0.5365853658536586,0.20399530555661335,0.029296720227520917,0.16309749379134614,0.23320028032910115,0.06152929178745929,0.005684573996608169,0.053197024016629124,0.06861837645046577,1.0371013780344243,0.11392437212253384,0.8948444885562543,1.20928767174947
3,MJ9,calibrated,displacement_elevation_exog_v1,7,17dac7c5985891f27905e7056b45626a0d6f4dbf34f336534c17bb76ecd32f09,2019-09-18,2020-06-30,287,1,5,"0,1,2,3,4",0.12459354735642256,0.09359062717770046,0.08613425087108013,0.09018192769378008,5,5,all_positive,all_positive,False,False,0.11659946767559015,0.004910404459743395,0.10943703908365737,0.12066651860256848,0.0882989832132767,0.0031386768401494526,0.08437560079606296,0.0912527515932719,0.06416126557472417,0.039411386576034206,0.031518716957468884,0.12164761814997715,0.05654031951700171,0.033536230441003956,0.02497980465490035,0.09846099614377979,-0.07665427879028912,0.006045846147714262,-0.08166454889977204,-0.06746536259926833,0.009479972080791012,0.00604584614771426,0.004469701971308094,0.01866888827181179,0.01629760178248084,0.004479323330583564,0.012048730851263798,0.02362193752073587,0.18071915514847547,0.04966985564772427,0.1336047161486304,0.2619364891039593,0.2277489712364634,0.0940589028864899,0.12519311075211562,0.3545881680989908,0.47874564459930313,0.030335608166799893,0.445993031358885,0.5087108013937283,0.13256507269353174,0.03228456815903234,0.09609738082446881,0.15743807466061083,0.03349748172641058,0.0013346684931512247,0.03141351013368141,0.03473311373919189,0.563429535725934,0.03642798941680817,0.5205273000301276,0.6105528728992292
3,MJ9,raw,displacement_elevation_exog_v1,7,17dac7c5985891f27905e7056b45626a0d6f4dbf34f336534c17bb76ecd32f09,2019-09-18,2020-06-30,287,1,5,"0,1,2,3,4",0.12459354735642256,0.09359062717770046,0.08613425087108013,0.09018192769378008,5,5,all_positive,all_positive,False,False,0.11659946767559015,0.004910404459743395,0.10943703908365737,0.12066651860256848,0.0882989832132767,0.0031386768401494526,0.08437560079606296,0.0912527515932719,0.06416126557472417,0.039411386576034206,0.031518716957468884,0.12164761814997715,0.05654031951700171,0.033536230441003956,0.02497980465490035,0.09846099614377979,-0.07665427879028912,0.006045846147714262,-0.08166454889977204,-0.06746536259926833,0.009479972080791012,0.00604584614771426,0.004469701971308094,0.01866888827181179,0.01629760178248084,0.004479323330583564,0.012048730851263798,0.02362193752073587,0.18071915514847547,0.04966985564772427,0.1336047161486304,0.2619364891039593,0.2277489712364634,0.0940589028864899,0.12519311075211562,0.3545881680989908,0.43832752613240417,0.01623110062557787,0.41114982578397213,0.44947735191637633,0.083829716306226,0.013619245431768503,0.06282841209245656,0.09836076261611904,0.03618224967630611,0.0031309304471044755,0.03141351013368141,0.03993569762383512,0.6439725742228,0.08128276575809532,0.5205273000301276,0.7468609797942627
3,overall,calibrated,displacement_elevation_exog_v1,7,17dac7c5985891f27905e7056b45626a0d6f4dbf34f336534c17bb76ecd32f09,2019-09-18,2020-06-30,287,8,5,"0,1,2,3,4",0.34026141030996043,0.18053259739707228,0.1747658904206574,0.2920134418124893,5,5,all_positive,all_positive,False,False,0.3280900088545566,0.007671017771005419,0.31679767347268906,0.3377705435519049,0.1686425346640917,0.004685887581112705,0.16319437393403785,0.17433000241710989,0.0357707371056752,0.0225444835604999,0.007320450343712204,0.0689579720953285,0.06586102955594757,0.025955908510009052,0.034357202352326977,0.09603929546806378,-0.13854198753150498,0.011255342274245565,-0.15082686723238434,-0.12578697344599227,0.036223902889152435,0.011255342274245564,0.023939023188273074,0.04897891697466514,0.04543546300232606,0.0022118946221790334,0.04204820032067607,0.04777603987704412,0.15559373815230587,0.007574632895150621,0.1439940574642331,0.16360904340740098,-0.04086808909408587,0.09361622718677408,-0.13710588001107105,0.10497153758919041,0.7543554006968641,0.018690201255335655,0.7238675958188153,0.7695993031358885,0.4757017914143531,0.05063361495263145,0.4096667426487439,0.5424446945883714,0.06484447855256213,0.0029420316153653736,0.06005237867098179,0.06775769219246179,1.1021216832564051,0.07583061808367375,0.9792773761439606,1.1771136538181755
3,overall,raw,displacement_elevation_exog_v1,7,17dac7c5985891f27905e7056b45626a0d6f4dbf34f336534c17bb76ecd32f09,2019-09-18,2020-06-30,287,8,5,"0,1,2,3,4",0.34026141030996043,0.18053259739707228,0.1747658904206574,0.2920134418124893,5,5,all_positive,all_positive,False,False,0.3280900088545566,0.007671017771005419,0.31679767347268906,0.3377705435519049,0.1686425346640917,0.004685887581112705,0.16319437393403785,0.17433000241710989,0.0357707371056752,0.0225444835604999,0.007320450343712204,0.0689579720953285,0.06586102955594757,0.025955908510009052,0.034357202352326977,0.09603929546806378,-0.13854198753150498,0.011255342274245565,-0.15082686723238434,-0.12578697344599227,0.036223902889152435,0.011255342274245564,0.023939023188273074,0.04897891697466514,0.04543546300232606,0.0022118946221790334,0.04204820032067607,0.04777603987704412,0.15559373815230587,0.007574632895150621,0.1439940574642331,0.16360904340740098,-0.04086808909408587,0.09361622718677408,-0.13710588001107105,0.10497153758919041,0.7208188153310104,0.034945136184410294,0.6615853658536586,0.75,0.45115824934317594,0.06095777238609151,0.3637600854539667,0.518378693381595,0.06592972408591978,0.003249705846908843,0.061245570328791,0.07009084207483814,1.134679049257135,0.08475563911836875,1.015073125878237,1.2471081502894663
