fit_days,strategy,segment,station,days,rmse_P0_mm,mae_P0_mm,rmse_NORM_mm,mae_NORM_mm,rmse_PROBE_mm,mae_PROBE_mm,nonzero_pairs,same_direction_days,same_direction_fraction,forecast_improves_P0,forecast_improves_NORM
342,IN,all,ATU1,90,38.19469539084798,34.457168222146095,39.03377522811027,35.46785188266517,53.14541989426331,51.580875577799965,90,1,0.011111111111111112,False,False
342,IN,all,ATU5,90,52.414974033984194,46.91841362053971,55.75112860280375,50.49718654764203,72.01791023945873,69.0417386616904,90,1,0.011111111111111112,False,False
342,IN,all,MJ3,90,23.31495236030119,17.610882024455858,24.18885060316037,18.39064469029302,24.09114928183965,19.095217668150134,90,33,0.36666666666666664,False,False
342,IN,all,MJ1,90,4.11135419743559,3.231924828050983,4.138002277482296,3.6239444478162124,1.8284444294886397,1.2128365434246853,90,71,0.7888888888888889,True,True
342,IN,days_1_30,ATU1,30,17.053340264101436,14.582831653673342,16.770400757398328,15.2016087002418,38.9185425425651,37.67726924922999,30,0,0.0,False,False
342,IN,days_1_30,ATU5,30,21.27696044445072,18.42361879496284,23.13039683650988,21.35357114831105,44.6670306690116,42.93304858365507,30,0,0.0,False,False
342,IN,days_1_30,MJ3,30,2.5665091121673504,2.0935874892455333,2.3142395372549616,1.9367872694986015,2.739357985697069,2.4473145791237547,30,16,0.5333333333333333,False,False
342,IN,days_1_30,MJ1,30,1.2716322911795905,1.1150701013560895,3.6928035425268866,3.22531762694047,1.741839917599889,1.5055760078027711,30,16,0.5333333333333333,False,True
342,IN,days_31_90,ATU1,60,45.197830997934894,44.39433650638248,46.31231199212667,45.60097347387685,58.98582038751019,58.53267874208498,60,1,0.016666666666666666,False,False
342,IN,days_31_90,ATU5,60,62.40704873327608,61.16581103332815,66.29309829704998,65.06899424730754,82.35470404594318,82.09608370070806,60,1,0.016666666666666666,False,False
342,IN,days_31_90,MJ3,60,28.497140572928576,25.36952929206102,29.57994063440832,26.617573400690226,29.441860836110948,27.419169212663327,60,17,0.2833333333333333,False,False
342,IN,days_31_90,MJ1,60,4.954424856950758,4.29035219139843,4.3435233705856175,3.8232578582540837,1.8702434061693312,1.0664668112356424,60,55,0.9166666666666666,True,True
342,OOF,all,ATU1,90,38.19469539084798,34.457168222146095,38.1968033681546,34.80348640646674,22.66619021455332,20.006121134970233,90,68,0.7555555555555555,True,True
342,OOF,all,ATU5,90,52.414974033984194,46.91841362053971,51.22198652140657,46.63693749728009,37.65265967905292,34.86621826516466,90,67,0.7444444444444445,True,True
342,OOF,all,MJ3,90,23.31495236030119,17.610882024455858,21.3415671195716,15.936680642417075,7.21495317787735,5.787857433088269,90,81,0.9,True,True
342,OOF,all,MJ1,90,4.11135419743559,3.231924828050983,4.51699202582507,4.068463982745246,13.008926304682154,11.172487159810895,90,68,0.7555555555555555,False,False
342,OOF,days_1_30,ATU1,30,17.053340264101436,14.582831653673342,17.501063583167607,15.978047215138265,16.804360861494757,14.706547602598441,30,8,0.26666666666666666,False,True
342,OOF,days_1_30,ATU5,30,21.27696044445072,18.42361879496284,22.644059853494074,21.044878109715675,21.28779162284089,18.53212660118854,30,7,0.23333333333333334,False,True
342,OOF,days_1_30,MJ3,30,2.5665091121673504,2.0935874892455333,2.174527956473665,1.5347431242662273,1.2887390981731641,1.014424874747806,30,21,0.7,True,True
342,OOF,days_1_30,MJ1,30,1.2716322911795905,1.1150701013560895,5.965849357532187,5.771267043656113,4.8932742156671205,4.442752723658164,30,12,0.4,False,True
342,OOF,days_31_90,ATU1,60,45.197830997934894,44.39433650638248,45.11485418403968,44.21620600213098,25.088662704133924,22.655907901156134,60,60,1.0,True,True
342,OOF,days_31_90,ATU5,60,62.40704873327608,61.16581103332815,60.6560889892715,59.43296719106229,43.588979516285065,43.033264097152724,60,60,1.0,True,True
342,OOF,days_31_90,MJ3,60,28.497140572928576,25.36952929206102,26.09270865130768,23.1376494014925,8.789362878324209,8.174573712258502,60,60,1.0,True,True
342,OOF,days_31_90,MJ1,60,4.954424856950758,4.29035219139843,3.5789867509767763,3.2170624522898112,15.55236892329013,14.537354377887262,60,56,0.9333333333333333,False,False
432,IN,all,ATU1,180,55.386000418770955,54.513970896972424,62.802920797782946,61.92118454761227,49.60182077176286,47.93453066428311,180,108,0.6,True,True
432,IN,all,ATU5,180,140.06419011407704,134.6063919201048,148.41173579156506,143.05792939072438,142.33121889741417,136.59525216350093,180,75,0.4166666666666667,False,True
432,IN,all,MJ3,180,14.720515018928182,12.545990697413949,9.842769630050881,8.349385439360152,13.141449845029937,11.704473169092575,180,114,0.6333333333333333,True,False
432,IN,all,MJ1,180,21.877992443612733,18.144087691792183,15.067132969817147,11.511314060313897,25.27382750187907,22.49379725966319,180,53,0.29444444444444445,False,False
432,IN,days_1_30,ATU1,30,57.197608294364606,52.80331164339482,63.66445331039691,59.37488911208922,40.049775119253844,37.153888952477686,30,21,0.7,True,True
432,IN,days_1_30,ATU5,30,68.34523706167072,62.52874689260478,75.97786762528037,70.25921702080312,70.01932740675706,62.5694799690822,30,17,0.5666666666666667,False,True
432,IN,days_1_30,MJ3,30,6.86993477420696,6.2709062723555915,12.817272410925199,12.199947898079767,9.589262427405973,8.508405758261407,30,6,0.2,False,True
432,IN,days_1_30,MJ1,30,0.6032667457502434,0.5462985706280808,1.8438658895489037,1.5638947501436442,7.213286753139303,6.982710508163143,30,20,0.6666666666666666,False,False
432,IN,days_31_90,ATU1,60,52.74484136787298,52.42518079695015,59.39047661475916,59.031754517638014,51.294626219125796,50.63559649734787,60,33,0.55,True,True
432,IN,days_31_90,ATU5,60,128.21510409676227,127.37698047620161,135.66619827400788,134.87166436771915,130.25824894775047,129.65802178166732,60,22,0.36666666666666664,False,True
432,IN,days_31_90,MJ3,60,6.5025535272188035,5.820851823762314,8.41524733215067,6.313942793171941,10.481647964175371,8.488944884200404,60,30,0.5,False,False
432,IN,days_31_90,MJ1,60,12.261396470835933,11.077853235170137,4.628461596388733,3.885696131517214,16.663811735550382,14.917363271044215,60,12,0.2,False,False
432,IN,days_91_180,ATU1,90,56.480236301113464,56.476717381513126,64.69832847925149,64.69623637943616,51.302312807585494,49.72736734617508,90,54,0.6,True,True
432,IN,days_91_180,ATU5,90,163.46107268273465,163.45188122520696,172.79370054765926,172.7816768627016,166.04409674197882,165.8953298161962,90,36,0.4,False,True
432,IN,days_91_180,MJ3,90,19.734901114391157,19.12111142153449,9.580630399632888,8.422826383912419,15.540295816416116,14.913514495964414,90,78,0.8666666666666667,True,False
432,IN,days_91_180,MJ1,90,29.2736041658697,28.72084036992825,20.94330299215617,19.91086578290177,32.78821633183525,32.715115502575856,90,21,0.23333333333333334,False,False
432,OOF,all,ATU1,180,55.386000418770955,54.513970896972424,63.247350820887974,62.48234460769914,37.616342485463164,29.490699711544362,180,159,0.8833333333333333,True,True
432,OOF,all,ATU5,180,140.06419011407704,134.6063919201048,147.24107606329494,142.18659830319646,64.63627311906455,59.312072444633266,180,159,0.8833333333333333,True,True
432,OOF,all,MJ3,180,14.720515018928182,12.545990697413949,11.168614471607066,9.591461333711255,72.19013656772981,57.41503947116409,180,51,0.2833333333333333,False,False
432,OOF,all,MJ1,180,21.877992443612733,18.144087691792183,14.785449084960288,11.41265856363932,55.153849336927856,43.66979232392195,180,32,0.17777777777777778,False,False
432,OOF,days_1_30,ATU1,30,57.197608294364606,52.80331164339482,64.76349987413901,61.01050991828619,52.263211014767144,45.6988131553405,30,9,0.3,True,True
432,OOF,days_1_30,ATU5,30,68.34523706167072,62.52874689260478,77.99000906232156,71.94768711735654,57.492571824337375,53.35639042456885,30,9,0.3,True,True
432,OOF,days_1_30,MJ3,30,6.86993477420696,6.2709062723555915,13.537534381678679,12.522076192306432,4.0941807577291875,3.6324678480636523,30,30,1.0,True,True
432,OOF,days_1_30,MJ1,30,0.6032667457502434,0.5462985706280808,1.7365597296972763,1.6202582589540233,2.5216894250310053,2.066669893293094,30,28,0.9333333333333333,False,False
432,OOF,days_31_90,ATU1,60,52.74484136787298,52.42518079695015,61.095861114553,60.73703297621782,12.898256558448905,10.350960985552007,60,60,1.0,True,True
432,OOF,days_31_90,ATU5,60,128.21510409676227,127.37698047620161,135.30585200295332,134.6032616448339,72.0395248553623,70.55638288867888,60,60,1.0,True,True
432,OOF,days_31_90,MJ3,60,6.5025535272188035,5.820851823762314,8.642774969689135,6.406364065182728,32.73020553739132,27.70312612005078,60,21,0.35,False,False
432,OOF,days_31_90,MJ1,60,12.261396470835933,11.077853235170137,4.70104048619806,4.142739011875365,21.815557516436687,17.73900230395656,60,4,0.06666666666666667,False,False
432,OOF,days_91_180,ATU1,90,56.480236301113464,56.476717381513126,64.13954814454122,64.136497258491,42.527489391501234,36.847821047607226,90,90,1.0,True,True
432,OOF,days_91_180,ATU5,90,163.46107268273465,163.45188122520696,170.6671401643472,170.65512647071813,61.59627888810743,53.80109282195766,90,90,1.0,True,True
432,OOF,days_91_180,MJ3,90,19.734901114391157,19.12111142153449,11.772393410062405,10.737987893198547,98.5041452273087,95.15050557960643,90,0,0.0,False,False
432,OOF,days_91_180,MJ1,90,29.2736041658697,28.72084036992825,20.529992895462033,19.523405033043723,75.92427491261934,74.82469314744183,90,0,0.0,False,False
612,IN,all,ATU1,180,4.264416212270162,2.9570455475789585,10.78946794857316,8.508927163096079,8.03691712574675,6.0167536568055136,180,104,0.5777777777777777,False,True
612,IN,all,ATU5,180,5.021708368573075,4.3470540930039006,7.629947486265576,6.566912843277156,10.549674135734593,6.9299998446692905,180,108,0.6,False,False
612,IN,all,MJ3,180,61.04552849517042,50.59326022797686,62.78622035189697,53.24770154206218,62.94746348819758,53.32132117291939,180,26,0.14444444444444443,False,False
612,IN,all,MJ1,180,18.647526258184858,15.311142958359284,18.4646812950052,14.875482266199697,18.918541045225556,15.514772454626502,180,90,0.5,False,False
612,IN,days_1_30,ATU1,30,0.5747134709127756,0.39419689633795846,1.7690981783169395,1.6410364395049157,3.167804516487749,3.1486201500950783,30,14,0.4666666666666667,False,False
612,IN,days_1_30,ATU5,30,3.430966085890417,3.040424300767315,5.787913599909973,5.160781765856228,1.9771852638097787,1.9644205682540283,30,30,1.0,True,True
612,IN,days_1_30,MJ3,30,7.1982846566884335,6.328028517577157,10.341418739105766,9.570244665167843,9.740919447382423,8.838131342229284,30,0,0.0,False,True
612,IN,days_1_30,MJ1,30,1.9695255525068467,1.7739405579801162,2.9632770192145577,2.6536839402735874,11.849000780528463,11.313491537218578,30,9,0.3,False,False
612,IN,days_31_90,ATU1,60,6.4634814277068084,5.813384742423944,11.373834629091128,9.331771525564951,7.147821301180599,5.787488719822203,60,46,0.7666666666666667,False,True
612,IN,days_31_90,ATU5,60,4.406143806092198,4.1030506161805755,5.062081260094712,4.5777974186571075,10.981520168493164,6.858177838648205,60,44,0.7333333333333333,False,False
612,IN,days_31_90,MJ3,60,28.560012209613614,26.339428299369875,32.02047903044936,30.099929050429257,32.753536436117365,30.35572310236079,60,0,0.0,False,False
612,IN,days_31_90,MJ1,60,8.803788759870336,7.7555419673043655,6.889100760859859,6.045831586450051,3.5596204955701585,3.0688534385949593,60,53,0.8833333333333333,True,True
612,IN,days_91_180,ATU1,90,2.8998847036026167,1.9071023014293025,12.0639652819927,10.24966116264722,9.580092851930438,7.12564145036453,90,44,0.4888888888888889,False,True
612,IN,days_91_180,ATU5,90,5.7938356573034175,4.945266341631647,9.390550474659713,8.361700152164165,11.869806432452242,8.6330742741551,90,34,0.37777777777777777,False,False
612,IN,days_91_180,MJ3,90,83.01842245088879,81.51755875051477,84.64649963277739,83.23870216211559,84.72273435106477,83.45944983018849,90,26,0.28888888888888886,False,False
612,IN,days_91_180,MJ1,90,25.34751131333769,24.86061108585562,25.442525442504877,24.835848828008167,25.70166373367928,25.212478771116842,90,28,0.3111111111111111,False,False
612,OOF,all,ATU1,180,4.264416212270162,2.9570455475789585,19.028487127893765,14.582062353326393,110.68958940978966,81.13708285926589,180,93,0.5166666666666667,False,False
612,OOF,all,ATU5,180,5.021708368573075,4.3470540930039006,7.849396676062551,6.478289743623352,124.808913951598,91.86407976622525,180,126,0.7,False,False
612,OOF,all,MJ3,180,61.04552849517042,50.59326022797686,62.68841282564082,53.33777058027947,116.57175883156495,94.1285573541114,180,0,0.0,False,False
612,OOF,all,MJ1,180,18.647526258184858,15.311142958359284,18.044642500845633,14.675503609518495,42.25621415763723,30.129455567377125,180,57,0.31666666666666665,False,False
612,OOF,days_1_30,ATU1,30,0.5747134709127756,0.39419689633795846,3.2351408927735927,3.101948643454557,0.6025873992065741,0.5540951555750024,30,22,0.7333333333333333,False,True
612,OOF,days_1_30,ATU5,30,3.430966085890417,3.040424300767315,4.932395567598116,4.348717431603342,3.416592398819971,2.9319164945416114,30,23,0.7666666666666667,True,True
612,OOF,days_1_30,MJ3,30,7.1982846566884335,6.328028517577157,10.034475185137014,9.12589590730059,10.009651536376783,8.998609300340279,30,0,0.0,False,True
612,OOF,days_1_30,MJ1,30,1.9695255525068467,1.7739405579801162,3.452641676365838,3.187513355624507,5.035678250401984,4.762870873085259,30,9,0.3,False,False
612,OOF,days_31_90,ATU1,60,6.4634814277068084,5.813384742423944,15.23855860720437,12.126913915663696,32.55987679812482,23.73048604698497,60,35,0.5833333333333334,False,False
612,OOF,days_31_90,ATU5,60,4.406143806092198,4.1030506161805755,8.053739569499488,6.64627715191269,33.733218047674995,24.4340020326615,60,26,0.43333333333333335,False,False
612,OOF,days_31_90,MJ3,60,28.560012209613614,26.339428299369875,33.68794176476118,30.938220265927114,50.70406028389544,44.43957591197071,60,0,0.0,False,False
612,OOF,days_31_90,MJ1,60,8.803788759870336,7.7555419673043655,6.725903373747381,5.949075491166824,12.64014353190837,9.214174120501065,60,48,0.8,False,False
612,OOF,days_91_180,ATU1,90,2.8998847036026167,1.9071023014293025,23.787997399332934,20.045532548392135,154.2643369419896,146.26914330201677,90,36,0.4,False,False
612,OOF,days_91_180,ATU5,90,5.7938356573034175,4.945266341631647,8.477896769977521,7.076155575437131,174.33306906354164,166.46151934582895,90,77,0.8555555555555555,False,False
612,OOF,days_91_180,MJ3,90,83.01842245088879,81.51755875051477,84.08047153898619,83.00809568084065,159.46980190627704,155.63119433346222,90,0,0.0,False,False
612,OOF,days_91_180,MJ1,90,25.34751131333769,24.86061108585562,24.841218776921263,24.322452439717605,58.78951521362899,52.5285047633918,90,0,0.0,False,False
