origin,method,point,n,mae,rmse,crps,coverage80,width80,interval_score80,coverage90,width90,interval_score90,coverage95,width95,interval_score95
792,BPLUS_CONTINUOUS,ATU1,293,29.335478509690908,32.877890262058848,27.769809438054018,0.064846416382252553,7.4327035636015353,264.80052630730955,0.068259385665529013,9.53977174492376,504.57470014981777,0.068259385665529013,11.367339156759497,967.38082030571661
792,BPLUS_CONTINUOUS,ATU5,293,37.540839766187069,42.775051365351246,34.66375960584616,0.21843003412969283,14.850198314250747,322.46958788509306,0.23549488054607509,19.060023189752656,601.77035165188488,0.24232081911262798,22.711418441317392,1132.5587555060624
792,BPLUS_CONTINUOUS,MJ3,293,5.2911468095600966,9.1163682048876531,19.795751435674784,1,212.78477852195923,212.78477852195923,1,273.10630654426768,273.10630654426768,1,325.42623611414683,325.42623611414683
792,BPLUS_CONTINUOUS,MJ1,293,22.162592224474757,24.483988940646118,14.400025582886581,0.91467576791808869,64.968285612534814,71.109216679840287,0.96928327645051193,83.385891835873934,85.516525147200809,1,99.360418543726865,99.360418543726865
792,BPLUS_ORIGIN_ANCHOR,ATU1,293,29.315155514329426,32.859758238927526,27.74841359916762,0.064846416382252553,7.4418680391167964,264.57678860280299,0.068259385665529013,9.5515342219051789,504.09815164784703,0.068259385665529013,11.381355012562715,966.37622291226046
792,BPLUS_ORIGIN_ANCHOR,ATU5,293,37.532022682040939,42.767313401278095,34.656148565982249,0.21843003412969283,14.848642431142709,322.40520047797162,0.23549488054607509,19.058026235402849,601.648807396405,0.24232081911262798,22.709038923444041,1132.3252133675064
792,BPLUS_ORIGIN_ANCHOR,MJ3,293,5.2301273262399341,9.0608460945733817,19.789393995040605,1,212.76731434285966,212.76731434285966,1,273.08389151306255,273.08389151306255,1,325.39952695707962,325.39952695707962
792,BPLUS_ORIGIN_ANCHOR,MJ1,293,22.181406781202181,24.501020940574996,14.411090671516195,0.91467576791808869,64.960264711083028,71.120671040720694,0.96928327645051193,83.375597120312705,85.520951061712765,1,99.348151633528687,99.348151633528687
792,DRIFT1,ATU1,293,5.9813792142944369,6.8635290099170927,7.8248223249987445,1,79.195486039368689,79.195486039368689,1,101.64630589381215,101.64630589381215,1,121.11904393745239,121.11904393745239
792,DRIFT1,ATU5,293,5.2546804338996838,6.5132103689305554,11.107852044033262,1,117.80226627509001,117.80226627509001,1,151.19757187713526,151.19757187713526,1,180.16301911211576,180.16301911211576
792,DRIFT1,MJ3,293,2.5771279957390369,3.0088285939791439,2.1214085025366054,1,17.672440570802792,17.672440570802792,1,22.682331910395078,22.682331910395078,1,27.027665502463151,27.027665502463151
792,DRIFT1,MJ1,293,6.0268658593804041,6.9115107851665174,4.0422043693552752,0.93515358361774747,21.768134553063646,21.904386729908339,1,27.939098226108854,27.939098226108854,1,33.291488912110943,33.291488912110943
792,RR_COND,ATU1,293,37.974720687292688,40.985804802484971,28.870979923417643,0.19112627986348124,46.220192834401367,209.03141892912953,0.2764505119453925,59.322975263780542,285.69776302891432,0.37542662116040953,70.687684951191542,371.71039186837953
792,RR_COND,ATU5,293,39.785641871996496,44.532580148377896,35.753354804367142,0.051194539249146756,18.794455370981723,324.01442638150553,0.08191126279863481,24.122422315796257,584.85032741619591,0.10238907849829351,28.743639059514177,1066.410516102914
792,RR_COND,MJ3,293,18.499927680220548,20.942476315535973,23.574745954594768,1,238.16140974428751,238.16140974428751,1,305.67686010456828,305.67686010456828,1,364.2364444443769,364.2364444443769
792,RR_COND,MJ1,293,13.713313454202529,18.802834542841602,10.573034394100914,0.90102389078498291,63.065915681370825,77.15812007353216,0.93856655290102387,80.944226463049972,94.332414129235644,0.94880546075085326,96.450994802537934,106.00801335501552
792,G_CACHED,ATU1,293,19.991715372628583,23.104569781165743,16.74217986361278,0.25255972696245732,19.187222782651357,140.16434150801669,0.26279863481228671,24.626533831089549,226.15305811860944,0.26621160409556316,29.344324979511843,362.95751398487818
792,G_CACHED,ATU5,293,29.060882447792473,33.464110963293344,24.626557257113365,0.26621160409556316,27.420730226487194,209.09067564478298,0.27303754266211605,35.194126228958119,341.74153001386435,0.27303754266211605,41.93638798362781,557.0037720896413
792,G_CACHED,MJ3,293,3.6744058191793161,5.1168290497403168,18.960772611372469,1,206.5382621501731,206.5382621501731,1,265.08898957772226,265.08898957772226,1,315.87301371818512,315.87301371818512
792,G_CACHED,MJ1,293,14.20520628895628,15.802713764397582,9.4393367641084822,0.97269624573378843,58.328250577459805,59.049652710084466,1,74.863499133020454,74.863499133020454,1,89.205361287563846,89.205361287563846
792,TiDE_DATA,ATU1,293,56.57633696107645,64.901452146815004,42.913323722870523,0.35153583617747441,79.903293837829438,310.75385502363184,0.48805460750853241,102.55476736800021,437.28365242631486,0.54948805460750849,122.20154255105285,602.60839354858899
792,TiDE_DATA,ATU5,293,82.005153898210466,94.212783693308324,61.129206340478909,0.41296928327645049,128.77515026911692,430.23532288926299,0.50853242320819114,165.28111601296811,572.5853150384886,0.58020477815699656,196.94459701584196,720.71318263294825
792,TiDE_DATA,MJ3,293,11.569751202418997,12.563859546307244,9.5535757124868166,0.11262798634812286,9.8050535269026113,78.414103341713854,0.19795221843003413,12.584649958525006,126.47931544479987,0.25938566552901021,14.995535330683197,205.6440029789452
792,TiDE_DATA,MJ1,293,28.512759817985174,31.821520345428379,19.738785318259886,1,137.42206089708878,137.42206089708878,1,176.37930565335179,176.37930565335179,1,210.16890563050109,210.16890563050109
792,TiDE_HYD,ATU1,293,29.770266052530072,37.476465188740541,21.683555315175781,0.6348122866894198,79.804197529408469,143.25248961581786,0.726962457337884,102.42757863310565,155.76548096195941,0.86006825938566556,122.04998782572784,145.46842537761572
792,TiDE_HYD,ATU5,293,41.511756708656122,50.775487443110848,29.246946155308393,0.72013651877133111,139.30010476656935,168.39933986690738,0.98976109215017061,178.78974886402077,178.91658111032697,1,213.04112587081886,213.04112587081886
792,TiDE_HYD,MJ3,293,9.4610161547080143,12.376026912415796,8.3562988656053729,0.35153583617747441,6.6116312066728824,74.139574357784241,0.41979522184300339,8.4859367837766513,132.15164032468599,0.45733788395904434,10.111617349266453,239.16456318333178
792,TiDE_HYD,MJ1,293,15.684491117554067,18.015889270810387,15.886215903800949,1,150.34274494090576,150.34274494090576,1,192.962824088004,192.962824088004,1,229.92938664613709,229.92938664613709
792,TiDE_PHYS,ATU1,293,19.437054198656945,20.096112492909594,12.248778071365273,1,79.715421337367431,79.715421337367431,1,102.31363562418458,102.31363562418458,1,121.91421635639085,121.91421635639085
792,TiDE_PHYS,ATU5,293,18.549932770924595,19.531630609470461,15.136903015618726,1,134.71600125160262,134.71600125160262,1,172.90611569963085,172.90611569963085,1,206.03034453958162,206.03034453958162
792,TiDE_PHYS,MJ3,293,12.979564329723807,15.450334430848683,10.420657680853786,0.29351535836177473,14.304120447116018,81.665486861588619,0.39249146757679182,18.359139835150472,126.37358945619532,0.52218430034129693,21.876264413095214,199.54906412050335
792,TiDE_PHYS,MJ1,293,3.1070651922413637,4.3579718620051739,14.167415794702828,1,154.00413596410226,154.00413596410226,1,197.66216859048842,197.66216859048842,1,235.52900099777179,235.52900099777179
792,TiDE_SPLIT,ATU1,293,64.055034489823825,69.817077837114027,50.685614043997127,0.12286689419795221,66.313609310427751,390.87117693065818,0.23890784982935154,85.112596108567516,581.03584970713462,0.3174061433447099,101.41791358825753,857.26246460610457
792,TiDE_SPLIT,ATU5,293,90.408129689544339,99.799568808904695,66.382930760887504,0.30375426621160412,133.11104282880586,448.73749853159643,0.50853242320819114,170.84617386520154,581.92195957174806,0.58361774744027306,203.57577244904746,730.07267826907628
792,TiDE_SPLIT,MJ3,293,13.766622162869199,17.005445469523114,12.013932778518393,0.23208191126279865,9.0619637775998854,105.19209083398529,0.35494880546075086,11.630904590681894,185.69921855648377,0.42320819112627989,13.85907762966599,335.08637037197877
792,TiDE_SPLIT,MJ1,293,21.036284399944584,23.901312844180293,17.138918555255302,1,144.85820844810368,144.85820844810368,1,185.92349770826553,185.92349770826553,1,221.54151191148307,221.54151191148307
792,TiDE_BOUND,ATU1,293,32.6992453059461,33.731121911354933,20.440629143653751,0.75426621160409557,78.726496821298696,83.97125364193262,1,101.04436474912187,101.04436474912187,1,120.40178682406874,120.40178682406874
792,TiDE_BOUND,ATU5,293,49.06201276932137,51.427819913826461,30.533514858271737,0.94539249146757676,136.58507535265394,138.09943859205541,1,175.30504633715753,175.30504633715753,1,208.88884670288712,208.88884670288712
792,TiDE_BOUND,MJ3,293,6.5457217061960273,8.945553402429427,4.9781792408768997,0.70307167235494883,17.737749397840616,36.423968662899206,0.74744027303754268,22.766154882418505,46.096809140314548,0.8122866894197952,27.127546734173393,54.602407429667444
792,TiDE_BOUND,MJ1,293,6.7246029393419091,7.256854478311757,14.724136487128687,1,157.75266671464689,157.75266671464689,1,202.47335572219953,202.47335572219953,1,241.26188406197068,241.26188406197068
792,TiDE_KIN,ATU1,293,31.749748896159151,33.15148037852574,21.346359261274511,1,158.6195510073436,158.6195510073436,1,203.58598966633872,203.58598966633872,1,242.58766917911274,242.58766917911274
792,TiDE_KIN,ATU5,293,40.644592502710168,42.805907220118193,29.29590809160705,1,236.25577652697805,236.25577652697805,1,303.23100634932035,303.23100634932035,1,361.32202993770625,361.32202993770625
792,TiDE_KIN,MJ3,293,5.9082111486301834,7.5636413205133364,9.3981484709476408,1,96.48855129489948,96.48855129489948,1,123.8417148585545,123.8417148585545,1,147.56650496391376,147.56650496391376
792,TiDE_KIN,MJ1,293,7.3228867286724961,8.107467402728556,20.688803627618487,1,223.61646821137805,223.61646821137805,1,287.00862975206047,287.00862975206047,1,341.99187596333513,341.99187596333513
792,TiDE_CAL,ATU1,293,61.550581068428883,66.573934039233833,40.061356607180663,0.88054607508532423,158.61955100734366,161.35071747928532,1,203.58598966633872,203.58598966633872,1,242.58766917911268,242.58766917911268
792,TiDE_CAL,ATU5,293,70.952920505463638,76.363532812850906,45.133230639617608,1,236.25577652697805,236.25577652697805,1,303.23100634932035,303.23100634932035,1,361.32202993770625,361.32202993770625
792,TiDE_CAL,MJ3,293,7.1089345990273269,8.4360148760533029,9.5459294895926288,1,96.48855129489948,96.48855129489948,1,123.8417148585545,123.8417148585545,1,147.56650496391376,147.56650496391376
792,TiDE_CAL,MJ1,293,17.86430042884048,19.035778395267499,22.037174579903311,1,223.61646821137805,223.61646821137805,1,287.00862975206047,287.00862975206047,1,341.99187596333513,341.99187596333513
792,TiDE_HCAL,ATU1,293,62.144776502365993,66.826327890870104,40.256672683080318,0.88054607508532423,158.61955100734366,161.34993602737194,1,203.58598966633872,203.58598966633872,1,242.58766917911268,242.58766917911268
792,TiDE_HCAL,ATU5,293,70.333794053319522,76.29978476481466,45.090992310483188,1,236.25577652697805,236.25577652697805,1,303.23100634932035,303.23100634932035,1,361.32202993770625,361.32202993770625
792,TiDE_HCAL,MJ3,293,7.9815716978465066,9.0708221611005779,9.6626008609351519,1,96.48855129489948,96.48855129489948,1,123.8417148585545,123.8417148585545,1,147.56650496391376,147.56650496391376
792,TiDE_HCAL,MJ1,293,17.552849024619455,18.999476744357651,22.030812291689692,1,223.61646821137805,223.61646821137805,1,287.00862975206041,287.00862975206041,1,341.99187596333513,341.99187596333513
972,BPLUS_CONTINUOUS,ATU1,293,57.476507409896605,59.098537058947514,40.674921696909138,0.18088737201365188,83.207794070776117,248.11171357727278,0.40955631399317405,106.79604750027062,272.55402343459434,0.57337883959044367,127.25533954027313,258.87847161161267
972,BPLUS_CONTINUOUS,ATU5,293,65.468688930976498,66.249561375033295,43.837948801575948,0.15017064846416384,110.67009302833526,217.77345323755955,0.72013651877133111,142.04352661795338,186.17981852058873,0.95904436860068254,169.25530141197103,171.06800855906985
972,BPLUS_CONTINUOUS,MJ3,293,57.516529312457109,70.488055064486446,54.986507593608941,0.28327645051194539,13.193877259274814,529.73262527998702,0.29010238907849828,16.934158130616197,1023.3335597061871,0.29692832764505117,20.17829398353706,1987.1431188139793
972,BPLUS_CONTINUOUS,MJ1,293,65.790696965530515,72.8334032590692,52.868433243217346,0.29692832764505117,63.572658182608286,413.93387727680209,0.34812286689419797,81.594623422095992,660.85369677641438,0.38566552901023893,97.225990579971963,1058.2049404041484
972,BPLUS_ORIGIN_ANCHOR,ATU1,293,21.763310770114789,25.743540435310912,15.038329651198254,0.94539249146757676,83.1557601286992,83.427863755657469,1,106.72926265863724,106.72926265863724,1,127.17576049313493,127.17576049313493
972,BPLUS_ORIGIN_ANCHOR,ATU5,293,16.810277394996838,19.632640630849419,13.531127178805539,1,110.64755391641279,110.64755391641279,1,142.01459798098631,142.01459798098631,1,169.2208308149234,169.2208308149234
972,BPLUS_ORIGIN_ANCHOR,MJ3,293,53.209450545262904,66.65708459914589,51.306204962911714,0.30034129692832767,12.942081843219512,496.63729099092484,0.30716723549488056,16.610982212858744,958.44164714290059,0.31058020477815701,19.793206125811139,1859.4876995932323
972,BPLUS_ORIGIN_ANCHOR,MJ1,293,38.66403864984386,49.700192833440141,31.476386727546814,0.44368600682593856,63.620608235537624,243.38582804129567,0.49829351535836175,81.656166648755061,345.78956237713476,0.55290102389078499,97.299323857637319,476.21690642578449
972,DRIFT1,ATU1,293,7.8661243635120321,8.8563703598802768,5.5294076201232309,0.38225255972696248,16.002649423331377,33.815370137897183,0.46757679180887374,20.539178174710287,29.216779180360739,1,24.473940315949449,24.473940315949449
972,DRIFT1,ATU5,293,11.944607547412016,14.045583853552262,9.7588403068450109,0.31399317406143346,14.52958903718968,78.404004433438573,0.34470989761092152,18.648525637577222,118.80775581558001,0.37542662116040953,22.221088865010415,176.81670066707966
972,DRIFT1,MJ3,293,7.6510266597893963,8.8792756991527231,7.0121457652155481,0.13993174061433447,3.3147155570663926,64.778822740073849,0.16040955631399317,4.2543913588338,119.19970159230039,0.17747440273037543,5.0694199792760628,221.41458745142049
972,DRIFT1,MJ1,293,7.0875983650200816,10.596795929947485,5.8357014043820268,0.7337883959044369,24.45191148740787,42.087791671693999,0.80204778156996592,31.383688629702196,50.568989975885607,0.86006825938566556,37.395971537138173,55.616478851514486
972,RR_COND,ATU1,293,35.279213172535364,37.847675576320327,22.454017142980355,0.87713310580204773,97.025573353116286,100.18796249163195,1,124.53097520824282,124.53097520824282,1,148.38780932755137,148.38780932755137
972,RR_COND,ATU5,293,46.457415524196662,49.054129410252735,30.440487591994483,0.46416382252559729,96.62357078653281,157.00758518345822,0.78498293515358364,124.01501049994202,141.25613053884575,1,147.77299945693835,147.77299945693835
972,RR_COND,MJ3,293,45.630178826295534,54.991393676985446,38.844056071555286,0.32764505119453924,48.633918319379518,327.7622560673978,0.33447098976109213,62.420958384533598,528.45652872853282,0.35153583617747441,74.37915952491538,848.63074856509604
972,RR_COND,MJ1,293,46.414600565561358,52.45979169707779,41.504295524402963,0.11262798634812286,24.886428884277954,372.63723281304829,0.26279863481228671,31.941385670875661,671.17972167466394,0.2696245733788396,38.060508549474314,1226.972234201625
972,G_CACHED,ATU1,293,9.4855484549829079,11.09509670272856,7.195961586419128,1,54.709236788576732,54.709236788576732,1,70.218545221936736,70.218545221936736,1,83.670557323003351,83.670557323003351
972,G_CACHED,ATU5,293,3.8309100851861038,4.7564137642126418,8.1060059412704923,1,85.966862970265538,85.966862970265538,1,110.33727409493032,110.33727409493032,1,131.47497128920398,131.47497128920398
972,G_CACHED,MJ3,293,34.024153034615388,41.825034413682161,32.900634459832403,0.10921501706484642,5.4002887246515456,319.49380675429347,0.16040955631399317,6.9311955399575709,621.94208021426243,0.20819112627986347,8.2590288920109742,1216.5180457709121
972,G_CACHED,MJ1,293,25.778194025610155,32.9652808189769,20.924543477334392,0.45051194539249145,41.612069660115331,162.52445116857601,0.48805460750853241,53.40851320041245,233.10260133591194,0.55290102389078499,63.640168721060753,326.97523138867086
972,TiDE_DATA,ATU1,293,33.434211327924892,38.192534550845004,22.561441129830644,1,130.93715310628033,130.93715310628033,1,168.05601661298897,168.05601661298897,1,200.25109502126,200.25109502126
972,TiDE_DATA,ATU5,293,54.870790635884987,61.666810138916212,36.230935578788383,1,196.79617178022528,196.79617178022528,1,252.58515195626231,252.58515195626231,1,300.9737722263942,300.9737722263942
972,TiDE_DATA,MJ3,293,5.3022357610264219,7.2567149379599982,4.4857309961109184,1,31.927489107187284,31.927489107187284,1,40.978488629986401,40.978488629986401,1,48.828880904444759,48.828880904444759
972,TiDE_DATA,MJ1,293,23.782831859947724,27.572761628399657,16.07957823594969,0.7303754266211604,73.999113574273238,82.200381986281883,1,94.976834039536186,94.976834039536186,1,113.17187805223531,113.17187805223531
972,TiDE_HYD,ATU1,293,31.211065747727272,34.452534846782228,22.537684168708658,0.29010238907849828,53.597756992658091,145.49302357909627,0.39590443686006827,68.791976348117686,152.48744163521476,0.63822525597269619,81.97069566459345,112.21543528173493
972,TiDE_HYD,ATU5,293,36.852407240790384,40.038572877136055,24.554086422912984,0.40955631399317405,84.023518471827401,114.95614003442108,1,107.84301843436013,107.84301843436013,1,128.50288235505764,128.50288235505764
972,TiDE_HYD,MJ3,293,5.2854885167950751,6.6056985917256839,3.7827114776030228,0.70648464163822522,15.608769431181827,23.68216318060621,0.84641638225255977,20.033638677830822,25.988537869282855,0.92491467576791808,23.871552850942862,26.722880618132322
972,TiDE_HYD,MJ1,293,17.657537888894499,19.182632708212925,11.788750306579134,0.45051194539249145,38.968050813719401,60.792725543379859,0.9078498293515358,50.014951750253971,50.948033977715802,1,59.596490844409104,59.596490844409104
972,TiDE_PHYS,ATU1,293,11.709617830133315,13.190527007293481,8.2768011402999768,1,59.064974533267069,59.064974533267069,1,75.809074093366661,75.809074093366661,1,90.332083347566339,90.332083347566339
972,TiDE_PHYS,ATU5,293,5.6837782091130116,6.1446778525567831,6.1883554123595186,1,60.983950422447379,60.983950422447379,1,78.27205298256149,78.27205298256149,1,93.266903709941744,93.266903709941744
972,TiDE_PHYS,MJ3,293,13.509819269421429,14.691897617238343,9.1971822377679189,0.52559726962457343,26.458352097106854,52.188056066048894,0.66894197952218426,33.958927272341953,54.961125599947984,0.83617747440273038,40.464557646240337,49.687197043424788
972,TiDE_PHYS,MJ1,293,13.496379389239308,14.430982362721775,12.46351388886576,0.034129692832764506,4.8341305275237119,116.13017300169719,0.051194539249146756,6.2045393608295853,215.69142917443722,0.064846416382252553,7.3931646492007994,403.9499160214479
972,TiDE_SPLIT,ATU1,293,21.303502917767446,23.452469259907179,17.379220153546502,1,150.31886194927682,150.31886194927682,1,192.93217060010738,192.93217060010738,1,229.89286076243931,229.89286076243931
972,TiDE_SPLIT,ATU5,293,23.272518772573861,25.511190784517961,22.55228889203455,1,213.52720363659182,213.52720363659182,1,274.05919886274796,274.05919886274796,1,326.56167734415322,326.56167734415322
972,TiDE_SPLIT,MJ3,293,6.957609198850796,8.0284672630621099,4.7593220396282305,0.9965870307167235,28.594264842057328,28.598981868380168,1,36.700341601535001,36.700341601535001,1,43.73115429890322,43.73115429890322
972,TiDE_SPLIT,MJ1,293,4.8640430240017425,5.4096436398849406,5.142045169423195,1,49.884200745060078,49.884200745060078,1,64.025678504960524,64.025678504960524,1,76.291301486831358,76.291301486831358
972,TiDE_BOUND,ATU1,293,10.125329047029872,11.102220414348924,9.4411431933236809,1,88.039576795238844,88.039576795238844,1,112.99757348849462,112.99757348849462,1,134.6449135345473,134.6449135345473
972,TiDE_BOUND,ATU5,293,7.2150359338396015,8.4416385239707967,12.397914977768117,1,129.84880450853396,129.84880450853396,1,166.65913631061107,166.65913631061107,1,198.58660947767507,198.58660947767507
972,TiDE_BOUND,MJ3,293,6.6190599902412472,9.5141077605630198,5.673759769803544,0.56996587030716728,7.4049998151081127,48.825454055585155,0.60750853242320824,9.5042143686814597,83.78964752193508,0.62457337883959041,11.324969929687995,145.90344813543712
972,TiDE_BOUND,MJ1,293,1.466533027716181,1.7567378638723277,2.3039336651116931,1,23.826110352008072,23.826110352008072,1,30.580481568053298,30.580481568053298,1,36.4388912917196,36.4388912917196
972,TiDE_KIN,ATU1,293,2.0190747067655237,2.3676720935071289,8.2315698699106417,1,89.580347653049799,89.580347653049799,1,114.97513147516409,114.97513147516409,1,137.00131921569914,137.00131921569914
972,TiDE_KIN,ATU5,293,5.2435798915656546,6.4263268603548003,11.078593365562304,1,117.58184540161463,117.58184540161463,1,150.91466474882327,150.91466474882327,1,179.82591447655707,179.82591447655707
972,TiDE_KIN,MJ3,293,9.2374851843013239,11.494159400279406,7.6421193768413511,0.4539249146757679,9.3294615991458159,63.251209417637831,0.48464163822525597,11.974234327698468,105.89010626197346,0.51194539249146753,14.268180244238012,178.90949670780952
972,TiDE_KIN,MJ1,293,1.5241815767459643,1.8481702100228397,2.6612545822621878,1,27.818886158948544,27.818886158948544,1,35.70515383581278,35.70515383581278,1,42.545314935016904,42.545314935016904
972,TiDE_CAL,ATU1,293,27.627886847749323,29.567120955596078,21.553713111850819,1,184.03981696779738,184.03981696779738,1,236.21254780670895,236.21254780670895,1,281.46461108253629,281.46461108253629
972,TiDE_CAL,ATU5,293,25.275502412347517,26.53731886166652,22.780682327091782,1,213.17722015447609,213.17722015447609,1,273.60999992654547,273.60999992654547,1,326.0264237979257,326.0264237979257
972,TiDE_CAL,MJ3,293,4.5986999129884225,5.2368320323925692,3.6195134147549703,1,29.626074315478942,29.626074315478942,1,38.024654723464664,38.024654723464664,1,45.309170713680942,45.309170713680942
972,TiDE_CAL,MJ1,293,10.091192264481119,10.59559212415005,7.296152416779714,1,59.214897631341351,59.214897631341351,1,76.001498306532497,76.001498306532497,1,90.561370939713697,90.561370939713697
972,TiDE_HCAL,ATU1,293,30.337180630785202,32.302794390120319,22.470634388948774,1,184.16940589643838,184.16940589643838,1,236.37887339595466,236.37887339595466,1,281.66280024617214,281.66280024617214
972,TiDE_HCAL,ATU5,293,26.440315739806643,27.491968631105205,23.012009520192446,1,213.02937421480965,213.02937421480965,1,273.42024171733374,273.42024171733374,1,325.80031294542681,325.80031294542681
972,TiDE_HCAL,MJ3,293,4.5891313398902245,5.2900523012725484,3.6539618334924238,1,29.921485878948264,29.921485878948264,1,38.403811360372856,38.403811360372856,1,45.760963712561079,45.760963712561079
972,TiDE_HCAL,MJ1,293,10.652100410255281,10.942815065803623,7.4284863812486144,1,59.313897118040586,59.313897118040586,1,76.128562772092636,76.128562772092636,1,90.712777588993546,90.712777588993546
1168,BPLUS_CONTINUOUS,ATU1,293,5.4317941274103108,8.0682459891575906,13.601647893891817,1,144.19153557925756,144.19153557925756,1,185.06783234465951,185.06783234465951,1,220.52192374387553,220.52192374387553
1168,BPLUS_CONTINUOUS,ATU5,293,8.1080330697934144,9.1150067099766563,15.216987001588146,1,161.12809466238272,161.12809466238272,1,206.80567059084657,206.80567059084657,1,246.42415563015442,246.42415563015442
1168,BPLUS_CONTINUOUS,MJ3,293,8.7790588990733696,13.016273948901418,15.915767964841843,1,163.05613136385227,163.05613136385227,1,209.28027890671277,209.28027890671277,1,249.37283330911032,249.37283330911032
1168,BPLUS_CONTINUOUS,MJ1,293,5.287870905170764,6.2971662230627254,14.845229978614775,1,160.04401761470442,160.04401761470442,1,205.41427276362714,205.41427276362714,1,244.76620285865363,244.76620285865363
1168,BPLUS_ORIGIN_ANCHOR,ATU1,293,5.4255454184531029,8.0669015316032269,6.0196086374593012,0.97610921501706482,53.660714128933485,55.011636197565146,0.99317406143344711,68.872780957724657,69.083549791314539,1,82.066980295650865,82.066980295650865
1168,BPLUS_ORIGIN_ANCHOR,ATU5,293,8.0941808205370087,9.1018113368732525,5.5563212640318689,1,36.987437296946375,36.987437296946375,1,47.472861822511796,47.472861822511796,1,56.567403865362174,56.567403865362174
1168,BPLUS_ORIGIN_ANCHOR,MJ3,293,8.772121772678739,13.011596087880793,14.952087229516275,1,151.65520159560677,151.65520159560677,1,194.6473439674551,194.6473439674551,1,231.93661588578968,231.93661588578968
1168,BPLUS_ORIGIN_ANCHOR,MJ1,293,5.274823710948449,6.2853431403093722,9.0018103877955404,1,94.038940853770569,94.038940853770569,1,120.69767389521111,120.69767389521111,1,143.82014908573584,143.82014908573584
1168,DRIFT1,ATU1,293,12.87236415119731,19.244197895113508,10.391273089591339,0.6348122866894198,24.040945036054495,83.534396412335539,0.65870307167235498,30.856218899854301,125.70060868151502,0.67918088737201365,36.767452587793521,187.26994335360538
1168,DRIFT1,ATU5,293,4.2142148646442621,6.9817034172927084,4.4684197824659497,0.95563139931740615,36.168479848781772,39.548750461941857,0.96928327645051193,46.421741317376245,49.418374826622717,0.98293515358361772,55.314916531704732,57.228747260051691
1168,DRIFT1,MJ3,293,10.867921588627034,12.334873689346734,7.7586934213917313,0.43003412969283278,20.585535068818899,48.279341548399046,0.61433447098976113,26.421248220546204,53.688599478577856,0.75767918088737196,31.482859076548721,54.572407489737756
1168,DRIFT1,MJ1,293,8.4848805118825315,13.350163123557049,7.721670837624254,0.57679180887372017,7.7808997822346564,70.037403852582543,0.60068259385665534,9.9866767532805625,125.42888068672788,0.61433447098976113,11.899859319367351,227.77879847108719
1168,RR_COND,ATU1,293,11.605648621437904,12.20026770917112,11.155040165623639,1,106.8659883899586,106.8659883899586,1,137.16101117342038,137.16101117342038,1,163.43742542079167,163.43742542079167
1168,RR_COND,ATU5,293,13.912059377385877,14.345710269854921,13.033346795430305,1,124.58359018251168,124.58359018251168,1,159.90130688440763,159.90130688440763,1,190.53415905169277,190.53415905169277
1168,RR_COND,MJ3,293,14.611218165582468,17.030816367209294,14.995204533896834,1,141.99387208260441,141.99387208260441,1,182.24716178369547,182.24716178369547,1,217.16088746614423,217.16088746614423
1168,RR_COND,MJ1,293,5.1440200290703739,5.7760603298007736,13.125369866142059,1,141.31199298458344,141.31199298458344,1,181.37197943623732,181.37197943623732,1,216.11804337788183,216.11804337788183
1168,G_CACHED,ATU1,293,6.4080308963417449,11.317766030481517,5.8346888157114289,0.91808873720136519,34.657451499956323,48.093836826499491,0.92832764505119458,44.482357427711236,63.849769558549319,0.94197952218430037,53.003998092727556,80.637693323333323
1168,G_CACHED,ATU5,293,6.8361823958902415,8.7194532633538522,5.1532340124983529,0.46416382252559729,12.037826246644954,36.095889277193521,0.53924914675767921,15.450382719474421,46.619560440469527,0.71672354948805461,18.410266531529487,58.351721185440674
1168,G_CACHED,MJ3,293,11.292554045260824,17.278756799548503,11.76738696993775,0.9965870307167235,96.587338280233311,96.656210921217053,1,123.96850658156472,123.96850658156472,1,147.7175866204002,147.7175866204002
1168,G_CACHED,MJ1,293,3.7290489522980961,5.0845583942774137,6.3027884725399801,1,64.695517261538939,64.695517261538939,1,83.035797447543487,83.035797447543487,1,98.94325534994843,98.94325534994843
1168,TiDE_DATA,ATU1,293,4.7768021878975784,6.5262387860545248,8.6345417070674753,1,89.441775941979657,89.441775941979657,1,114.79727660948821,114.79727660948821,1,136.78939207185601,136.78939207185601
1168,TiDE_DATA,ATU5,293,8.2656442866114919,10.289435348614239,14.247528753207185,1,148.30822374253512,148.30822374253512,1,190.35154439998971,190.35154439998971,1,226.81785498264523,226.81785498264523
1168,TiDE_DATA,MJ3,293,5.5223552855712841,9.4097482544231426,5.01574451005144,0.65870307167235498,7.9231823641925985,44.93719105780162,0.67576791808873715,10.169294470177647,76.70481934004836,0.68259385665529015,12.117461750484836,132.81016603123422
1168,TiDE_DATA,MJ1,293,2.4937115981612572,2.8905155859834002,5.5674054079338182,1,59.490929011499944,59.490929011499944,1,76.35578074745267,76.35578074745267,1,90.983524505952531,90.983524505952531
1168,TiDE_HYD,ATU1,293,3.9532345518034391,7.2600896197561093,9.2643050431371599,1,95.649411221732109,95.649411221732109,1,122.76469023466971,122.76469023466971,1,146.28315096895096,146.28315096895096
1168,TiDE_HYD,ATU5,293,6.0078053502884261,7.3103174376799371,11.149777661605471,1,117.19503533361218,117.19503533361218,1,150.41819940134837,150.41819940134837,1,179.23433952746791,179.23433952746791
1168,TiDE_HYD,MJ3,293,8.9978458897606277,14.268078258311991,7.6889700017989124,0.70648464163822522,26.467447391215501,60.115562805637857,0.75426621160409557,33.970600955949976,81.036693008849952,0.80546075085324231,40.47846769821308,106.08243292167757
1168,TiDE_HYD,MJ1,293,3.2450539339257198,5.068527468433019,5.1212587535664555,1,50.608179383234294,50.608179383234294,1,64.954895027223543,64.954895027223543,1,77.398531265599345,77.398531265599345
1168,TiDE_PHYS,ATU1,293,4.1632076522111063,7.7383578553785908,4.284241892381047,0.94197952218430037,30.775352829817276,37.799689744146555,0.95221843003412965,39.499737727154645,48.866307601325261,0.96245733788395904,47.066840523363581,59.421557503962269
1168,TiDE_PHYS,ATU5,293,4.0045540590734197,5.5654906320661013,2.9893479730651382,0.94880546075085326,17.415680819432055,21.956569719469478,0.95563139931740615,22.352784337241019,29.029268157757883,0.96587030716723554,26.634985349049657,36.536161867421932
1168,TiDE_PHYS,MJ3,293,9.7289664529840554,14.651745974053407,8.4212454190911075,0.87030716723549484,52.157926638013578,59.16670718892496,0.96587030716723554,66.94397409467274,68.443447157184409,1,79.7686651612389,79.7686651612389
1168,TiDE_PHYS,MJ1,293,4.6851977468194814,7.7315207784649687,4.8113050224346532,0.95563139931740615,35.771946746465112,36.173598876490587,1,45.912796590462676,45.912796590462676,1,54.708471484846079,54.708471484846079
1168,TiDE_SPLIT,ATU1,293,3.4621518712374746,6.5335631057121848,7.2485050180414135,1,73.341535850667555,73.341535850667555,1,94.132842168467207,94.132842168467207,1,112.16619970892535,112.16619970892535
1168,TiDE_SPLIT,ATU5,293,6.6810328578722915,8.7760153476530647,8.4371401767031653,1,82.207814870697334,82.207814870697334,1,105.51258809188811,105.51258809188811,1,125.72600332771844,125.72600332771844
1168,TiDE_SPLIT,MJ3,293,10.93172245412608,15.365911688459164,8.5627368103792723,0.67576791808873715,25.244922706778652,65.475006947421321,0.71331058020477811,32.401507510709052,90.880955990647323,0.76109215017064846,38.608777538152935,122.9095725473542
1168,TiDE_SPLIT,MJ1,293,3.9479122971669072,6.2462680180845336,3.3777779182211618,0.76791808873720135,15.27110561363429,25.530422735386633,0.8191126279863481,19.600251859917307,31.100001648650739,0.85665529010238906,23.355140605763609,34.434991483119177
1168,TiDE_BOUND,ATU1,293,4.1251355756893888,7.363271171139524,4.5291239086536148,0.94880546075085326,36.329244376027653,41.354293599504224,0.96245733788395904,46.628080354239835,52.062541586792996,0.97610921501706482,55.560784658953686,60.643314350184873
1168,TiDE_BOUND,ATU5,293,5.9498803628259909,7.3180952805555792,4.4420412106744021,0.97269624573378843,30.137943391134971,30.276304512995171,1,38.68163156954256,38.68163156954256,1,46.092006910100281,46.092006910100281
1168,TiDE_BOUND,MJ3,293,10.272463922817801,14.701578528010833,9.2073947634181827,0.35836177474402731,5.8145378919357427,83.204625735567916,0.41638225255972694,7.4628785900881667,152.0764047483716,0.48805460750853241,8.8925683221291365,282.13833793384987
1168,TiDE_BOUND,MJ1,293,4.3142208079389475,6.7693405682711036,3.9236884905017084,0.47440273037542663,2.7869531000731058,35.801579610742003,0.56313993174061439,3.5770155786519808,65.791352450192079,0.59726962457337884,4.2622769536583291,122.96228602869944
1168,TiDE_KIN,ATU1,293,3.899244898010692,6.8081415766348101,3.1570273699715492,0.65187713310580209,5.8960247020281713,25.309698245550408,0.70648464163822522,7.5674657785660884,41.072855615781251,0.74744027303754268,9.0171916438047219,68.090401043863224
1168,TiDE_KIN,ATU5,293,4.2882099067552701,5.3886251197801123,3.0416673829422596,0.6450511945392492,10.355472339667813,19.070374238749825,0.82593856655290099,13.29110485652609,23.141800601274557,0.90102389078498291,15.837328262343362,29.214528573828552
1168,TiDE_KIN,MJ3,293,8.7883451199939291,13.284550831485642,7.4063262923088153,0.6450511945392492,16.089123575065969,61.474070374691848,0.67235494880546076,20.65016654688543,95.812217514209067,0.68941979522184305,24.606191118453353,149.67512525558851
1168,TiDE_KIN,MJ1,293,3.1383018185227955,4.6787972306611758,2.5468361503223851,0.70648464163822522,5.7986337158033621,20.591732974374736,0.726962457337884,7.4424658010145786,32.405786131487339,0.74402730375426618,8.8682449837160675,51.202846805941661
1168,TiDE_CAL,ATU1,293,12.609313473208545,14.407181411696909,9.7432699613960203,1,77.945806358613126,77.945806358613126,1,100.04235938812087,100.04235938812087,1,119.20782379435057,119.20782379435057
1168,TiDE_CAL,ATU5,293,23.17473870646176,25.698651487703934,15.09216053687895,0.98293515358361772,77.88083558242171,78.014405753096014,1,99.958970299661587,99.958970299661587,1,119.10845956679508,119.10845956679508
1168,TiDE_CAL,MJ3,293,7.1066529041025941,8.6381957593337049,4.9777426368030797,0.73720136518771329,16.422738315861352,30.684948640143215,0.82935153583617749,21.078356431049997,40.17397057400801,0.85665529010238906,25.116410835123588,50.699301994205861
1168,TiDE_CAL,MJ1,293,6.631262178751264,7.7889216747077077,4.5493407823330383,0.92832764505119458,24.419297136406165,24.777803368438992,1,31.341828563374758,31.341828563374758,1,37.346092191615774,37.346092191615774
1168,TiDE_HCAL,ATU1,293,10.176356398127318,12.199034662060672,9.8814525251844341,1,90.555471429149094,90.555471429149094,1,116.22668929224018,116.22668929224018,1,138.49264233761434,138.49264233761434
1168,TiDE_HCAL,ATU5,293,6.4701462327097943,7.8537171328195168,8.0228935752707695,1,79.398055895492917,79.398055895492917,1,101.90630148939726,101.90630148939726,1,121.42884779789098,121.42884779789098
1168,TiDE_HCAL,MJ3,293,11.485317327281674,15.061866266766307,9.0882289672631433,0.53924914675767921,18.286445907407597,69.467315793559777,0.62116040955631402,23.470399228196129,104.42372298050996,0.66552901023890787,27.966705630395609,158.30410843696484
1168,TiDE_HCAL,MJ1,293,5.8595439054368468,7.0524467628261567,4.1086030345868014,0.87030716723549484,24.493556614651197,26.249848050255487,1,31.437139571851507,31.437139571851507,1,37.459662263069958,37.459662263069958
