contrast,left_mean,left_scale,right_mean,right_scale,phase,station,metric,delta,unit,days
scale_v23_minus_e0,bplus,v23,bplus,e0,train,ATU1,mae,0.0,mm,762
scale_v23_minus_e0,bplus,v23,bplus,e0,train,ATU5,mae,0.0,mm,762
scale_v23_minus_e0,bplus,v23,bplus,e0,train,MJ3,mae,0.0,mm,762
scale_v23_minus_e0,bplus,v23,bplus,e0,train,MJ1,mae,0.0,mm,762
scale_v23_minus_e0,bplus,v23,bplus,e0,train,point_mean,mae,0.0,mm,762
scale_v23_minus_e0,bplus,v23,bplus,e0,train,ATU1,rmse,0.0,mm,762
scale_v23_minus_e0,bplus,v23,bplus,e0,train,ATU5,rmse,0.0,mm,762
scale_v23_minus_e0,bplus,v23,bplus,e0,train,MJ3,rmse,0.0,mm,762
scale_v23_minus_e0,bplus,v23,bplus,e0,train,MJ1,rmse,0.0,mm,762
scale_v23_minus_e0,bplus,v23,bplus,e0,train,point_mean,rmse,0.0,mm,762
scale_v23_minus_e0,bplus,v23,bplus,e0,train,ATU1,crps,0.7423071021967216,mm,762
scale_v23_minus_e0,bplus,v23,bplus,e0,train,ATU5,crps,0.18111346721125798,mm,762
scale_v23_minus_e0,bplus,v23,bplus,e0,train,MJ3,crps,0.14951588130469773,mm,762
scale_v23_minus_e0,bplus,v23,bplus,e0,train,MJ1,crps,0.5348895269227292,mm,762
scale_v23_minus_e0,bplus,v23,bplus,e0,train,point_mean,crps,0.40195649440885184,mm,762
scale_v23_minus_e0,bplus,v23,bplus,e0,train,ATU1,coverage_80,0.015748031496062964,fraction,762
scale_v23_minus_e0,bplus,v23,bplus,e0,train,ATU5,coverage_80,0.16666666666666663,fraction,762
scale_v23_minus_e0,bplus,v23,bplus,e0,train,MJ3,coverage_80,0.20341207349081358,fraction,762
scale_v23_minus_e0,bplus,v23,bplus,e0,train,MJ1,coverage_80,0.03149606299212593,fraction,762
scale_v23_minus_e0,bplus,v23,bplus,e0,train,point_mean,coverage_80,0.10433070866141725,fraction,762
scale_v23_minus_e0,bplus,v23,bplus,e0,train,ATU1,width_80,14.13664662400162,mm,762
scale_v23_minus_e0,bplus,v23,bplus,e0,train,ATU5,width_80,14.237036616887778,mm,762
scale_v23_minus_e0,bplus,v23,bplus,e0,train,MJ3,width_80,13.371912364042167,mm,762
scale_v23_minus_e0,bplus,v23,bplus,e0,train,MJ1,width_80,8.57303977047328,mm,762
scale_v23_minus_e0,bplus,v23,bplus,e0,train,point_mean,width_80,12.579658843851206,mm,762
scale_v23_minus_e0,bplus,v23,bplus,e0,train,ATU1,interval_score_80,10.663851630981135,mm,762
scale_v23_minus_e0,bplus,v23,bplus,e0,train,ATU5,interval_score_80,4.1224683107196185,mm,762
scale_v23_minus_e0,bplus,v23,bplus,e0,train,MJ3,interval_score_80,-1.741185158885429,mm,762
scale_v23_minus_e0,bplus,v23,bplus,e0,train,MJ1,interval_score_80,8.244464127738333,mm,762
scale_v23_minus_e0,bplus,v23,bplus,e0,train,point_mean,interval_score_80,5.322399727638405,mm,762
scale_v23_minus_e0,bplus,v23,bplus,e0,train,ATU1,coverage_90,0.01443569553805768,fraction,762
scale_v23_minus_e0,bplus,v23,bplus,e0,train,ATU5,coverage_90,0.05905511811023623,fraction,762
scale_v23_minus_e0,bplus,v23,bplus,e0,train,MJ3,coverage_90,0.22703412073490814,fraction,762
scale_v23_minus_e0,bplus,v23,bplus,e0,train,MJ1,coverage_90,0.0,fraction,762
scale_v23_minus_e0,bplus,v23,bplus,e0,train,point_mean,coverage_90,0.07513123359580043,fraction,762
scale_v23_minus_e0,bplus,v23,bplus,e0,train,ATU1,width_90,18.145116029723894,mm,762
scale_v23_minus_e0,bplus,v23,bplus,e0,train,ATU5,width_90,18.27512830986639,mm,762
scale_v23_minus_e0,bplus,v23,bplus,e0,train,MJ3,width_90,17.163597358444257,mm,762
scale_v23_minus_e0,bplus,v23,bplus,e0,train,MJ1,width_90,11.00701423725912,mm,762
scale_v23_minus_e0,bplus,v23,bplus,e0,train,point_mean,width_90,16.147713983823415,mm,762
scale_v23_minus_e0,bplus,v23,bplus,e0,train,ATU1,interval_score_90,11.25186173311058,mm,762
scale_v23_minus_e0,bplus,v23,bplus,e0,train,ATU5,interval_score_90,7.365508059833175,mm,762
scale_v23_minus_e0,bplus,v23,bplus,e0,train,MJ3,interval_score_90,7.4766580102619,mm,762
scale_v23_minus_e0,bplus,v23,bplus,e0,train,MJ1,interval_score_90,11.00701423725912,mm,762
scale_v23_minus_e0,bplus,v23,bplus,e0,train,point_mean,interval_score_90,9.275260510116183,mm,762
scale_v23_minus_e0,bplus,v23,bplus,e0,train,ATU1,coverage_95,0.01837270341207342,fraction,762
scale_v23_minus_e0,bplus,v23,bplus,e0,train,ATU5,coverage_95,0.027559055118110187,fraction,762
scale_v23_minus_e0,bplus,v23,bplus,e0,train,MJ3,coverage_95,0.03149606299212604,fraction,762
scale_v23_minus_e0,bplus,v23,bplus,e0,train,MJ1,coverage_95,0.0,fraction,762
scale_v23_minus_e0,bplus,v23,bplus,e0,train,point_mean,coverage_95,0.019356955380577356,fraction,762
scale_v23_minus_e0,bplus,v23,bplus,e0,train,ATU1,width_95,21.622419068934754,mm,762
scale_v23_minus_e0,bplus,v23,bplus,e0,train,ATU5,width_95,21.778820688342456,mm,762
scale_v23_minus_e0,bplus,v23,bplus,e0,train,MJ3,width_95,20.452875294296653,mm,762
scale_v23_minus_e0,bplus,v23,bplus,e0,train,MJ1,width_95,13.120307966202596,mm,762
scale_v23_minus_e0,bplus,v23,bplus,e0,train,point_mean,width_95,19.24360575444411,mm,762
scale_v23_minus_e0,bplus,v23,bplus,e0,train,ATU1,interval_score_95,8.644203658545777,mm,762
scale_v23_minus_e0,bplus,v23,bplus,e0,train,ATU5,interval_score_95,3.5919445142324093,mm,762
scale_v23_minus_e0,bplus,v23,bplus,e0,train,MJ3,interval_score_95,19.549221782900958,mm,762
scale_v23_minus_e0,bplus,v23,bplus,e0,train,MJ1,interval_score_95,13.120307966202596,mm,762
scale_v23_minus_e0,bplus,v23,bplus,e0,train,point_mean,interval_score_95,11.226419480470426,mm,762
scale_v23_minus_e0,bplus,v23,bplus,e0,train,pooled,rmse,0.0,mm,762
scale_v23_minus_e0,bplus,v23,bplus,e0,prediction,ATU1,mae,0.0,mm,376
scale_v23_minus_e0,bplus,v23,bplus,e0,prediction,ATU5,mae,0.0,mm,376
scale_v23_minus_e0,bplus,v23,bplus,e0,prediction,MJ3,mae,0.0,mm,376
scale_v23_minus_e0,bplus,v23,bplus,e0,prediction,MJ1,mae,0.0,mm,376
scale_v23_minus_e0,bplus,v23,bplus,e0,prediction,point_mean,mae,0.0,mm,376
scale_v23_minus_e0,bplus,v23,bplus,e0,prediction,ATU1,rmse,0.0,mm,376
scale_v23_minus_e0,bplus,v23,bplus,e0,prediction,ATU5,rmse,0.0,mm,376
scale_v23_minus_e0,bplus,v23,bplus,e0,prediction,MJ3,rmse,0.0,mm,376
scale_v23_minus_e0,bplus,v23,bplus,e0,prediction,MJ1,rmse,0.0,mm,376
scale_v23_minus_e0,bplus,v23,bplus,e0,prediction,point_mean,rmse,0.0,mm,376
scale_v23_minus_e0,bplus,v23,bplus,e0,prediction,ATU1,crps,-1.9222955322724182,mm,376
scale_v23_minus_e0,bplus,v23,bplus,e0,prediction,ATU5,crps,-2.221656646203158,mm,376
scale_v23_minus_e0,bplus,v23,bplus,e0,prediction,MJ3,crps,0.30982788458879185,mm,376
scale_v23_minus_e0,bplus,v23,bplus,e0,prediction,MJ1,crps,-0.7692843871271862,mm,376
scale_v23_minus_e0,bplus,v23,bplus,e0,prediction,point_mean,crps,-1.1508521702534935,mm,376
scale_v23_minus_e0,bplus,v23,bplus,e0,prediction,ATU1,coverage_80,0.010638297872340413,fraction,376
scale_v23_minus_e0,bplus,v23,bplus,e0,prediction,ATU5,coverage_80,0.007978723404255317,fraction,376
scale_v23_minus_e0,bplus,v23,bplus,e0,prediction,MJ3,coverage_80,0.0,fraction,376
scale_v23_minus_e0,bplus,v23,bplus,e0,prediction,MJ1,coverage_80,0.06382978723404253,fraction,376
scale_v23_minus_e0,bplus,v23,bplus,e0,prediction,point_mean,coverage_80,0.02061170212765956,fraction,376
scale_v23_minus_e0,bplus,v23,bplus,e0,prediction,ATU1,width_80,14.005188801829618,mm,376
scale_v23_minus_e0,bplus,v23,bplus,e0,prediction,ATU5,width_80,14.22268588395147,mm,376
scale_v23_minus_e0,bplus,v23,bplus,e0,prediction,MJ3,width_80,12.80994984576644,mm,376
scale_v23_minus_e0,bplus,v23,bplus,e0,prediction,MJ1,width_80,8.405910719630981,mm,376
scale_v23_minus_e0,bplus,v23,bplus,e0,prediction,point_mean,width_80,12.36093381279462,mm,376
scale_v23_minus_e0,bplus,v23,bplus,e0,prediction,ATU1,interval_score_80,-38.846831221018334,mm,376
scale_v23_minus_e0,bplus,v23,bplus,e0,prediction,ATU5,interval_score_80,-41.69972588018777,mm,376
scale_v23_minus_e0,bplus,v23,bplus,e0,prediction,MJ3,interval_score_80,0.05350782250715724,mm,376
scale_v23_minus_e0,bplus,v23,bplus,e0,prediction,MJ1,interval_score_80,-16.210046290420593,mm,376
scale_v23_minus_e0,bplus,v23,bplus,e0,prediction,point_mean,interval_score_80,-24.175773892279864,mm,376
scale_v23_minus_e0,bplus,v23,bplus,e0,prediction,ATU1,coverage_90,0.08244680851063829,fraction,376
scale_v23_minus_e0,bplus,v23,bplus,e0,prediction,ATU5,coverage_90,0.0053191489361702204,fraction,376
scale_v23_minus_e0,bplus,v23,bplus,e0,prediction,MJ3,coverage_90,-0.0026595744680851796,fraction,376
scale_v23_minus_e0,bplus,v23,bplus,e0,prediction,MJ1,coverage_90,0.07446808510638298,fraction,376
scale_v23_minus_e0,bplus,v23,bplus,e0,prediction,point_mean,coverage_90,0.03989361702127664,fraction,376
scale_v23_minus_e0,bplus,v23,bplus,e0,prediction,ATU1,width_90,17.976339052598014,mm,376
scale_v23_minus_e0,bplus,v23,bplus,e0,prediction,ATU5,width_90,18.256615095981658,mm,376
scale_v23_minus_e0,bplus,v23,bplus,e0,prediction,MJ3,width_90,16.442287450063795,mm,376
scale_v23_minus_e0,bplus,v23,bplus,e0,prediction,MJ1,width_90,10.792406916390746,mm,376
scale_v23_minus_e0,bplus,v23,bplus,e0,prediction,point_mean,width_90,15.86691212875855,mm,376
scale_v23_minus_e0,bplus,v23,bplus,e0,prediction,ATU1,interval_score_90,-113.94196996483197,mm,376
scale_v23_minus_e0,bplus,v23,bplus,e0,prediction,ATU5,interval_score_90,-124.58935694774635,mm,376
scale_v23_minus_e0,bplus,v23,bplus,e0,prediction,MJ3,interval_score_90,-16.485584184837194,mm,376
scale_v23_minus_e0,bplus,v23,bplus,e0,prediction,MJ1,interval_score_90,-42.95872319688135,mm,376
scale_v23_minus_e0,bplus,v23,bplus,e0,prediction,point_mean,interval_score_90,-74.49390857357417,mm,376
scale_v23_minus_e0,bplus,v23,bplus,e0,prediction,ATU1,coverage_95,0.2579787234042553,fraction,376
scale_v23_minus_e0,bplus,v23,bplus,e0,prediction,ATU5,coverage_95,0.031914893617021295,fraction,376
scale_v23_minus_e0,bplus,v23,bplus,e0,prediction,MJ3,coverage_95,0.0026595744680851796,fraction,376
scale_v23_minus_e0,bplus,v23,bplus,e0,prediction,MJ1,coverage_95,0.29787234042553185,fraction,376
scale_v23_minus_e0,bplus,v23,bplus,e0,prediction,point_mean,coverage_95,0.14760638297872336,fraction,376
scale_v23_minus_e0,bplus,v23,bplus,e0,prediction,ATU1,width_95,21.42124071239119,mm,376
scale_v23_minus_e0,bplus,v23,bplus,e0,prediction,ATU5,width_95,21.756638503597138,mm,376
scale_v23_minus_e0,bplus,v23,bplus,e0,prediction,MJ3,width_95,19.593331960866536,mm,376
scale_v23_minus_e0,bplus,v23,bplus,e0,prediction,MJ1,width_95,12.86446125695128,mm,376
scale_v23_minus_e0,bplus,v23,bplus,e0,prediction,point_mean,width_95,18.908918108451537,mm,376
scale_v23_minus_e0,bplus,v23,bplus,e0,prediction,ATU1,interval_score_95,-253.03312215755955,mm,376
scale_v23_minus_e0,bplus,v23,bplus,e0,prediction,ATU5,interval_score_95,-316.39538512246133,mm,376
scale_v23_minus_e0,bplus,v23,bplus,e0,prediction,MJ3,interval_score_95,-59.20855163944219,mm,376
scale_v23_minus_e0,bplus,v23,bplus,e0,prediction,MJ1,interval_score_95,-76.09937747719749,mm,376
scale_v23_minus_e0,bplus,v23,bplus,e0,prediction,point_mean,interval_score_95,-176.18410909916508,mm,376
scale_v23_minus_e0,bplus,v23,bplus,e0,prediction,pooled,rmse,0.0,mm,376
scale_v23_minus_e0,neural,v23,neural,e0,train,ATU1,mae,0.0,mm,762
scale_v23_minus_e0,neural,v23,neural,e0,train,ATU5,mae,0.0,mm,762
scale_v23_minus_e0,neural,v23,neural,e0,train,MJ3,mae,0.0,mm,762
scale_v23_minus_e0,neural,v23,neural,e0,train,MJ1,mae,0.0,mm,762
scale_v23_minus_e0,neural,v23,neural,e0,train,point_mean,mae,0.0,mm,762
scale_v23_minus_e0,neural,v23,neural,e0,train,ATU1,rmse,0.0,mm,762
scale_v23_minus_e0,neural,v23,neural,e0,train,ATU5,rmse,0.0,mm,762
scale_v23_minus_e0,neural,v23,neural,e0,train,MJ3,rmse,0.0,mm,762
scale_v23_minus_e0,neural,v23,neural,e0,train,MJ1,rmse,0.0,mm,762
scale_v23_minus_e0,neural,v23,neural,e0,train,point_mean,rmse,0.0,mm,762
scale_v23_minus_e0,neural,v23,neural,e0,train,ATU1,crps,-2.1373820468758993,mm,762
scale_v23_minus_e0,neural,v23,neural,e0,train,ATU5,crps,-1.969267998175816,mm,762
scale_v23_minus_e0,neural,v23,neural,e0,train,MJ3,crps,-1.2710232843474714,mm,762
scale_v23_minus_e0,neural,v23,neural,e0,train,MJ1,crps,-0.12411459217492649,mm,762
scale_v23_minus_e0,neural,v23,neural,e0,train,point_mean,crps,-1.375446980393523,mm,762
scale_v23_minus_e0,neural,v23,neural,e0,train,ATU1,coverage_80,0.08005249343832019,fraction,762
scale_v23_minus_e0,neural,v23,neural,e0,train,ATU5,coverage_80,0.08923884514435693,fraction,762
scale_v23_minus_e0,neural,v23,neural,e0,train,MJ3,coverage_80,0.09711286089238846,fraction,762
scale_v23_minus_e0,neural,v23,neural,e0,train,MJ1,coverage_80,0.10892388451443569,fraction,762
scale_v23_minus_e0,neural,v23,neural,e0,train,point_mean,coverage_80,0.09383202099737531,fraction,762
scale_v23_minus_e0,neural,v23,neural,e0,train,ATU1,width_80,14.007868970033726,mm,762
scale_v23_minus_e0,neural,v23,neural,e0,train,ATU5,width_80,14.075134684066015,mm,762
scale_v23_minus_e0,neural,v23,neural,e0,train,MJ3,width_80,13.323672340589894,mm,762
scale_v23_minus_e0,neural,v23,neural,e0,train,MJ1,width_80,8.565161688352852,mm,762
scale_v23_minus_e0,neural,v23,neural,e0,train,point_mean,width_80,12.49295942076062,mm,762
scale_v23_minus_e0,neural,v23,neural,e0,train,ATU1,interval_score_80,-41.51627813737116,mm,762
scale_v23_minus_e0,neural,v23,neural,e0,train,ATU5,interval_score_80,-37.505110783040664,mm,762
scale_v23_minus_e0,neural,v23,neural,e0,train,MJ3,interval_score_80,-23.903107536211735,mm,762
scale_v23_minus_e0,neural,v23,neural,e0,train,MJ1,interval_score_80,-4.205076218261006,mm,762
scale_v23_minus_e0,neural,v23,neural,e0,train,point_mean,interval_score_80,-26.782393168721114,mm,762
scale_v23_minus_e0,neural,v23,neural,e0,train,ATU1,coverage_90,0.1299212598425197,fraction,762
scale_v23_minus_e0,neural,v23,neural,e0,train,ATU5,coverage_90,0.09055118110236221,fraction,762
scale_v23_minus_e0,neural,v23,neural,e0,train,MJ3,coverage_90,0.040682414698162694,fraction,762
scale_v23_minus_e0,neural,v23,neural,e0,train,MJ1,coverage_90,0.1561679790026247,fraction,762
scale_v23_minus_e0,neural,v23,neural,e0,train,point_mean,coverage_90,0.10433070866141725,fraction,762
scale_v23_minus_e0,neural,v23,neural,e0,train,ATU1,width_90,17.982287959655956,mm,762
scale_v23_minus_e0,neural,v23,neural,e0,train,ATU5,width_90,18.071664433138032,mm,762
scale_v23_minus_e0,neural,v23,neural,e0,train,MJ3,width_90,17.101882497104164,mm,762
scale_v23_minus_e0,neural,v23,neural,e0,train,MJ1,width_90,10.996717749737549,mm,762
scale_v23_minus_e0,neural,v23,neural,e0,train,point_mean,width_90,16.038138159908925,mm,762
scale_v23_minus_e0,neural,v23,neural,e0,train,ATU1,interval_score_90,-110.57474377746496,mm,762
scale_v23_minus_e0,neural,v23,neural,e0,train,ATU5,interval_score_90,-102.32789572278034,mm,762
scale_v23_minus_e0,neural,v23,neural,e0,train,MJ3,interval_score_90,-68.4743074629107,mm,762
scale_v23_minus_e0,neural,v23,neural,e0,train,MJ1,interval_score_90,-2.6624215040840227,mm,762
scale_v23_minus_e0,neural,v23,neural,e0,train,point_mean,interval_score_90,-71.00984211680998,mm,762
scale_v23_minus_e0,neural,v23,neural,e0,train,ATU1,coverage_95,0.12335958005249348,fraction,762
scale_v23_minus_e0,neural,v23,neural,e0,train,ATU5,coverage_95,0.08792650918635175,fraction,762
scale_v23_minus_e0,neural,v23,neural,e0,train,MJ3,coverage_95,0.061679790026246795,fraction,762
scale_v23_minus_e0,neural,v23,neural,e0,train,MJ1,coverage_95,0.07742782152230965,fraction,762
scale_v23_minus_e0,neural,v23,neural,e0,train,point_mean,coverage_95,0.08759842519685035,fraction,762
scale_v23_minus_e0,neural,v23,neural,e0,train,ATU1,width_95,21.431409494992224,mm,762
scale_v23_minus_e0,neural,v23,neural,e0,train,ATU5,width_95,21.541519354350754,mm,762
scale_v23_minus_e0,neural,v23,neural,e0,train,MJ3,width_95,20.379579514443442,mm,762
scale_v23_minus_e0,neural,v23,neural,e0,train,MJ1,width_95,13.107800385492673,mm,762
scale_v23_minus_e0,neural,v23,neural,e0,train,point_mean,width_95,19.115077187319777,mm,762
scale_v23_minus_e0,neural,v23,neural,e0,train,ATU1,interval_score_95,-258.013267193419,mm,762
scale_v23_minus_e0,neural,v23,neural,e0,train,ATU5,interval_score_95,-246.60439724153298,mm,762
scale_v23_minus_e0,neural,v23,neural,e0,train,MJ3,interval_score_95,-173.8857292876629,mm,762
scale_v23_minus_e0,neural,v23,neural,e0,train,MJ1,interval_score_95,3.5784268568579876,mm,762
scale_v23_minus_e0,neural,v23,neural,e0,train,point_mean,interval_score_95,-168.73124171643929,mm,762
scale_v23_minus_e0,neural,v23,neural,e0,train,pooled,rmse,0.0,mm,762
scale_v23_minus_e0,neural,v23,neural,e0,prediction,ATU1,mae,0.0,mm,376
scale_v23_minus_e0,neural,v23,neural,e0,prediction,ATU5,mae,0.0,mm,376
scale_v23_minus_e0,neural,v23,neural,e0,prediction,MJ3,mae,0.0,mm,376
scale_v23_minus_e0,neural,v23,neural,e0,prediction,MJ1,mae,0.0,mm,376
scale_v23_minus_e0,neural,v23,neural,e0,prediction,point_mean,mae,0.0,mm,376
scale_v23_minus_e0,neural,v23,neural,e0,prediction,ATU1,rmse,0.0,mm,376
scale_v23_minus_e0,neural,v23,neural,e0,prediction,ATU5,rmse,0.0,mm,376
scale_v23_minus_e0,neural,v23,neural,e0,prediction,MJ3,rmse,0.0,mm,376
scale_v23_minus_e0,neural,v23,neural,e0,prediction,MJ1,rmse,0.0,mm,376
scale_v23_minus_e0,neural,v23,neural,e0,prediction,point_mean,rmse,0.0,mm,376
scale_v23_minus_e0,neural,v23,neural,e0,prediction,ATU1,crps,-2.757514071369883,mm,376
scale_v23_minus_e0,neural,v23,neural,e0,prediction,ATU5,crps,-2.636115352979715,mm,376
scale_v23_minus_e0,neural,v23,neural,e0,prediction,MJ3,crps,-2.7202438123209447,mm,376
scale_v23_minus_e0,neural,v23,neural,e0,prediction,MJ1,crps,-1.821556225372717,mm,376
scale_v23_minus_e0,neural,v23,neural,e0,prediction,point_mean,crps,-2.483857365510829,mm,376
scale_v23_minus_e0,neural,v23,neural,e0,prediction,ATU1,coverage_80,0.0,fraction,376
scale_v23_minus_e0,neural,v23,neural,e0,prediction,ATU5,coverage_80,0.0,fraction,376
scale_v23_minus_e0,neural,v23,neural,e0,prediction,MJ3,coverage_80,0.0,fraction,376
scale_v23_minus_e0,neural,v23,neural,e0,prediction,MJ1,coverage_80,0.0,fraction,376
scale_v23_minus_e0,neural,v23,neural,e0,prediction,point_mean,coverage_80,0.0,fraction,376
scale_v23_minus_e0,neural,v23,neural,e0,prediction,ATU1,width_80,12.446277076881124,mm,376
scale_v23_minus_e0,neural,v23,neural,e0,prediction,ATU5,width_80,11.825615295364017,mm,376
scale_v23_minus_e0,neural,v23,neural,e0,prediction,MJ3,width_80,12.34816545484987,mm,376
scale_v23_minus_e0,neural,v23,neural,e0,prediction,MJ1,width_80,8.342044120449259,mm,376
scale_v23_minus_e0,neural,v23,neural,e0,prediction,point_mean,width_80,11.240525486886071,mm,376
scale_v23_minus_e0,neural,v23,neural,e0,prediction,ATU1,interval_score_80,-49.87633783988986,mm,376
scale_v23_minus_e0,neural,v23,neural,e0,prediction,ATU5,interval_score_80,-45.493815905138945,mm,376
scale_v23_minus_e0,neural,v23,neural,e0,prediction,MJ3,interval_score_80,-49.22773730373001,mm,376
scale_v23_minus_e0,neural,v23,neural,e0,prediction,MJ1,interval_score_80,-33.36161896505837,mm,376
scale_v23_minus_e0,neural,v23,neural,e0,prediction,point_mean,interval_score_80,-44.48987750345441,mm,376
scale_v23_minus_e0,neural,v23,neural,e0,prediction,ATU1,coverage_90,0.0,fraction,376
scale_v23_minus_e0,neural,v23,neural,e0,prediction,ATU5,coverage_90,0.0,fraction,376
scale_v23_minus_e0,neural,v23,neural,e0,prediction,MJ3,coverage_90,0.0,fraction,376
scale_v23_minus_e0,neural,v23,neural,e0,prediction,MJ1,coverage_90,0.0,fraction,376
scale_v23_minus_e0,neural,v23,neural,e0,prediction,point_mean,coverage_90,0.0,fraction,376
scale_v23_minus_e0,neural,v23,neural,e0,prediction,ATU1,width_90,16.204179176838082,mm,376
scale_v23_minus_e0,neural,v23,neural,e0,prediction,ATU5,width_90,15.671217304046557,mm,376
scale_v23_minus_e0,neural,v23,neural,e0,prediction,MJ3,width_90,15.875428361622788,mm,376
scale_v23_minus_e0,neural,v23,neural,e0,prediction,MJ1,width_90,10.708352069033047,mm,376
scale_v23_minus_e0,neural,v23,neural,e0,prediction,point_mean,width_90,14.614794227885113,mm,376
scale_v23_minus_e0,neural,v23,neural,e0,prediction,ATU1,interval_score_90,-146.1410766543272,mm,376
scale_v23_minus_e0,neural,v23,neural,e0,prediction,ATU5,interval_score_90,-136.64643226432872,mm,376
scale_v23_minus_e0,neural,v23,neural,e0,prediction,MJ3,interval_score_90,-142.2234589369209,mm,376
scale_v23_minus_e0,neural,v23,neural,e0,prediction,MJ1,interval_score_90,-96.34138607912269,mm,376
scale_v23_minus_e0,neural,v23,neural,e0,prediction,point_mean,interval_score_90,-130.33808848367562,mm,376
scale_v23_minus_e0,neural,v23,neural,e0,prediction,ATU1,coverage_95,0.0,fraction,376
scale_v23_minus_e0,neural,v23,neural,e0,prediction,ATU5,coverage_95,0.0,fraction,376
scale_v23_minus_e0,neural,v23,neural,e0,prediction,MJ3,coverage_95,0.0,fraction,376
scale_v23_minus_e0,neural,v23,neural,e0,prediction,MJ1,coverage_95,0.0,fraction,376
scale_v23_minus_e0,neural,v23,neural,e0,prediction,point_mean,coverage_95,0.0,fraction,376
scale_v23_minus_e0,neural,v23,neural,e0,prediction,ATU1,width_95,19.53473897375372,mm,376
scale_v23_minus_e0,neural,v23,neural,e0,prediction,ATU5,width_95,19.120945406776073,mm,376
scale_v23_minus_e0,neural,v23,neural,e0,prediction,MJ3,width_95,18.947429909188223,mm,376
scale_v23_minus_e0,neural,v23,neural,e0,prediction,MJ1,width_95,12.76165153246199,mm,376
scale_v23_minus_e0,neural,v23,neural,e0,prediction,point_mean,width_95,17.591191455545,mm,376
scale_v23_minus_e0,neural,v23,neural,e0,prediction,ATU1,interval_score_95,-371.9632130285436,mm,376
scale_v23_minus_e0,neural,v23,neural,e0,prediction,ATU5,interval_score_95,-354.4151200043434,mm,376
scale_v23_minus_e0,neural,v23,neural,e0,prediction,MJ3,interval_score_95,-358.15719012530644,mm,376
scale_v23_minus_e0,neural,v23,neural,e0,prediction,MJ1,interval_score_95,-242.36060371647045,mm,376
scale_v23_minus_e0,neural,v23,neural,e0,prediction,point_mean,interval_score_95,-331.7240317186652,mm,376
scale_v23_minus_e0,neural,v23,neural,e0,prediction,pooled,rmse,0.0,mm,376
scale_v23_minus_e0,replay,v23,replay,e0,train,ATU1,mae,0.0,mm,762
scale_v23_minus_e0,replay,v23,replay,e0,train,ATU5,mae,0.0,mm,762
scale_v23_minus_e0,replay,v23,replay,e0,train,MJ3,mae,0.0,mm,762
scale_v23_minus_e0,replay,v23,replay,e0,train,MJ1,mae,0.0,mm,762
scale_v23_minus_e0,replay,v23,replay,e0,train,point_mean,mae,0.0,mm,762
scale_v23_minus_e0,replay,v23,replay,e0,train,ATU1,rmse,0.0,mm,762
scale_v23_minus_e0,replay,v23,replay,e0,train,ATU5,rmse,0.0,mm,762
scale_v23_minus_e0,replay,v23,replay,e0,train,MJ3,rmse,0.0,mm,762
scale_v23_minus_e0,replay,v23,replay,e0,train,MJ1,rmse,0.0,mm,762
scale_v23_minus_e0,replay,v23,replay,e0,train,point_mean,rmse,0.0,mm,762
scale_v23_minus_e0,replay,v23,replay,e0,train,ATU1,crps,0.8136926552719386,mm,762
scale_v23_minus_e0,replay,v23,replay,e0,train,ATU5,crps,0.2562527091855138,mm,762
scale_v23_minus_e0,replay,v23,replay,e0,train,MJ3,crps,0.011115482901272955,mm,762
scale_v23_minus_e0,replay,v23,replay,e0,train,MJ1,crps,0.5523773668929621,mm,762
scale_v23_minus_e0,replay,v23,replay,e0,train,point_mean,crps,0.40835955356292164,mm,762
scale_v23_minus_e0,replay,v23,replay,e0,train,ATU1,coverage_80,0.02099737532808399,fraction,762
scale_v23_minus_e0,replay,v23,replay,e0,train,ATU5,coverage_80,0.11154855643044626,fraction,762
scale_v23_minus_e0,replay,v23,replay,e0,train,MJ3,coverage_80,0.1824146981627296,fraction,762
scale_v23_minus_e0,replay,v23,replay,e0,train,MJ1,coverage_80,0.01443569553805768,fraction,762
scale_v23_minus_e0,replay,v23,replay,e0,train,point_mean,coverage_80,0.08234908136482932,fraction,762
scale_v23_minus_e0,replay,v23,replay,e0,train,ATU1,width_80,14.13500720629785,mm,762
scale_v23_minus_e0,replay,v23,replay,e0,train,ATU5,width_80,14.235674156503649,mm,762
scale_v23_minus_e0,replay,v23,replay,e0,train,MJ3,width_80,13.371298162570355,mm,762
scale_v23_minus_e0,replay,v23,replay,e0,train,MJ1,width_80,8.572025890453496,mm,762
scale_v23_minus_e0,replay,v23,replay,e0,train,point_mean,width_80,12.57850135395634,mm,762
scale_v23_minus_e0,replay,v23,replay,e0,train,ATU1,interval_score_80,10.468763678574497,mm,762
scale_v23_minus_e0,replay,v23,replay,e0,train,ATU5,interval_score_80,6.137332031929844,mm,762
scale_v23_minus_e0,replay,v23,replay,e0,train,MJ3,interval_score_80,-6.112579752487541,mm,762
scale_v23_minus_e0,replay,v23,replay,e0,train,MJ1,interval_score_80,7.933404656893245,mm,762
scale_v23_minus_e0,replay,v23,replay,e0,train,point_mean,interval_score_80,4.606730153727511,mm,762
scale_v23_minus_e0,replay,v23,replay,e0,train,ATU1,coverage_90,0.017060367454068248,fraction,762
scale_v23_minus_e0,replay,v23,replay,e0,train,ATU5,coverage_90,0.044619422572178435,fraction,762
scale_v23_minus_e0,replay,v23,replay,e0,train,MJ3,coverage_90,0.23359580052493434,fraction,762
scale_v23_minus_e0,replay,v23,replay,e0,train,MJ1,coverage_90,0.011811023622047223,fraction,762
scale_v23_minus_e0,replay,v23,replay,e0,train,point_mean,coverage_90,0.07677165354330706,fraction,762
scale_v23_minus_e0,replay,v23,replay,e0,train,ATU1,width_90,18.143004411462805,mm,762
scale_v23_minus_e0,replay,v23,replay,e0,train,ATU5,width_90,18.273380818916543,mm,762
scale_v23_minus_e0,replay,v23,replay,e0,train,MJ3,width_90,17.162810771807614,mm,762
scale_v23_minus_e0,replay,v23,replay,e0,train,MJ1,width_90,11.005723485845273,mm,762
scale_v23_minus_e0,replay,v23,replay,e0,train,point_mean,width_90,16.146229872008064,mm,762
scale_v23_minus_e0,replay,v23,replay,e0,train,ATU1,interval_score_90,10.778059789030614,mm,762
scale_v23_minus_e0,replay,v23,replay,e0,train,ATU5,interval_score_90,6.697666693308079,mm,762
scale_v23_minus_e0,replay,v23,replay,e0,train,MJ3,interval_score_90,-3.77722464452323,mm,762
scale_v23_minus_e0,replay,v23,replay,e0,train,MJ1,interval_score_90,10.971522466088778,mm,762
scale_v23_minus_e0,replay,v23,replay,e0,train,point_mean,interval_score_90,6.167506075976071,mm,762
scale_v23_minus_e0,replay,v23,replay,e0,train,ATU1,coverage_95,0.01837270341207342,fraction,762
scale_v23_minus_e0,replay,v23,replay,e0,train,ATU5,coverage_95,0.030183727034120755,fraction,762
scale_v23_minus_e0,replay,v23,replay,e0,train,MJ3,coverage_95,0.1010498687664042,fraction,762
scale_v23_minus_e0,replay,v23,replay,e0,train,MJ1,coverage_95,-0.001312335958005284,fraction,762
scale_v23_minus_e0,replay,v23,replay,e0,train,point_mean,coverage_95,0.03707349081364819,fraction,762
scale_v23_minus_e0,replay,v23,replay,e0,train,ATU1,width_95,21.61989402009985,mm,762
scale_v23_minus_e0,replay,v23,replay,e0,train,ATU5,width_95,21.776740296064702,mm,762
scale_v23_minus_e0,replay,v23,replay,e0,train,MJ3,width_95,20.451941220347294,mm,762
scale_v23_minus_e0,replay,v23,replay,e0,train,MJ1,width_95,13.118783462602217,mm,762
scale_v23_minus_e0,replay,v23,replay,e0,train,point_mean,width_95,19.241839749778514,mm,762
scale_v23_minus_e0,replay,v23,replay,e0,train,ATU1,interval_score_95,7.906287767489317,mm,762
scale_v23_minus_e0,replay,v23,replay,e0,train,ATU5,interval_score_95,1.9169537720498226,mm,762
scale_v23_minus_e0,replay,v23,replay,e0,train,MJ3,interval_score_95,12.467724388068412,mm,762
scale_v23_minus_e0,replay,v23,replay,e0,train,MJ1,interval_score_95,13.290261157635207,mm,762
scale_v23_minus_e0,replay,v23,replay,e0,train,point_mean,interval_score_95,8.895306771310686,mm,762
scale_v23_minus_e0,replay,v23,replay,e0,train,pooled,rmse,0.0,mm,762
scale_v23_minus_e0,replay,v23,replay,e0,prediction,ATU1,mae,0.0,mm,376
scale_v23_minus_e0,replay,v23,replay,e0,prediction,ATU5,mae,0.0,mm,376
scale_v23_minus_e0,replay,v23,replay,e0,prediction,MJ3,mae,0.0,mm,376
scale_v23_minus_e0,replay,v23,replay,e0,prediction,MJ1,mae,0.0,mm,376
scale_v23_minus_e0,replay,v23,replay,e0,prediction,point_mean,mae,0.0,mm,376
scale_v23_minus_e0,replay,v23,replay,e0,prediction,ATU1,rmse,0.0,mm,376
scale_v23_minus_e0,replay,v23,replay,e0,prediction,ATU5,rmse,0.0,mm,376
scale_v23_minus_e0,replay,v23,replay,e0,prediction,MJ3,rmse,0.0,mm,376
scale_v23_minus_e0,replay,v23,replay,e0,prediction,MJ1,rmse,0.0,mm,376
scale_v23_minus_e0,replay,v23,replay,e0,prediction,point_mean,rmse,0.0,mm,376
scale_v23_minus_e0,replay,v23,replay,e0,prediction,ATU1,crps,-2.3088515160388994,mm,376
scale_v23_minus_e0,replay,v23,replay,e0,prediction,ATU5,crps,-2.3629242946354267,mm,376
scale_v23_minus_e0,replay,v23,replay,e0,prediction,MJ3,crps,-0.13757683359860096,mm,376
scale_v23_minus_e0,replay,v23,replay,e0,prediction,MJ1,crps,-1.1182023649060966,mm,376
scale_v23_minus_e0,replay,v23,replay,e0,prediction,point_mean,crps,-1.4818887522947506,mm,376
scale_v23_minus_e0,replay,v23,replay,e0,prediction,ATU1,coverage_80,0.03457446808510639,fraction,376
scale_v23_minus_e0,replay,v23,replay,e0,prediction,ATU5,coverage_80,0.013297872340425537,fraction,376
scale_v23_minus_e0,replay,v23,replay,e0,prediction,MJ3,coverage_80,0.0026595744680851796,fraction,376
scale_v23_minus_e0,replay,v23,replay,e0,prediction,MJ1,coverage_80,0.06914893617021275,fraction,376
scale_v23_minus_e0,replay,v23,replay,e0,prediction,point_mean,coverage_80,0.02992021276595741,fraction,376
scale_v23_minus_e0,replay,v23,replay,e0,prediction,ATU1,width_80,13.99396990254413,mm,376
scale_v23_minus_e0,replay,v23,replay,e0,prediction,ATU5,width_80,14.215742530007994,mm,376
scale_v23_minus_e0,replay,v23,replay,e0,prediction,MJ3,width_80,12.803849621959529,mm,376
scale_v23_minus_e0,replay,v23,replay,e0,prediction,MJ1,width_80,8.399071754055548,mm,376
scale_v23_minus_e0,replay,v23,replay,e0,prediction,point_mean,width_80,12.353158452141805,mm,376
scale_v23_minus_e0,replay,v23,replay,e0,prediction,ATU1,interval_score_80,-40.24224557902829,mm,376
scale_v23_minus_e0,replay,v23,replay,e0,prediction,ATU5,interval_score_80,-42.05801625324534,mm,376
scale_v23_minus_e0,replay,v23,replay,e0,prediction,MJ3,interval_score_80,-0.11201361610062577,mm,376
scale_v23_minus_e0,replay,v23,replay,e0,prediction,MJ1,interval_score_80,-19.346315442570926,mm,376
scale_v23_minus_e0,replay,v23,replay,e0,prediction,point_mean,interval_score_80,-25.43964772273631,mm,376
scale_v23_minus_e0,replay,v23,replay,e0,prediction,ATU1,coverage_90,0.01861702127659573,fraction,376
scale_v23_minus_e0,replay,v23,replay,e0,prediction,ATU5,coverage_90,0.005319148936170193,fraction,376
scale_v23_minus_e0,replay,v23,replay,e0,prediction,MJ3,coverage_90,0.005319148936170248,fraction,376
scale_v23_minus_e0,replay,v23,replay,e0,prediction,MJ1,coverage_90,0.06117021276595741,fraction,376
scale_v23_minus_e0,replay,v23,replay,e0,prediction,point_mean,coverage_90,0.02260638297872336,fraction,376
scale_v23_minus_e0,replay,v23,replay,e0,prediction,ATU1,width_90,17.96188372255306,mm,376
scale_v23_minus_e0,replay,v23,replay,e0,prediction,ATU5,width_90,18.247694762666725,mm,376
scale_v23_minus_e0,replay,v23,replay,e0,prediction,MJ3,width_90,16.43448644539543,mm,376
scale_v23_minus_e0,replay,v23,replay,e0,prediction,MJ1,width_90,10.783506866897277,mm,376
scale_v23_minus_e0,replay,v23,replay,e0,prediction,point_mean,width_90,15.856892949378128,mm,376
scale_v23_minus_e0,replay,v23,replay,e0,prediction,ATU1,interval_score_90,-118.14751501593543,mm,376
scale_v23_minus_e0,replay,v23,replay,e0,prediction,ATU5,interval_score_90,-125.03382966321908,mm,376
scale_v23_minus_e0,replay,v23,replay,e0,prediction,MJ3,interval_score_90,-16.38626875535624,mm,376
scale_v23_minus_e0,replay,v23,replay,e0,prediction,MJ1,interval_score_90,-54.05175792142546,mm,376
scale_v23_minus_e0,replay,v23,replay,e0,prediction,point_mean,interval_score_90,-78.40484283898405,mm,376
scale_v23_minus_e0,replay,v23,replay,e0,prediction,ATU1,coverage_95,0.04255319148936171,fraction,376
scale_v23_minus_e0,replay,v23,replay,e0,prediction,ATU5,coverage_95,0.007978723404255317,fraction,376
scale_v23_minus_e0,replay,v23,replay,e0,prediction,MJ3,coverage_95,-0.0026595744680851796,fraction,376
scale_v23_minus_e0,replay,v23,replay,e0,prediction,MJ1,coverage_95,0.09308510638297873,fraction,376
scale_v23_minus_e0,replay,v23,replay,e0,prediction,point_mean,coverage_95,0.0352393617021276,fraction,376
scale_v23_minus_e0,replay,v23,replay,e0,prediction,ATU1,width_95,21.403943172263,mm,376
scale_v23_minus_e0,replay,v23,replay,e0,prediction,ATU5,width_95,21.745995287426126,mm,376
scale_v23_minus_e0,replay,v23,replay,e0,prediction,MJ3,width_95,19.584072182212317,mm,376
scale_v23_minus_e0,replay,v23,replay,e0,prediction,MJ1,width_95,12.853695535632248,mm,376
scale_v23_minus_e0,replay,v23,replay,e0,prediction,point_mean,width_95,18.896926544383426,mm,376
scale_v23_minus_e0,replay,v23,replay,e0,prediction,ATU1,interval_score_95,-298.217742936185,mm,376
scale_v23_minus_e0,replay,v23,replay,e0,prediction,ATU5,interval_score_95,-318.4285820043534,mm,376
scale_v23_minus_e0,replay,v23,replay,e0,prediction,MJ3,interval_score_95,-58.48043890660756,mm,376
scale_v23_minus_e0,replay,v23,replay,e0,prediction,MJ1,interval_score_95,-124.67691530773811,mm,376
scale_v23_minus_e0,replay,v23,replay,e0,prediction,point_mean,interval_score_95,-199.95091978872108,mm,376
scale_v23_minus_e0,replay,v23,replay,e0,prediction,pooled,rmse,0.0,mm,376
neural_minus_replay,neural,e0,replay,e0,train,ATU1,mae,41.83585037534997,mm,762
neural_minus_replay,neural,e0,replay,e0,train,ATU5,mae,35.61052544394827,mm,762
neural_minus_replay,neural,e0,replay,e0,train,MJ3,mae,15.21357510867915,mm,762
neural_minus_replay,neural,e0,replay,e0,train,MJ1,mae,6.005415883411493,mm,762
neural_minus_replay,neural,e0,replay,e0,train,point_mean,mae,24.666341702847223,mm,762
neural_minus_replay,neural,e0,replay,e0,train,ATU1,rmse,45.503456964667485,mm,762
neural_minus_replay,neural,e0,replay,e0,train,ATU5,rmse,39.730132296992466,mm,762
neural_minus_replay,neural,e0,replay,e0,train,MJ3,rmse,18.74405858917192,mm,762
neural_minus_replay,neural,e0,replay,e0,train,MJ1,rmse,7.224599412739506,mm,762
neural_minus_replay,neural,e0,replay,e0,train,point_mean,rmse,27.80056181589285,mm,762
neural_minus_replay,neural,e0,replay,e0,train,ATU1,crps,36.48897743483477,mm,762
neural_minus_replay,neural,e0,replay,e0,train,ATU5,crps,32.528470724599856,mm,762
neural_minus_replay,neural,e0,replay,e0,train,MJ3,crps,12.962465346815733,mm,762
neural_minus_replay,neural,e0,replay,e0,train,MJ1,crps,3.939403317344153,mm,762
neural_minus_replay,neural,e0,replay,e0,train,point_mean,crps,21.479829205898625,mm,762
neural_minus_replay,neural,e0,replay,e0,train,ATU1,coverage_80,-0.7401574803149606,fraction,762
neural_minus_replay,neural,e0,replay,e0,train,ATU5,coverage_80,-0.5879265091863517,fraction,762
neural_minus_replay,neural,e0,replay,e0,train,MJ3,coverage_80,-0.18110236220472442,fraction,762
neural_minus_replay,neural,e0,replay,e0,train,MJ1,coverage_80,-0.2585301837270342,fraction,762
neural_minus_replay,neural,e0,replay,e0,train,point_mean,coverage_80,-0.4419291338582678,fraction,762
neural_minus_replay,neural,e0,replay,e0,train,ATU1,width_80,0.4517803955931825,mm,762
neural_minus_replay,neural,e0,replay,e0,train,ATU5,width_80,0.581613699357888,mm,762
neural_minus_replay,neural,e0,replay,e0,train,MJ3,width_80,0.22754082894190475,mm,762
neural_minus_replay,neural,e0,replay,e0,train,MJ1,width_80,0.04343853345564952,mm,762
neural_minus_replay,neural,e0,replay,e0,train,point_mean,width_80,0.3260933643371615,mm,762
neural_minus_replay,neural,e0,replay,e0,train,ATU1,interval_score_80,321.9698609941237,mm,762
neural_minus_replay,neural,e0,replay,e0,train,ATU5,interval_score_80,301.9411973366956,mm,762
neural_minus_replay,neural,e0,replay,e0,train,MJ3,interval_score_80,113.2859651617761,mm,762
neural_minus_replay,neural,e0,replay,e0,train,MJ1,interval_score_80,20.04202779037366,mm,762
neural_minus_replay,neural,e0,replay,e0,train,point_mean,interval_score_80,189.30976282074226,mm,762
neural_minus_replay,neural,e0,replay,e0,train,ATU1,coverage_90,-0.7440944881889764,fraction,762
neural_minus_replay,neural,e0,replay,e0,train,ATU5,coverage_90,-0.6259842519685039,fraction,762
neural_minus_replay,neural,e0,replay,e0,train,MJ3,coverage_90,-0.14041994750656173,fraction,762
neural_minus_replay,neural,e0,replay,e0,train,MJ1,coverage_90,-0.1902887139107612,fraction,762
neural_minus_replay,neural,e0,replay,e0,train,point_mean,coverage_90,-0.4251968503937007,fraction,762
neural_minus_replay,neural,e0,replay,e0,train,ATU1,width_90,0.5753353418081488,mm,762
neural_minus_replay,neural,e0,replay,e0,train,ATU5,width_90,0.7394451683528516,mm,762
neural_minus_replay,neural,e0,replay,e0,train,MJ3,width_90,0.2907820695623968,mm,762
neural_minus_replay,neural,e0,replay,e0,train,MJ1,width_90,0.05569702873555826,mm,762
neural_minus_replay,neural,e0,replay,e0,train,point_mean,width_90,0.4153149021147371,mm,762
neural_minus_replay,neural,e0,replay,e0,train,ATU1,interval_score_90,570.9891796687452,mm,762
neural_minus_replay,neural,e0,replay,e0,train,ATU5,interval_score_90,542.8903337328188,mm,762
neural_minus_replay,neural,e0,replay,e0,train,MJ3,interval_score_90,210.33309116309553,mm,762
neural_minus_replay,neural,e0,replay,e0,train,MJ1,interval_score_90,18.060375802194848,mm,762
neural_minus_replay,neural,e0,replay,e0,train,point_mean,interval_score_90,335.56824509171355,mm,762
neural_minus_replay,neural,e0,replay,e0,train,ATU1,coverage_95,-0.6771653543307088,fraction,762
neural_minus_replay,neural,e0,replay,e0,train,ATU5,coverage_95,-0.6128608923884515,fraction,762
neural_minus_replay,neural,e0,replay,e0,train,MJ3,coverage_95,-0.2979002624671916,fraction,762
neural_minus_replay,neural,e0,replay,e0,train,MJ1,coverage_95,-0.09580052493438318,fraction,762
neural_minus_replay,neural,e0,replay,e0,train,point_mean,coverage_95,-0.4209317585301837,fraction,762
neural_minus_replay,neural,e0,replay,e0,train,ATU1,width_95,0.679934643647087,mm,762
neural_minus_replay,neural,e0,replay,e0,train,ATU5,width_95,0.8724208109711782,mm,762
neural_minus_replay,neural,e0,replay,e0,train,MJ3,width_95,0.3449012933659432,mm,762
neural_minus_replay,neural,e0,replay,e0,train,MJ1,width_95,0.06629641815844423,mm,762
neural_minus_replay,neural,e0,replay,e0,train,point_mean,width_95,0.4908882915356685,mm,762
neural_minus_replay,neural,e0,replay,e0,train,ATU1,interval_score_95,1020.5447100411287,mm,762
neural_minus_replay,neural,e0,replay,e0,train,ATU5,interval_score_95,979.4403065248504,mm,762
neural_minus_replay,neural,e0,replay,e0,train,MJ3,interval_score_95,388.1883610903958,mm,762
neural_minus_replay,neural,e0,replay,e0,train,MJ1,interval_score_95,12.344371417376003,mm,762
neural_minus_replay,neural,e0,replay,e0,train,point_mean,interval_score_95,600.1294372684378,mm,762
neural_minus_replay,neural,e0,replay,e0,train,pooled,rmse,30.7909953696349,mm,762
neural_minus_replay,neural,e0,replay,e0,prediction,ATU1,mae,167.09349166780834,mm,376
neural_minus_replay,neural,e0,replay,e0,prediction,ATU5,mae,195.8915862822021,mm,376
neural_minus_replay,neural,e0,replay,e0,prediction,MJ3,mae,123.74526451780027,mm,376
neural_minus_replay,neural,e0,replay,e0,prediction,MJ1,mae,58.98072348635136,mm,376
neural_minus_replay,neural,e0,replay,e0,prediction,point_mean,mae,136.42776648854053,mm,376
neural_minus_replay,neural,e0,replay,e0,prediction,ATU1,rmse,180.26701255631602,mm,376
neural_minus_replay,neural,e0,replay,e0,prediction,ATU5,rmse,211.19861789363338,mm,376
neural_minus_replay,neural,e0,replay,e0,prediction,MJ3,rmse,117.32025112057377,mm,376
neural_minus_replay,neural,e0,replay,e0,prediction,MJ1,rmse,57.83736738368202,mm,376
neural_minus_replay,neural,e0,replay,e0,prediction,point_mean,rmse,141.6558122385513,mm,376
neural_minus_replay,neural,e0,replay,e0,prediction,ATU1,crps,165.38156515419672,mm,376
neural_minus_replay,neural,e0,replay,e0,prediction,ATU5,crps,193.1918659077802,mm,376
neural_minus_replay,neural,e0,replay,e0,prediction,MJ3,crps,120.95839297251021,mm,376
neural_minus_replay,neural,e0,replay,e0,prediction,MJ1,crps,58.45626429297275,mm,376
neural_minus_replay,neural,e0,replay,e0,prediction,point_mean,crps,134.497022081865,mm,376
neural_minus_replay,neural,e0,replay,e0,prediction,ATU1,coverage_80,-0.17553191489361702,fraction,376
neural_minus_replay,neural,e0,replay,e0,prediction,ATU5,coverage_80,-0.19946808510638298,fraction,376
neural_minus_replay,neural,e0,replay,e0,prediction,MJ3,coverage_80,-0.7047872340425532,fraction,376
neural_minus_replay,neural,e0,replay,e0,prediction,MJ1,coverage_80,-0.15159574468085107,fraction,376
neural_minus_replay,neural,e0,replay,e0,prediction,point_mean,coverage_80,-0.3078457446808511,fraction,376
neural_minus_replay,neural,e0,replay,e0,prediction,ATU1,width_80,6.094083090375236,mm,376
neural_minus_replay,neural,e0,replay,e0,prediction,ATU5,width_80,9.46187122197071,mm,376
neural_minus_replay,neural,e0,replay,e0,prediction,MJ3,width_80,1.9607314142513417,mm,376
neural_minus_replay,neural,e0,replay,e0,prediction,MJ1,width_80,0.31581613782175566,mm,376
neural_minus_replay,neural,e0,replay,e0,prediction,point_mean,width_80,4.458125466104761,mm,376
neural_minus_replay,neural,e0,replay,e0,prediction,ATU1,interval_score_80,1640.758314713268,mm,376
neural_minus_replay,neural,e0,replay,e0,prediction,ATU5,interval_score_80,1903.8739177222767,mm,376
neural_minus_replay,neural,e0,replay,e0,prediction,MJ3,interval_score_80,1184.8935762409867,mm,376
neural_minus_replay,neural,e0,replay,e0,prediction,MJ1,interval_score_80,582.7767544409567,mm,376
neural_minus_replay,neural,e0,replay,e0,prediction,point_mean,interval_score_80,1328.0756407793722,mm,376
neural_minus_replay,neural,e0,replay,e0,prediction,ATU1,coverage_90,-0.19680851063829788,fraction,376
neural_minus_replay,neural,e0,replay,e0,prediction,ATU5,coverage_90,-0.21010638297872342,fraction,376
neural_minus_replay,neural,e0,replay,e0,prediction,MJ3,coverage_90,-0.7180851063829787,fraction,376
neural_minus_replay,neural,e0,replay,e0,prediction,MJ1,coverage_90,-0.21010638297872342,fraction,376
neural_minus_replay,neural,e0,replay,e0,prediction,point_mean,coverage_90,-0.3337765957446809,fraction,376
neural_minus_replay,neural,e0,replay,e0,prediction,ATU1,width_90,7.394086727009714,mm,376
neural_minus_replay,neural,e0,replay,e0,prediction,ATU5,width_90,11.215238520037353,mm,376
neural_minus_replay,neural,e0,replay,e0,prediction,MJ3,width_90,2.4635096971752333,mm,376
neural_minus_replay,neural,e0,replay,e0,prediction,MJ1,width_90,0.4035768517299374,mm,376
neural_minus_replay,neural,e0,replay,e0,prediction,point_mean,width_90,5.369102948988065,mm,376
neural_minus_replay,neural,e0,replay,e0,prediction,ATU1,interval_score_90,3245.6121174504137,mm,376
neural_minus_replay,neural,e0,replay,e0,prediction,ATU5,interval_score_90,3758.552498470064,mm,376
neural_minus_replay,neural,e0,replay,e0,prediction,MJ3,interval_score_90,2293.760129955334,mm,376
neural_minus_replay,neural,e0,replay,e0,prediction,MJ1,interval_score_90,1146.1337488484774,mm,376
neural_minus_replay,neural,e0,replay,e0,prediction,point_mean,interval_score_90,2611.0146236810724,mm,376
neural_minus_replay,neural,e0,replay,e0,prediction,ATU1,coverage_95,-0.2074468085106383,fraction,376
neural_minus_replay,neural,e0,replay,e0,prediction,ATU5,coverage_95,-0.2127659574468085,fraction,376
neural_minus_replay,neural,e0,replay,e0,prediction,MJ3,coverage_95,-0.7313829787234043,fraction,376
neural_minus_replay,neural,e0,replay,e0,prediction,MJ1,coverage_95,-0.24202127659574468,fraction,376
neural_minus_replay,neural,e0,replay,e0,prediction,point_mean,coverage_95,-0.348404255319149,fraction,376
neural_minus_replay,neural,e0,replay,e0,prediction,ATU1,width_95,8.361210885167111,mm,376
neural_minus_replay,neural,e0,replay,e0,prediction,ATU5,width_95,12.443641361541225,mm,376
neural_minus_replay,neural,e0,replay,e0,prediction,MJ3,width_95,2.8724799023724614,mm,376
neural_minus_replay,neural,e0,replay,e0,prediction,MJ1,width_95,0.4786807607110717,mm,376
neural_minus_replay,neural,e0,replay,e0,prediction,point_mean,width_95,6.039003227447971,mm,376
neural_minus_replay,neural,e0,replay,e0,prediction,ATU1,interval_score_95,6431.623898175675,mm,376
neural_minus_replay,neural,e0,replay,e0,prediction,ATU5,interval_score_95,7441.838446408381,mm,376
neural_minus_replay,neural,e0,replay,e0,prediction,MJ3,interval_score_95,4454.37114610032,mm,376
neural_minus_replay,neural,e0,replay,e0,prediction,MJ1,interval_score_95,2252.967664560715,mm,376
neural_minus_replay,neural,e0,replay,e0,prediction,point_mean,interval_score_95,5145.200288811272,mm,376
neural_minus_replay,neural,e0,replay,e0,prediction,pooled,rmse,151.2743303924045,mm,376
replay_minus_bplus,replay,e0,bplus,e0,train,ATU1,mae,-0.994216337934188,mm,762
replay_minus_bplus,replay,e0,bplus,e0,train,ATU5,mae,-0.6219653958073064,mm,762
replay_minus_bplus,replay,e0,bplus,e0,train,MJ3,mae,1.2491673265282248,mm,762
replay_minus_bplus,replay,e0,bplus,e0,train,MJ1,mae,0.12315503585422771,mm,762
replay_minus_bplus,replay,e0,bplus,e0,train,point_mean,mae,-0.060964842839759115,mm,762
replay_minus_bplus,replay,e0,bplus,e0,train,ATU1,rmse,-0.5338650116398078,mm,762
replay_minus_bplus,replay,e0,bplus,e0,train,ATU5,rmse,-0.3243715533465874,mm,762
replay_minus_bplus,replay,e0,bplus,e0,train,MJ3,rmse,1.9290862360823269,mm,762
replay_minus_bplus,replay,e0,bplus,e0,train,MJ1,rmse,0.1026398016374479,mm,762
replay_minus_bplus,replay,e0,bplus,e0,train,point_mean,rmse,0.2933723681833449,mm,762
replay_minus_bplus,replay,e0,bplus,e0,train,ATU1,crps,-0.3019313382614186,mm,762
replay_minus_bplus,replay,e0,bplus,e0,train,ATU5,crps,-0.29309454290879877,mm,762
replay_minus_bplus,replay,e0,bplus,e0,train,MJ3,crps,1.2138287221293815,mm,762
replay_minus_bplus,replay,e0,bplus,e0,train,MJ1,crps,0.02040921702759846,mm,762
replay_minus_bplus,replay,e0,bplus,e0,train,point_mean,crps,0.1598030144966902,mm,762
replay_minus_bplus,replay,e0,bplus,e0,train,ATU1,coverage_80,-0.005249343832021025,fraction,762
replay_minus_bplus,replay,e0,bplus,e0,train,ATU5,coverage_80,0.05643044619422566,fraction,762
replay_minus_bplus,replay,e0,bplus,e0,train,MJ3,coverage_80,-0.06036745406824151,fraction,762
replay_minus_bplus,replay,e0,bplus,e0,train,MJ1,coverage_80,-0.017060367454068248,fraction,762
replay_minus_bplus,replay,e0,bplus,e0,train,point_mean,coverage_80,-0.006561679790026198,fraction,762
replay_minus_bplus,replay,e0,bplus,e0,train,ATU1,width_80,0.005726810386917691,mm,762
replay_minus_bplus,replay,e0,bplus,e0,train,ATU5,width_80,0.004798237261148586,mm,762
replay_minus_bplus,replay,e0,bplus,e0,train,MJ3,width_80,0.0024625905485251565,mm,762
replay_minus_bplus,replay,e0,bplus,e0,train,MJ1,width_80,0.005226754959466007,mm,762
replay_minus_bplus,replay,e0,bplus,e0,train,point_mean,width_80,0.004553598289007255,mm,762
replay_minus_bplus,replay,e0,bplus,e0,train,ATU1,interval_score_80,0.18258021261816992,mm,762
replay_minus_bplus,replay,e0,bplus,e0,train,ATU5,interval_score_80,-1.19395064325402,mm,762
replay_minus_bplus,replay,e0,bplus,e0,train,MJ3,interval_score_80,10.519599317354704,mm,762
replay_minus_bplus,replay,e0,bplus,e0,train,MJ1,interval_score_80,1.2426118494911051,mm,762
replay_minus_bplus,replay,e0,bplus,e0,train,point_mean,interval_score_80,2.6877101840524844,mm,762
replay_minus_bplus,replay,e0,bplus,e0,train,ATU1,coverage_90,-0.003937007874015741,fraction,762
replay_minus_bplus,replay,e0,bplus,e0,train,ATU5,coverage_90,0.007874015748031482,fraction,762
replay_minus_bplus,replay,e0,bplus,e0,train,MJ3,coverage_90,-0.06824146981627288,fraction,762
replay_minus_bplus,replay,e0,bplus,e0,train,MJ1,coverage_90,-0.013123359580052507,fraction,762
replay_minus_bplus,replay,e0,bplus,e0,train,point_mean,coverage_90,-0.019356955380577467,fraction,762
replay_minus_bplus,replay,e0,bplus,e0,train,ATU1,width_90,0.0073498454667202395,mm,762
replay_minus_bplus,replay,e0,bplus,e0,train,ATU5,width_90,0.006158384818867546,mm,762
replay_minus_bplus,replay,e0,bplus,e0,train,MJ3,width_90,0.0031608460166481223,mm,762
replay_minus_bplus,replay,e0,bplus,e0,train,MJ1,width_90,0.006708273775942075,mm,762
replay_minus_bplus,replay,e0,bplus,e0,train,point_mean,width_90,0.0058443375195480485,mm,762
replay_minus_bplus,replay,e0,bplus,e0,train,ATU1,interval_score_90,-0.008472436842581033,mm,762
replay_minus_bplus,replay,e0,bplus,e0,train,ATU5,interval_score_90,1.3403966103816458,mm,762
replay_minus_bplus,replay,e0,bplus,e0,train,MJ3,interval_score_90,15.808980839426212,mm,762
replay_minus_bplus,replay,e0,bplus,e0,train,MJ1,interval_score_90,0.19087969590253095,mm,762
replay_minus_bplus,replay,e0,bplus,e0,train,point_mean,interval_score_90,4.332946177216947,mm,762
replay_minus_bplus,replay,e0,bplus,e0,train,ATU1,coverage_95,-0.003937007874015741,fraction,762
replay_minus_bplus,replay,e0,bplus,e0,train,ATU5,coverage_95,-0.003937007874015741,fraction,762
replay_minus_bplus,replay,e0,bplus,e0,train,MJ3,coverage_95,-0.09186351706036744,fraction,762
replay_minus_bplus,replay,e0,bplus,e0,train,MJ1,coverage_95,0.0,fraction,762
replay_minus_bplus,replay,e0,bplus,e0,train,point_mean,coverage_95,-0.02493438320209973,fraction,762
replay_minus_bplus,replay,e0,bplus,e0,train,ATU1,width_95,0.008756238939660932,mm,762
replay_minus_bplus,replay,e0,bplus,e0,train,ATU5,width_95,0.007336958159392282,mm,762
replay_minus_bplus,replay,e0,bplus,e0,train,MJ3,width_95,0.003765421789061918,mm,762
replay_minus_bplus,replay,e0,bplus,e0,train,MJ1,width_95,0.007992014565459726,mm,762
replay_minus_bplus,replay,e0,bplus,e0,train,point_mean,width_95,0.006962658363391938,mm,762
replay_minus_bplus,replay,e0,bplus,e0,train,ATU1,interval_score_95,-0.4091454666410925,mm,762
replay_minus_bplus,replay,e0,bplus,e0,train,ATU5,interval_score_95,2.264954912443926,mm,762
replay_minus_bplus,replay,e0,bplus,e0,train,MJ3,interval_score_95,9.768190201715548,mm,762
replay_minus_bplus,replay,e0,bplus,e0,train,MJ1,interval_score_95,0.007992014565459726,mm,762
replay_minus_bplus,replay,e0,bplus,e0,train,point_mean,interval_score_95,2.9079979155209514,mm,762
replay_minus_bplus,replay,e0,bplus,e0,train,pooled,rmse,0.35603840748367155,mm,762
replay_minus_bplus,replay,e0,bplus,e0,prediction,ATU1,mae,9.166926758742008,mm,376
replay_minus_bplus,replay,e0,bplus,e0,prediction,ATU5,mae,6.197790157865924,mm,376
replay_minus_bplus,replay,e0,bplus,e0,prediction,MJ3,mae,7.720320162541736,mm,376
replay_minus_bplus,replay,e0,bplus,e0,prediction,MJ1,mae,8.292629287593428,mm,376
replay_minus_bplus,replay,e0,bplus,e0,prediction,point_mean,mae,7.844416591685771,mm,376
replay_minus_bplus,replay,e0,bplus,e0,prediction,ATU1,rmse,9.109849086917556,mm,376
replay_minus_bplus,replay,e0,bplus,e0,prediction,ATU5,rmse,6.304433465117455,mm,376
replay_minus_bplus,replay,e0,bplus,e0,prediction,MJ3,rmse,5.206886774984646,mm,376
replay_minus_bplus,replay,e0,bplus,e0,prediction,MJ1,rmse,7.9733170744868715,mm,376
replay_minus_bplus,replay,e0,bplus,e0,prediction,point_mean,rmse,7.148621600376636,mm,376
replay_minus_bplus,replay,e0,bplus,e0,prediction,ATU1,crps,8.4040466780224,mm,376
replay_minus_bplus,replay,e0,bplus,e0,prediction,ATU5,crps,5.601921610658501,mm,376
replay_minus_bplus,replay,e0,bplus,e0,prediction,MJ3,crps,4.53243479707276,mm,376
replay_minus_bplus,replay,e0,bplus,e0,prediction,MJ1,crps,7.486419261828054,mm,376
replay_minus_bplus,replay,e0,bplus,e0,prediction,point_mean,crps,6.506205586895426,mm,376
replay_minus_bplus,replay,e0,bplus,e0,prediction,ATU1,coverage_80,-0.02925531914893617,fraction,376
replay_minus_bplus,replay,e0,bplus,e0,prediction,ATU5,coverage_80,-0.007978723404255317,fraction,376
replay_minus_bplus,replay,e0,bplus,e0,prediction,MJ3,coverage_80,-0.02393617021276595,fraction,376
replay_minus_bplus,replay,e0,bplus,e0,prediction,MJ1,coverage_80,-0.06648936170212766,fraction,376
replay_minus_bplus,replay,e0,bplus,e0,prediction,point_mean,coverage_80,-0.03191489361702127,fraction,376
replay_minus_bplus,replay,e0,bplus,e0,prediction,ATU1,width_80,0.040256668143491936,mm,376
replay_minus_bplus,replay,e0,bplus,e0,prediction,ATU5,width_80,0.0247803341649373,mm,376
replay_minus_bplus,replay,e0,bplus,e0,prediction,MJ3,width_80,0.025871993125697657,mm,376
replay_minus_bplus,replay,e0,bplus,e0,prediction,MJ1,width_80,0.037983681111555256,mm,376
replay_minus_bplus,replay,e0,bplus,e0,prediction,point_mean,width_80,0.03222316913641521,mm,376
replay_minus_bplus,replay,e0,bplus,e0,prediction,ATU1,interval_score_80,76.23252532010952,mm,376
replay_minus_bplus,replay,e0,bplus,e0,prediction,ATU5,interval_score_80,51.94304809702919,mm,376
replay_minus_bplus,replay,e0,bplus,e0,prediction,MJ3,interval_score_80,23.693665862719314,mm,376
replay_minus_bplus,replay,e0,bplus,e0,prediction,MJ1,interval_score_80,68.66554415053832,mm,376
replay_minus_bplus,replay,e0,bplus,e0,prediction,point_mean,interval_score_80,55.13369585759915,mm,376
replay_minus_bplus,replay,e0,bplus,e0,prediction,ATU1,coverage_90,-0.013297872340425537,fraction,376
replay_minus_bplus,replay,e0,bplus,e0,prediction,ATU5,coverage_90,-0.0026595744680850963,fraction,376
replay_minus_bplus,replay,e0,bplus,e0,prediction,MJ3,coverage_90,-0.021276595744680882,fraction,376
replay_minus_bplus,replay,e0,bplus,e0,prediction,MJ1,coverage_90,-0.0771276595744681,fraction,376
replay_minus_bplus,replay,e0,bplus,e0,prediction,point_mean,coverage_90,-0.02859042553191482,fraction,376
replay_minus_bplus,replay,e0,bplus,e0,prediction,ATU1,width_90,0.05165076890639142,mm,376
replay_minus_bplus,replay,e0,bplus,e0,prediction,ATU5,width_90,0.031796430909032836,mm,376
replay_minus_bplus,replay,e0,bplus,e0,prediction,MJ3,width_90,0.03319901879681453,mm,376
replay_minus_bplus,replay,e0,bplus,e0,prediction,MJ1,width_90,0.048733734546004825,mm,376
replay_minus_bplus,replay,e0,bplus,e0,prediction,point_mean,width_90,0.041344988289559126,mm,376
replay_minus_bplus,replay,e0,bplus,e0,prediction,ATU1,interval_score_90,150.44732098412555,mm,376
replay_minus_bplus,replay,e0,bplus,e0,prediction,ATU5,interval_score_90,103.27748374006035,mm,376
replay_minus_bplus,replay,e0,bplus,e0,prediction,MJ3,interval_score_90,45.291474350515784,mm,376
replay_minus_bplus,replay,e0,bplus,e0,prediction,MJ1,interval_score_90,131.81244163252694,mm,376
replay_minus_bplus,replay,e0,bplus,e0,prediction,point_mean,interval_score_90,107.70718017680724,mm,376
replay_minus_bplus,replay,e0,bplus,e0,prediction,ATU1,coverage_95,-0.007978723404255317,fraction,376
replay_minus_bplus,replay,e0,bplus,e0,prediction,ATU5,coverage_95,-0.0026595744680850963,fraction,376
replay_minus_bplus,replay,e0,bplus,e0,prediction,MJ3,coverage_95,-0.013297872340425454,fraction,376
replay_minus_bplus,replay,e0,bplus,e0,prediction,MJ1,coverage_95,-0.12765957446808512,fraction,376
replay_minus_bplus,replay,e0,bplus,e0,prediction,point_mean,coverage_95,-0.03789893617021273,fraction,376
replay_minus_bplus,replay,e0,bplus,e0,prediction,ATU1,width_95,0.06152154661793219,mm,376
replay_minus_bplus,replay,e0,bplus,e0,prediction,ATU5,width_95,0.037875514785419284,mm,376
replay_minus_bplus,replay,e0,bplus,e0,prediction,MJ3,width_95,0.039548660125682034,mm,376
replay_minus_bplus,replay,e0,bplus,e0,prediction,MJ1,width_95,0.05804603709677281,mm,376
replay_minus_bplus,replay,e0,bplus,e0,prediction,point_mean,width_95,0.049247939656453354,mm,376
replay_minus_bplus,replay,e0,bplus,e0,prediction,ATU1,interval_score_95,299.06956541411967,mm,376
replay_minus_bplus,replay,e0,bplus,e0,prediction,ATU5,interval_score_95,206.0125619880439,mm,376
replay_minus_bplus,replay,e0,bplus,e0,prediction,MJ3,interval_score_95,87.77297629903973,mm,376
replay_minus_bplus,replay,e0,bplus,e0,prediction,MJ1,interval_score_95,246.40932846634985,mm,376
replay_minus_bplus,replay,e0,bplus,e0,prediction,point_mean,interval_score_95,209.81610804188836,mm,376
replay_minus_bplus,replay,e0,bplus,e0,prediction,pooled,rmse,7.140659323759849,mm,376
neural_minus_replay,neural,v23,replay,v23,train,ATU1,mae,41.83585037534997,mm,762
neural_minus_replay,neural,v23,replay,v23,train,ATU5,mae,35.61052544394827,mm,762
neural_minus_replay,neural,v23,replay,v23,train,MJ3,mae,15.21357510867915,mm,762
neural_minus_replay,neural,v23,replay,v23,train,MJ1,mae,6.005415883411493,mm,762
neural_minus_replay,neural,v23,replay,v23,train,point_mean,mae,24.666341702847223,mm,762
neural_minus_replay,neural,v23,replay,v23,train,ATU1,rmse,45.503456964667485,mm,762
neural_minus_replay,neural,v23,replay,v23,train,ATU5,rmse,39.730132296992466,mm,762
neural_minus_replay,neural,v23,replay,v23,train,MJ3,rmse,18.74405858917192,mm,762
neural_minus_replay,neural,v23,replay,v23,train,MJ1,rmse,7.224599412739506,mm,762
neural_minus_replay,neural,v23,replay,v23,train,point_mean,rmse,27.80056181589285,mm,762
neural_minus_replay,neural,v23,replay,v23,train,ATU1,crps,33.53790273268693,mm,762
neural_minus_replay,neural,v23,replay,v23,train,ATU5,crps,30.30295001723853,mm,762
neural_minus_replay,neural,v23,replay,v23,train,MJ3,crps,11.680326579566989,mm,762
neural_minus_replay,neural,v23,replay,v23,train,MJ1,crps,3.2629113582762646,mm,762
neural_minus_replay,neural,v23,replay,v23,train,point_mean,crps,19.69602267194218,mm,762
neural_minus_replay,neural,v23,replay,v23,train,ATU1,coverage_80,-0.6811023622047244,fraction,762
neural_minus_replay,neural,v23,replay,v23,train,ATU5,coverage_80,-0.610236220472441,fraction,762
neural_minus_replay,neural,v23,replay,v23,train,MJ3,coverage_80,-0.26640419947506555,fraction,762
neural_minus_replay,neural,v23,replay,v23,train,MJ1,coverage_80,-0.16404199475065617,fraction,762
neural_minus_replay,neural,v23,replay,v23,train,point_mean,coverage_80,-0.43044619422572183,fraction,762
neural_minus_replay,neural,v23,replay,v23,train,ATU1,width_80,0.32464215932905915,mm,762
neural_minus_replay,neural,v23,replay,v23,train,ATU5,width_80,0.4210742269202541,mm,762
neural_minus_replay,neural,v23,replay,v23,train,MJ3,width_80,0.17991500696144413,mm,762
neural_minus_replay,neural,v23,replay,v23,train,MJ1,width_80,0.03657433135500554,mm,762
neural_minus_replay,neural,v23,replay,v23,train,point_mean,width_80,0.24055143114144073,mm,762
neural_minus_replay,neural,v23,replay,v23,train,ATU1,interval_score_80,269.98481917817804,mm,762
neural_minus_replay,neural,v23,replay,v23,train,ATU5,interval_score_80,258.2987545217251,mm,762
neural_minus_replay,neural,v23,replay,v23,train,MJ3,interval_score_80,95.49543737805192,mm,762
neural_minus_replay,neural,v23,replay,v23,train,MJ1,interval_score_80,7.903546915219408,mm,762
neural_minus_replay,neural,v23,replay,v23,train,point_mean,interval_score_80,157.9206394982936,mm,762
neural_minus_replay,neural,v23,replay,v23,train,ATU1,coverage_90,-0.631233595800525,fraction,762
neural_minus_replay,neural,v23,replay,v23,train,ATU5,coverage_90,-0.5800524934383202,fraction,762
neural_minus_replay,neural,v23,replay,v23,train,MJ3,coverage_90,-0.33333333333333337,fraction,762
neural_minus_replay,neural,v23,replay,v23,train,MJ1,coverage_90,-0.04593175853018372,fraction,762
neural_minus_replay,neural,v23,replay,v23,train,point_mean,coverage_90,-0.3976377952755905,fraction,762
neural_minus_replay,neural,v23,replay,v23,train,ATU1,width_90,0.41461889000130014,mm,762
neural_minus_replay,neural,v23,replay,v23,train,ATU5,width_90,0.5377287825743409,mm,762
neural_minus_replay,neural,v23,replay,v23,train,MJ3,width_90,0.22985379485894697,mm,762
neural_minus_replay,neural,v23,replay,v23,train,MJ1,width_90,0.046691292627834,mm,762
neural_minus_replay,neural,v23,replay,v23,train,point_mean,width_90,0.3072231900155984,mm,762
neural_minus_replay,neural,v23,replay,v23,train,ATU1,interval_score_90,449.63637610224964,mm,762
neural_minus_replay,neural,v23,replay,v23,train,ATU5,interval_score_90,433.8647713167304,mm,762
neural_minus_replay,neural,v23,replay,v23,train,MJ3,interval_score_90,145.63600834470805,mm,762
neural_minus_replay,neural,v23,replay,v23,train,MJ1,interval_score_90,4.426431832022047,mm,762
neural_minus_replay,neural,v23,replay,v23,train,point_mean,interval_score_90,258.3908968989275,mm,762
neural_minus_replay,neural,v23,replay,v23,train,ATU1,coverage_95,-0.5721784776902887,fraction,762
neural_minus_replay,neural,v23,replay,v23,train,ATU5,coverage_95,-0.5551181102362205,fraction,762
neural_minus_replay,neural,v23,replay,v23,train,MJ3,coverage_95,-0.337270341207349,fraction,762
neural_minus_replay,neural,v23,replay,v23,train,MJ1,coverage_95,-0.017060367454068248,fraction,762
neural_minus_replay,neural,v23,replay,v23,train,point_mean,coverage_95,-0.37040682414698156,fraction,762
neural_minus_replay,neural,v23,replay,v23,train,ATU1,width_95,0.4914501185394613,mm,762
neural_minus_replay,neural,v23,replay,v23,train,ATU5,width_95,0.6371998692572305,mm,762
neural_minus_replay,neural,v23,replay,v23,train,MJ3,width_95,0.2725395874620915,mm,762
neural_minus_replay,neural,v23,replay,v23,train,MJ1,width_95,0.055313341048901066,mm,762
neural_minus_replay,neural,v23,replay,v23,train,point_mean,width_95,0.36412572907693175,mm,762
neural_minus_replay,neural,v23,replay,v23,train,ATU1,interval_score_95,754.6251550802205,mm,762
neural_minus_replay,neural,v23,replay,v23,train,ATU5,interval_score_95,730.9189555112675,mm,762
neural_minus_replay,neural,v23,replay,v23,train,MJ3,interval_score_95,201.83490741466449,mm,762
neural_minus_replay,neural,v23,replay,v23,train,MJ1,interval_score_95,2.632537116598783,mm,762
neural_minus_replay,neural,v23,replay,v23,train,point_mean,interval_score_95,422.50288878068784,mm,762
neural_minus_replay,neural,v23,replay,v23,train,pooled,rmse,30.7909953696349,mm,762
neural_minus_replay,neural,v23,replay,v23,prediction,ATU1,mae,167.09349166780834,mm,376
neural_minus_replay,neural,v23,replay,v23,prediction,ATU5,mae,195.8915862822021,mm,376
neural_minus_replay,neural,v23,replay,v23,prediction,MJ3,mae,123.74526451780027,mm,376
neural_minus_replay,neural,v23,replay,v23,prediction,MJ1,mae,58.98072348635136,mm,376
neural_minus_replay,neural,v23,replay,v23,prediction,point_mean,mae,136.42776648854053,mm,376
neural_minus_replay,neural,v23,replay,v23,prediction,ATU1,rmse,180.26701255631602,mm,376
neural_minus_replay,neural,v23,replay,v23,prediction,ATU5,rmse,211.19861789363338,mm,376
neural_minus_replay,neural,v23,replay,v23,prediction,MJ3,rmse,117.32025112057377,mm,376
neural_minus_replay,neural,v23,replay,v23,prediction,MJ1,rmse,57.83736738368202,mm,376
neural_minus_replay,neural,v23,replay,v23,prediction,point_mean,rmse,141.6558122385513,mm,376
neural_minus_replay,neural,v23,replay,v23,prediction,ATU1,crps,164.93290259886572,mm,376
neural_minus_replay,neural,v23,replay,v23,prediction,ATU5,crps,192.91867484943592,mm,376
neural_minus_replay,neural,v23,replay,v23,prediction,MJ3,crps,118.37572599378785,mm,376
neural_minus_replay,neural,v23,replay,v23,prediction,MJ1,crps,57.75291043250613,mm,376
neural_minus_replay,neural,v23,replay,v23,prediction,point_mean,crps,133.4950534686489,mm,376
neural_minus_replay,neural,v23,replay,v23,prediction,ATU1,coverage_80,-0.21010638297872342,fraction,376
neural_minus_replay,neural,v23,replay,v23,prediction,ATU5,coverage_80,-0.2127659574468085,fraction,376
neural_minus_replay,neural,v23,replay,v23,prediction,MJ3,coverage_80,-0.7074468085106383,fraction,376
neural_minus_replay,neural,v23,replay,v23,prediction,MJ1,coverage_80,-0.22074468085106383,fraction,376
neural_minus_replay,neural,v23,replay,v23,prediction,point_mean,coverage_80,-0.3377659574468085,fraction,376
neural_minus_replay,neural,v23,replay,v23,prediction,ATU1,width_80,4.54639026471223,mm,376
neural_minus_replay,neural,v23,replay,v23,prediction,ATU5,width_80,7.071743987326734,mm,376
neural_minus_replay,neural,v23,replay,v23,prediction,MJ3,width_80,1.5050472471416825,mm,376
neural_minus_replay,neural,v23,replay,v23,prediction,MJ1,width_80,0.25878850421546673,mm,376
neural_minus_replay,neural,v23,replay,v23,prediction,point_mean,width_80,3.3454925008490264,mm,376
neural_minus_replay,neural,v23,replay,v23,prediction,ATU1,interval_score_80,1631.1242224524065,mm,376
neural_minus_replay,neural,v23,replay,v23,prediction,ATU5,interval_score_80,1900.438118070383,mm,376
neural_minus_replay,neural,v23,replay,v23,prediction,MJ3,interval_score_80,1135.7778525533574,mm,376
neural_minus_replay,neural,v23,replay,v23,prediction,MJ1,interval_score_80,568.7614509184693,mm,376
neural_minus_replay,neural,v23,replay,v23,prediction,point_mean,interval_score_80,1309.025410998654,mm,376
neural_minus_replay,neural,v23,replay,v23,prediction,ATU1,coverage_90,-0.2154255319148936,fraction,376
neural_minus_replay,neural,v23,replay,v23,prediction,ATU5,coverage_90,-0.2154255319148936,fraction,376
neural_minus_replay,neural,v23,replay,v23,prediction,MJ3,coverage_90,-0.723404255319149,fraction,376
neural_minus_replay,neural,v23,replay,v23,prediction,MJ1,coverage_90,-0.2712765957446808,fraction,376
neural_minus_replay,neural,v23,replay,v23,prediction,point_mean,coverage_90,-0.35638297872340424,fraction,376
neural_minus_replay,neural,v23,replay,v23,prediction,ATU1,width_90,5.636382181294735,mm,376
neural_minus_replay,neural,v23,replay,v23,prediction,ATU5,width_90,8.638761061417185,mm,376
neural_minus_replay,neural,v23,replay,v23,prediction,MJ3,width_90,1.9044516134025926,mm,376
neural_minus_replay,neural,v23,replay,v23,prediction,MJ1,width_90,0.3284220538657081,mm,376
neural_minus_replay,neural,v23,replay,v23,prediction,point_mean,width_90,4.12700422749505,mm,376
neural_minus_replay,neural,v23,replay,v23,prediction,ATU1,interval_score_90,3217.618555812022,mm,376
neural_minus_replay,neural,v23,replay,v23,prediction,ATU5,interval_score_90,3746.9398958689544,mm,376
neural_minus_replay,neural,v23,replay,v23,prediction,MJ3,interval_score_90,2167.9229397737695,mm,376
neural_minus_replay,neural,v23,replay,v23,prediction,MJ1,interval_score_90,1103.84412069078,mm,376
neural_minus_replay,neural,v23,replay,v23,prediction,point_mean,interval_score_90,2559.081378036381,mm,376
neural_minus_replay,neural,v23,replay,v23,prediction,ATU1,coverage_95,-0.25,fraction,376
neural_minus_replay,neural,v23,replay,v23,prediction,ATU5,coverage_95,-0.22074468085106383,fraction,376
neural_minus_replay,neural,v23,replay,v23,prediction,MJ3,coverage_95,-0.7287234042553191,fraction,376
neural_minus_replay,neural,v23,replay,v23,prediction,MJ1,coverage_95,-0.3351063829787234,fraction,376
neural_minus_replay,neural,v23,replay,v23,prediction,point_mean,coverage_95,-0.3836436170212766,fraction,376
neural_minus_replay,neural,v23,replay,v23,prediction,ATU1,width_95,6.492006686657831,mm,376
neural_minus_replay,neural,v23,replay,v23,prediction,ATU5,width_95,9.818591480891172,mm,376
neural_minus_replay,neural,v23,replay,v23,prediction,MJ3,width_95,2.2358376293483673,mm,376
neural_minus_replay,neural,v23,replay,v23,prediction,MJ1,width_95,0.3866367575408134,mm,376
neural_minus_replay,neural,v23,replay,v23,prediction,point_mean,width_95,4.733268138609546,mm,376
neural_minus_replay,neural,v23,replay,v23,prediction,ATU1,interval_score_95,6357.878428083316,mm,376
neural_minus_replay,neural,v23,replay,v23,prediction,ATU5,interval_score_95,7405.851908408391,mm,376
neural_minus_replay,neural,v23,replay,v23,prediction,MJ3,interval_score_95,4154.6943948816215,mm,376
neural_minus_replay,neural,v23,replay,v23,prediction,MJ1,interval_score_95,2135.2839761519826,mm,376
neural_minus_replay,neural,v23,replay,v23,prediction,point_mean,interval_score_95,5013.427176881328,mm,376
neural_minus_replay,neural,v23,replay,v23,prediction,pooled,rmse,151.2743303924045,mm,376
replay_minus_bplus,replay,v23,bplus,v23,train,ATU1,mae,-0.994216337934188,mm,762
replay_minus_bplus,replay,v23,bplus,v23,train,ATU5,mae,-0.6219653958073064,mm,762
replay_minus_bplus,replay,v23,bplus,v23,train,MJ3,mae,1.2491673265282248,mm,762
replay_minus_bplus,replay,v23,bplus,v23,train,MJ1,mae,0.12315503585422771,mm,762
replay_minus_bplus,replay,v23,bplus,v23,train,point_mean,mae,-0.060964842839759115,mm,762
replay_minus_bplus,replay,v23,bplus,v23,train,ATU1,rmse,-0.5338650116398078,mm,762
replay_minus_bplus,replay,v23,bplus,v23,train,ATU5,rmse,-0.3243715533465874,mm,762
replay_minus_bplus,replay,v23,bplus,v23,train,MJ3,rmse,1.9290862360823269,mm,762
replay_minus_bplus,replay,v23,bplus,v23,train,MJ1,rmse,0.1026398016374479,mm,762
replay_minus_bplus,replay,v23,bplus,v23,train,point_mean,rmse,0.2933723681833449,mm,762
replay_minus_bplus,replay,v23,bplus,v23,train,ATU1,crps,-0.2305457851862016,mm,762
replay_minus_bplus,replay,v23,bplus,v23,train,ATU5,crps,-0.21795530093454296,mm,762
replay_minus_bplus,replay,v23,bplus,v23,train,MJ3,crps,1.0754283237259568,mm,762
replay_minus_bplus,replay,v23,bplus,v23,train,MJ1,crps,0.03789705699783141,mm,762
replay_minus_bplus,replay,v23,bplus,v23,train,point_mean,crps,0.16620607365076,mm,762
replay_minus_bplus,replay,v23,bplus,v23,train,ATU1,coverage_80,0.0,fraction,762
replay_minus_bplus,replay,v23,bplus,v23,train,ATU5,coverage_80,0.001312335958005284,fraction,762
replay_minus_bplus,replay,v23,bplus,v23,train,MJ3,coverage_80,-0.0813648293963255,fraction,762
replay_minus_bplus,replay,v23,bplus,v23,train,MJ1,coverage_80,-0.034120734908136496,fraction,762
replay_minus_bplus,replay,v23,bplus,v23,train,point_mean,coverage_80,-0.028543307086614123,fraction,762
replay_minus_bplus,replay,v23,bplus,v23,train,ATU1,width_80,0.004087392683146618,mm,762
replay_minus_bplus,replay,v23,bplus,v23,train,ATU5,width_80,0.0034357768770192365,mm,762
replay_minus_bplus,replay,v23,bplus,v23,train,MJ3,width_80,0.0018483890767129196,mm,762
replay_minus_bplus,replay,v23,bplus,v23,train,MJ1,width_80,0.004212874939682365,mm,762
replay_minus_bplus,replay,v23,bplus,v23,train,point_mean,width_80,0.003396108394142061,mm,762
replay_minus_bplus,replay,v23,bplus,v23,train,ATU1,interval_score_80,-0.012507739788468086,mm,762
replay_minus_bplus,replay,v23,bplus,v23,train,ATU5,interval_score_80,0.8209130779562059,mm,762
replay_minus_bplus,replay,v23,bplus,v23,train,MJ3,interval_score_80,6.148204723752592,mm,762
replay_minus_bplus,replay,v23,bplus,v23,train,MJ1,interval_score_80,0.9315523786460176,mm,762
replay_minus_bplus,replay,v23,bplus,v23,train,point_mean,interval_score_80,1.9720406101415904,mm,762
replay_minus_bplus,replay,v23,bplus,v23,train,ATU1,coverage_90,-0.001312335958005173,fraction,762
replay_minus_bplus,replay,v23,bplus,v23,train,ATU5,coverage_90,-0.006561679790026309,fraction,762
replay_minus_bplus,replay,v23,bplus,v23,train,MJ3,coverage_90,-0.061679790026246684,fraction,762
replay_minus_bplus,replay,v23,bplus,v23,train,MJ1,coverage_90,-0.001312335958005284,fraction,762
replay_minus_bplus,replay,v23,bplus,v23,train,point_mean,coverage_90,-0.017716535433070835,fraction,762
replay_minus_bplus,replay,v23,bplus,v23,train,ATU1,width_90,0.005238227205630608,mm,762
replay_minus_bplus,replay,v23,bplus,v23,train,ATU5,width_90,0.004410893869021493,mm,762
replay_minus_bplus,replay,v23,bplus,v23,train,MJ3,width_90,0.002374259380005128,mm,762
replay_minus_bplus,replay,v23,bplus,v23,train,MJ1,width_90,0.0054175223620944735,mm,762
replay_minus_bplus,replay,v23,bplus,v23,train,point_mean,width_90,0.004360225704196807,mm,762
replay_minus_bplus,replay,v23,bplus,v23,train,ATU1,interval_score_90,-0.48227438092254715,mm,762
replay_minus_bplus,replay,v23,bplus,v23,train,ATU5,interval_score_90,0.6725552438565501,mm,762
replay_minus_bplus,replay,v23,bplus,v23,train,MJ3,interval_score_90,4.555098184641082,mm,762
replay_minus_bplus,replay,v23,bplus,v23,train,MJ1,interval_score_90,0.15538792473218876,mm,762
replay_minus_bplus,replay,v23,bplus,v23,train,point_mean,interval_score_90,1.2251917430768344,mm,762
replay_minus_bplus,replay,v23,bplus,v23,train,ATU1,coverage_95,-0.003937007874015741,fraction,762
replay_minus_bplus,replay,v23,bplus,v23,train,ATU5,coverage_95,-0.001312335958005173,fraction,762
replay_minus_bplus,replay,v23,bplus,v23,train,MJ3,coverage_95,-0.022309711286089273,fraction,762
replay_minus_bplus,replay,v23,bplus,v23,train,MJ1,coverage_95,-0.001312335958005284,fraction,762
replay_minus_bplus,replay,v23,bplus,v23,train,point_mean,coverage_95,-0.007217847769028896,fraction,762
replay_minus_bplus,replay,v23,bplus,v23,train,ATU1,width_95,0.006231190104756479,mm,762
replay_minus_bplus,replay,v23,bplus,v23,train,ATU5,width_95,0.005256565881637698,mm,762
replay_minus_bplus,replay,v23,bplus,v23,train,MJ3,width_95,0.0028313478397024028,mm,762
replay_minus_bplus,replay,v23,bplus,v23,train,MJ1,width_95,0.006467510965080692,mm,762
replay_minus_bplus,replay,v23,bplus,v23,train,point_mean,width_95,0.005196653697794318,mm,762
replay_minus_bplus,replay,v23,bplus,v23,train,ATU1,interval_score_95,-1.1470613576975524,mm,762
replay_minus_bplus,replay,v23,bplus,v23,train,ATU5,interval_score_95,0.5899641702613394,mm,762
replay_minus_bplus,replay,v23,bplus,v23,train,MJ3,interval_score_95,2.686692806883002,mm,762
replay_minus_bplus,replay,v23,bplus,v23,train,MJ1,interval_score_95,0.1779452059980713,mm,762
replay_minus_bplus,replay,v23,bplus,v23,train,point_mean,interval_score_95,0.5768852063612115,mm,762
replay_minus_bplus,replay,v23,bplus,v23,train,pooled,rmse,0.35603840748367155,mm,762
replay_minus_bplus,replay,v23,bplus,v23,prediction,ATU1,mae,9.166926758742008,mm,376
replay_minus_bplus,replay,v23,bplus,v23,prediction,ATU5,mae,6.197790157865924,mm,376
replay_minus_bplus,replay,v23,bplus,v23,prediction,MJ3,mae,7.720320162541736,mm,376
replay_minus_bplus,replay,v23,bplus,v23,prediction,MJ1,mae,8.292629287593428,mm,376
replay_minus_bplus,replay,v23,bplus,v23,prediction,point_mean,mae,7.844416591685771,mm,376
replay_minus_bplus,replay,v23,bplus,v23,prediction,ATU1,rmse,9.109849086917556,mm,376
replay_minus_bplus,replay,v23,bplus,v23,prediction,ATU5,rmse,6.304433465117455,mm,376
replay_minus_bplus,replay,v23,bplus,v23,prediction,MJ3,rmse,5.206886774984646,mm,376
replay_minus_bplus,replay,v23,bplus,v23,prediction,MJ1,rmse,7.9733170744868715,mm,376
replay_minus_bplus,replay,v23,bplus,v23,prediction,point_mean,rmse,7.148621600376636,mm,376
replay_minus_bplus,replay,v23,bplus,v23,prediction,ATU1,crps,8.017490694255919,mm,376
replay_minus_bplus,replay,v23,bplus,v23,prediction,ATU5,crps,5.460653962226232,mm,376
replay_minus_bplus,replay,v23,bplus,v23,prediction,MJ3,crps,4.085030078885367,mm,376
replay_minus_bplus,replay,v23,bplus,v23,prediction,MJ1,crps,7.137501284049144,mm,376
replay_minus_bplus,replay,v23,bplus,v23,prediction,point_mean,crps,6.175169004854169,mm,376
replay_minus_bplus,replay,v23,bplus,v23,prediction,ATU1,coverage_80,-0.005319148936170193,fraction,376
replay_minus_bplus,replay,v23,bplus,v23,prediction,ATU5,coverage_80,-0.0026595744680850963,fraction,376
replay_minus_bplus,replay,v23,bplus,v23,prediction,MJ3,coverage_80,-0.02127659574468077,fraction,376
replay_minus_bplus,replay,v23,bplus,v23,prediction,MJ1,coverage_80,-0.06117021276595744,fraction,376
replay_minus_bplus,replay,v23,bplus,v23,prediction,point_mean,coverage_80,-0.022606382978723416,fraction,376
replay_minus_bplus,replay,v23,bplus,v23,prediction,ATU1,width_80,0.029037768858003687,mm,376
replay_minus_bplus,replay,v23,bplus,v23,prediction,ATU5,width_80,0.017836980221460408,mm,376
replay_minus_bplus,replay,v23,bplus,v23,prediction,MJ3,width_80,0.01977176931878688,mm,376
replay_minus_bplus,replay,v23,bplus,v23,prediction,MJ1,width_80,0.03114471553612219,mm,376
replay_minus_bplus,replay,v23,bplus,v23,prediction,point_mean,width_80,0.024447808483600397,mm,376
replay_minus_bplus,replay,v23,bplus,v23,prediction,ATU1,interval_score_80,74.83711096209956,mm,376
replay_minus_bplus,replay,v23,bplus,v23,prediction,ATU5,interval_score_80,51.58475772397162,mm,376
replay_minus_bplus,replay,v23,bplus,v23,prediction,MJ3,interval_score_80,23.52814442411153,mm,376
replay_minus_bplus,replay,v23,bplus,v23,prediction,MJ1,interval_score_80,65.52927499838799,mm,376
replay_minus_bplus,replay,v23,bplus,v23,prediction,point_mean,interval_score_80,53.8698220271427,mm,376
replay_minus_bplus,replay,v23,bplus,v23,prediction,ATU1,coverage_90,-0.0771276595744681,fraction,376
replay_minus_bplus,replay,v23,bplus,v23,prediction,ATU5,coverage_90,-0.002659574468085124,fraction,376
replay_minus_bplus,replay,v23,bplus,v23,prediction,MJ3,coverage_90,-0.013297872340425454,fraction,376
replay_minus_bplus,replay,v23,bplus,v23,prediction,MJ1,coverage_90,-0.09042553191489366,fraction,376
replay_minus_bplus,replay,v23,bplus,v23,prediction,point_mean,coverage_90,-0.0458776595744681,fraction,376
replay_minus_bplus,replay,v23,bplus,v23,prediction,ATU1,width_90,0.03719543886143839,mm,376
replay_minus_bplus,replay,v23,bplus,v23,prediction,ATU5,width_90,0.02287609759410003,mm,376
replay_minus_bplus,replay,v23,bplus,v23,prediction,MJ3,width_90,0.025398014128448665,mm,376
replay_minus_bplus,replay,v23,bplus,v23,prediction,MJ1,width_90,0.03983368505253537,mm,376
replay_minus_bplus,replay,v23,bplus,v23,prediction,point_mean,width_90,0.03132580890913772,mm,376
replay_minus_bplus,replay,v23,bplus,v23,prediction,ATU1,interval_score_90,146.2417759330221,mm,376
replay_minus_bplus,replay,v23,bplus,v23,prediction,ATU5,interval_score_90,102.83301102458762,mm,376
replay_minus_bplus,replay,v23,bplus,v23,prediction,MJ3,interval_score_90,45.39078977999674,mm,376
replay_minus_bplus,replay,v23,bplus,v23,prediction,MJ1,interval_score_90,120.71940690798283,mm,376
replay_minus_bplus,replay,v23,bplus,v23,prediction,point_mean,interval_score_90,103.79624591139736,mm,376
replay_minus_bplus,replay,v23,bplus,v23,prediction,ATU1,coverage_95,-0.22340425531914893,fraction,376
replay_minus_bplus,replay,v23,bplus,v23,prediction,ATU5,coverage_95,-0.026595744680851074,fraction,376
replay_minus_bplus,replay,v23,bplus,v23,prediction,MJ3,coverage_95,-0.018617021276595813,fraction,376
replay_minus_bplus,replay,v23,bplus,v23,prediction,MJ1,coverage_95,-0.33244680851063824,fraction,376
replay_minus_bplus,replay,v23,bplus,v23,prediction,point_mean,coverage_95,-0.15026595744680848,fraction,376
replay_minus_bplus,replay,v23,bplus,v23,prediction,ATU1,width_95,0.044224006489741896,mm,376
replay_minus_bplus,replay,v23,bplus,v23,prediction,ATU5,width_95,0.02723229861440757,mm,376
replay_minus_bplus,replay,v23,bplus,v23,prediction,MJ3,width_95,0.03028888147146347,mm,376
replay_minus_bplus,replay,v23,bplus,v23,prediction,MJ1,width_95,0.04728031577774061,mm,376
replay_minus_bplus,replay,v23,bplus,v23,prediction,point_mean,width_95,0.03725637558834194,mm,376
replay_minus_bplus,replay,v23,bplus,v23,prediction,ATU1,interval_score_95,253.8849446354942,mm,376
replay_minus_bplus,replay,v23,bplus,v23,prediction,ATU5,interval_score_95,203.97936510615182,mm,376
replay_minus_bplus,replay,v23,bplus,v23,prediction,MJ3,interval_score_95,88.50108903187436,mm,376
replay_minus_bplus,replay,v23,bplus,v23,prediction,MJ1,interval_score_95,197.83179063580923,mm,376
replay_minus_bplus,replay,v23,bplus,v23,prediction,point_mean,interval_score_95,186.04929735233236,mm,376
replay_minus_bplus,replay,v23,bplus,v23,prediction,pooled,rmse,7.140659323759849,mm,376
