Date,actual_level,predicted_level,prob_green,prob_yellow,prob_orange,prob_red
2019-09-18,0,0,0.999881519177752,0.00010179071082607067,1.35755182055416e-05,3.114593216588556e-06
2019-09-19,0,0,0.999881519177752,0.00010179071082607067,1.35755182055416e-05,3.114593216588556e-06
2019-09-20,0,0,0.999881519177752,0.00010179071082607067,1.35755182055416e-05,3.114593216588556e-06
2019-09-21,0,0,0.999881519177752,0.00010179071082607067,1.35755182055416e-05,3.114593216588556e-06
2019-09-22,0,0,0.999881519177752,0.00010179071082607067,1.35755182055416e-05,3.114593216588556e-06
2019-09-23,0,0,0.999881519177752,0.00010179071082607067,1.35755182055416e-05,3.114593216588556e-06
2019-09-24,0,0,0.999881519177752,0.00010179071082607067,1.35755182055416e-05,3.114593216588556e-06
2019-09-25,0,0,0.999881519177752,0.00010179071082607067,1.35755182055416e-05,3.114593216588556e-06
2019-09-26,0,0,0.999881519177752,0.00010179071082607067,1.35755182055416e-05,3.114593216588556e-06
2019-09-27,0,0,0.999881519177752,0.00010179071082607067,1.35755182055416e-05,3.114593216588556e-06
2019-09-28,0,0,0.999881519177752,0.00010179071082607067,1.35755182055416e-05,3.114593216588556e-06
2019-09-29,0,0,0.999881519177752,0.00010179071082607067,1.35755182055416e-05,3.114593216588556e-06
2019-09-30,0,0,0.999881519177752,0.00010179071082607067,1.35755182055416e-05,3.114593216588556e-06
2019-10-01,0,0,0.999881519177752,0.00010179071082607067,1.35755182055416e-05,3.114593216588556e-06
2019-10-02,0,0,0.999881519177752,0.00010179071082607067,1.35755182055416e-05,3.114593216588556e-06
2019-10-03,0,0,0.999881519177752,0.00010179071082607067,1.35755182055416e-05,3.114593216588556e-06
2019-10-04,0,0,0.999881519177752,0.00010179071082607067,1.35755182055416e-05,3.114593216588556e-06
2019-10-05,0,0,0.999881519177752,0.00010179071082607067,1.35755182055416e-05,3.114593216588556e-06
2019-10-06,0,0,0.999881519177752,0.00010179071082607067,1.35755182055416e-05,3.114593216588556e-06
2019-10-07,0,0,0.999881519177752,0.00010179071082607067,1.35755182055416e-05,3.114593216588556e-06
2019-10-08,0,0,0.999881519177752,0.00010179071082607067,1.35755182055416e-05,3.114593216588556e-06
2019-10-09,0,0,0.999881519177752,0.00010179071082607067,1.35755182055416e-05,3.114593216588556e-06
2019-10-10,0,0,0.999881519177752,0.00010179071082607067,1.35755182055416e-05,3.114593216588556e-06
2019-10-11,0,0,0.999881519177752,0.00010179071082607067,1.35755182055416e-05,3.114593216588556e-06
2019-10-12,0,0,0.999881519177752,0.00010179071082607067,1.35755182055416e-05,3.114593216588556e-06
2019-10-13,0,0,0.999881519177752,0.00010179071082607067,1.35755182055416e-05,3.114593216588556e-06
2019-10-14,0,0,0.999881519177752,0.00010179071082607067,1.35755182055416e-05,3.114593216588556e-06
2019-10-15,0,0,0.999881519177752,0.00010179071082607067,1.35755182055416e-05,3.114593216588556e-06
2019-10-16,0,0,0.999881519177752,0.00010179071082607067,1.35755182055416e-05,3.114593216588556e-06
2019-10-17,0,0,0.999881519177752,0.00010179071082607067,1.35755182055416e-05,3.114593216588556e-06
2019-10-18,0,0,0.999881519177752,0.00010179071082607067,1.35755182055416e-05,3.114593216588556e-06
2019-10-19,0,0,0.999881519177752,0.00010179071082607067,1.35755182055416e-05,3.114593216588556e-06
2019-10-20,0,0,0.999881519177752,0.00010179071082607067,1.35755182055416e-05,3.114593216588556e-06
2019-10-21,0,0,0.999881519177752,0.00010179071082607067,1.35755182055416e-05,3.114593216588556e-06
2019-10-22,0,0,0.999881519177752,0.00010179071082607067,1.35755182055416e-05,3.114593216588556e-06
2019-10-23,0,0,0.999881519177752,0.00010179071082607067,1.35755182055416e-05,3.114593216588556e-06
2019-10-24,0,0,0.999881519177752,0.00010179071082607067,1.35755182055416e-05,3.114593216588556e-06
2019-10-25,0,0,0.999881519177752,0.00010179071082607067,1.35755182055416e-05,3.114593216588556e-06
2019-10-26,0,0,0.999881519177752,0.00010179071082607067,1.35755182055416e-05,3.114593216588556e-06
2019-10-27,0,0,0.999881519177752,0.00010179071082607067,1.35755182055416e-05,3.114593216588556e-06
2019-10-28,0,0,0.999881519177752,0.00010179071082607067,1.35755182055416e-05,3.114593216588556e-06
2019-10-29,0,0,0.999881519177752,0.00010179071082607067,1.35755182055416e-05,3.114593216588556e-06
2019-10-30,0,0,0.999881519177752,0.00010179071082607067,1.35755182055416e-05,3.114593216588556e-06
2019-10-31,0,0,0.999881519177752,0.00010179071082607067,1.35755182055416e-05,3.114593216588556e-06
2019-11-01,0,0,0.999881519177752,0.00010179071082607067,1.35755182055416e-05,3.114593216588556e-06
2019-11-02,0,0,0.999881519177752,0.00010179071082607067,1.35755182055416e-05,3.114593216588556e-06
2019-11-03,0,0,0.999881519177752,0.00010179071082607067,1.35755182055416e-05,3.114593216588556e-06
2019-11-04,0,0,0.999881519177752,0.00010179071082607067,1.35755182055416e-05,3.114593216588556e-06
2019-11-05,0,0,0.999881519177752,0.00010179071082607067,1.35755182055416e-05,3.114593216588556e-06
2019-11-06,0,0,0.999881519177752,0.00010179071082607067,1.35755182055416e-05,3.114593216588556e-06
2019-11-07,0,0,0.999881519177752,0.00010179071082607067,1.35755182055416e-05,3.114593216588556e-06
2019-11-08,0,0,0.999881519177752,0.00010179071082607067,1.35755182055416e-05,3.114593216588556e-06
2019-11-09,0,0,0.999881519177752,0.00010179071082607067,1.35755182055416e-05,3.114593216588556e-06
2019-11-10,0,0,0.999881519177752,0.00010179071082607067,1.35755182055416e-05,3.114593216588556e-06
2019-11-11,0,0,0.999881519177752,0.00010179071082607067,1.35755182055416e-05,3.114593216588556e-06
2019-11-12,0,0,0.999881519177752,0.00010179071082607067,1.35755182055416e-05,3.114593216588556e-06
2019-11-13,0,0,0.999881519177752,0.00010179071082607067,1.35755182055416e-05,3.114593216588556e-06
2019-11-14,0,0,0.999881519177752,0.00010179071082607067,1.35755182055416e-05,3.114593216588556e-06
2019-11-15,0,0,0.999881519177752,0.00010179071082607067,1.35755182055416e-05,3.114593216588556e-06
2019-11-16,0,0,0.999881519177752,0.00010179071082607067,1.35755182055416e-05,3.114593216588556e-06
2019-11-17,0,0,0.999881519177752,0.00010179071082607067,1.35755182055416e-05,3.114593216588556e-06
2019-11-18,0,0,0.999881519177752,0.00010179071082607067,1.35755182055416e-05,3.114593216588556e-06
2019-11-19,0,0,0.999881519177752,0.00010179071082607067,1.35755182055416e-05,3.114593216588556e-06
2019-11-20,0,0,0.999881519177752,0.00010179071082607067,1.35755182055416e-05,3.114593216588556e-06
2019-11-21,0,0,0.999881519177752,0.00010179071082607067,1.35755182055416e-05,3.114593216588556e-06
2019-11-22,0,0,0.999881519177752,0.00010179071082607067,1.35755182055416e-05,3.114593216588556e-06
2019-11-23,0,0,0.999881519177752,0.00010179071082607067,1.35755182055416e-05,3.114593216588556e-06
2019-11-24,0,0,0.999881519177752,0.00010179071082607067,1.35755182055416e-05,3.114593216588556e-06
2019-11-25,0,0,0.999881519177752,0.00010179071082607067,1.35755182055416e-05,3.114593216588556e-06
2019-11-26,0,0,0.999881519177752,0.00010179071082607067,1.35755182055416e-05,3.114593216588556e-06
2019-11-27,0,0,0.999881519177752,0.00010179071082607067,1.35755182055416e-05,3.114593216588556e-06
2019-11-28,0,0,0.999881519177752,0.00010179071082607067,1.35755182055416e-05,3.114593216588556e-06
2019-11-29,0,0,0.999881519177752,0.00010179071082607067,1.35755182055416e-05,3.114593216588556e-06
2019-11-30,0,0,0.999881519177752,0.00010179071082607067,1.35755182055416e-05,3.114593216588556e-06
2019-12-01,0,0,0.999881519177752,0.00010179071082607067,1.35755182055416e-05,3.114593216588556e-06
2019-12-02,0,0,0.999881519177752,0.00010179071082607067,1.35755182055416e-05,3.114593216588556e-06
2019-12-03,0,0,0.999881519177752,0.00010179071082607067,1.35755182055416e-05,3.114593216588556e-06
2019-12-04,0,0,0.999881519177752,0.00010179071082607067,1.35755182055416e-05,3.114593216588556e-06
2019-12-05,0,0,0.999881519177752,0.00010179071082607067,1.35755182055416e-05,3.114593216588556e-06
2019-12-06,0,0,0.999881519177752,0.00010179071082607067,1.35755182055416e-05,3.114593216588556e-06
2019-12-07,0,0,0.999881519177752,0.00010179071082607067,1.35755182055416e-05,3.114593216588556e-06
2019-12-08,0,0,0.999881519177752,0.00010179071082607067,1.35755182055416e-05,3.114593216588556e-06
2019-12-09,0,0,0.999881519177752,0.00010179071082607067,1.35755182055416e-05,3.114593216588556e-06
2019-12-10,0,0,0.999881519177752,0.00010179071082607067,1.35755182055416e-05,3.114593216588556e-06
2019-12-11,0,0,0.999881519177752,0.00010179071082607067,1.35755182055416e-05,3.114593216588556e-06
2019-12-12,0,0,0.999881519177752,0.00010179071082607067,1.35755182055416e-05,3.114593216588556e-06
2019-12-13,0,0,0.999881519177752,0.00010179071082607067,1.35755182055416e-05,3.114593216588556e-06
2019-12-14,0,0,0.999881519177752,0.00010179071082607067,1.35755182055416e-05,3.114593216588556e-06
2019-12-15,0,0,0.999881519177752,0.00010179071082607067,1.35755182055416e-05,3.114593216588556e-06
2019-12-16,0,0,0.999881519177752,0.00010179071082607067,1.35755182055416e-05,3.114593216588556e-06
2019-12-17,0,0,0.999881519177752,0.00010179071082607067,1.35755182055416e-05,3.114593216588556e-06
2019-12-18,0,0,0.999881519177752,0.00010179071082607067,1.35755182055416e-05,3.114593216588556e-06
2019-12-19,0,0,0.999881519177752,0.00010179071082607067,1.35755182055416e-05,3.114593216588556e-06
2019-12-20,0,0,0.999881519177752,0.00010179071082607067,1.35755182055416e-05,3.114593216588556e-06
2019-12-21,0,0,0.999881519177752,0.00010179071082607067,1.35755182055416e-05,3.114593216588556e-06
2019-12-22,0,0,0.999881519177752,0.00010179071082607067,1.35755182055416e-05,3.114593216588556e-06
2019-12-23,0,0,0.999881519177752,0.00010179071082607067,1.35755182055416e-05,3.114593216588556e-06
2019-12-24,0,0,0.999881519177752,0.00010179071082607067,1.35755182055416e-05,3.114593216588556e-06
2019-12-25,0,0,0.999881519177752,0.00010179071082607067,1.35755182055416e-05,3.114593216588556e-06
2019-12-26,0,0,0.999881519177752,0.00010179071082607067,1.35755182055416e-05,3.114593216588556e-06
2019-12-27,0,0,0.999881519177752,0.00010179071082607067,1.35755182055416e-05,3.114593216588556e-06
2019-12-28,0,0,0.999881519177752,0.00010179071082607067,1.35755182055416e-05,3.114593216588556e-06
2019-12-29,0,0,0.999881519177752,0.00010179071082607067,1.35755182055416e-05,3.114593216588556e-06
2019-12-30,0,0,0.999881519177752,0.00010179071082607067,1.35755182055416e-05,3.114593216588556e-06
2019-12-31,0,0,0.999881519177752,0.00010179071082607067,1.35755182055416e-05,3.114593216588556e-06
2020-01-01,0,0,0.999881519177752,0.00010179071082607067,1.35755182055416e-05,3.114593216588556e-06
2020-01-02,0,0,0.999881519177752,0.00010179071082607067,1.35755182055416e-05,3.114593216588556e-06
2020-01-03,0,0,0.999881519177752,0.00010179071082607067,1.35755182055416e-05,3.114593216588556e-06
2020-01-04,0,0,0.999881519177752,0.00010179071082607067,1.35755182055416e-05,3.114593216588556e-06
2020-01-05,0,0,0.999881519177752,0.00010179071082607067,1.35755182055416e-05,3.114593216588556e-06
2020-01-06,0,0,0.999881519177752,0.00010179071082607067,1.35755182055416e-05,3.114593216588556e-06
2020-01-07,0,0,0.999881519177752,0.00010179071082607067,1.35755182055416e-05,3.114593216588556e-06
2020-01-08,0,0,0.999881519177752,0.00010179071082607067,1.35755182055416e-05,3.114593216588556e-06
2020-01-09,0,0,0.999881519177752,0.00010179071082607067,1.35755182055416e-05,3.114593216588556e-06
2020-01-10,0,0,0.999881519177752,0.00010179071082607067,1.35755182055416e-05,3.114593216588556e-06
2020-01-11,0,0,0.999881519177752,0.00010179071082607067,1.35755182055416e-05,3.114593216588556e-06
2020-01-12,0,0,0.999881519177752,0.00010179071082607067,1.35755182055416e-05,3.114593216588556e-06
2020-01-13,0,0,0.999881519177752,0.00010179071082607067,1.35755182055416e-05,3.114593216588556e-06
2020-01-14,0,0,0.999881519177752,0.00010179071082607067,1.35755182055416e-05,3.114593216588556e-06
2020-01-15,0,0,0.999881519177752,0.00010179071082607067,1.35755182055416e-05,3.114593216588556e-06
2020-01-16,0,0,0.999881519177752,0.00010179071082607067,1.35755182055416e-05,3.114593216588556e-06
2020-01-17,0,0,0.999881519177752,0.00010179071082607067,1.35755182055416e-05,3.114593216588556e-06
2020-01-18,0,0,0.999881519177752,0.00010179071082607067,1.35755182055416e-05,3.114593216588556e-06
2020-01-19,0,0,0.999881519177752,0.00010179071082607067,1.35755182055416e-05,3.114593216588556e-06
2020-01-20,0,0,0.999881519177752,0.00010179071082607067,1.35755182055416e-05,3.114593216588556e-06
2020-01-21,0,0,0.999881519177752,0.00010179071082607067,1.35755182055416e-05,3.114593216588556e-06
2020-01-22,0,0,0.999881519177752,0.00010179071082607067,1.35755182055416e-05,3.114593216588556e-06
2020-01-23,0,0,0.999881519177752,0.00010179071082607067,1.35755182055416e-05,3.114593216588556e-06
2020-01-24,0,0,0.999881519177752,0.00010179071082607067,1.35755182055416e-05,3.114593216588556e-06
2020-01-25,0,0,0.999881519177752,0.00010179071082607067,1.35755182055416e-05,3.114593216588556e-06
2020-01-26,0,0,0.999881519177752,0.00010179071082607067,1.35755182055416e-05,3.114593216588556e-06
2020-01-27,0,0,0.999881519177752,0.00010179071082607067,1.35755182055416e-05,3.114593216588556e-06
2020-01-28,0,0,0.999881519177752,0.00010179071082607067,1.35755182055416e-05,3.114593216588556e-06
2020-01-29,0,0,0.999881519177752,0.00010179071082607067,1.35755182055416e-05,3.114593216588556e-06
2020-01-30,0,0,0.999881519177752,0.00010179071082607067,1.35755182055416e-05,3.114593216588556e-06
2020-01-31,0,0,0.999881519177752,0.00010179071082607067,1.35755182055416e-05,3.114593216588556e-06
2020-02-01,0,0,0.999881519177752,0.00010179071082607067,1.35755182055416e-05,3.114593216588556e-06
2020-02-02,0,0,0.999881519177752,0.00010179071082607067,1.35755182055416e-05,3.114593216588556e-06
2020-02-03,0,0,0.999881519177752,0.00010179071082607067,1.35755182055416e-05,3.114593216588556e-06
2020-02-04,0,0,0.999881519177752,0.00010179071082607067,1.35755182055416e-05,3.114593216588556e-06
2020-02-05,0,0,0.999881519177752,0.00010179071082607067,1.35755182055416e-05,3.114593216588556e-06
2020-02-06,0,0,0.999881519177752,0.00010179071082607067,1.35755182055416e-05,3.114593216588556e-06
2020-02-07,0,0,0.999881519177752,0.00010179071082607067,1.35755182055416e-05,3.114593216588556e-06
2020-02-08,0,0,0.999881519177752,0.00010179071082607067,1.35755182055416e-05,3.114593216588556e-06
2020-02-09,0,0,0.999881519177752,0.00010179071082607067,1.35755182055416e-05,3.114593216588556e-06
2020-02-10,0,0,0.999881519177752,0.00010179071082607067,1.35755182055416e-05,3.114593216588556e-06
2020-02-11,0,0,0.999881519177752,0.00010179071082607067,1.35755182055416e-05,3.114593216588556e-06
2020-02-12,0,0,0.999881519177752,0.00010179071082607067,1.35755182055416e-05,3.114593216588556e-06
2020-02-13,0,0,0.999881519177752,0.00010179071082607067,1.35755182055416e-05,3.114593216588556e-06
2020-02-14,0,0,0.999881519177752,0.00010179071082607067,1.35755182055416e-05,3.114593216588556e-06
2020-02-15,0,0,0.999881519177752,0.00010179071082607067,1.35755182055416e-05,3.114593216588556e-06
2020-02-16,0,0,0.999881519177752,0.00010179071082607067,1.35755182055416e-05,3.114593216588556e-06
2020-02-17,0,0,0.999881519177752,0.00010179071082607067,1.35755182055416e-05,3.114593216588556e-06
2020-02-18,0,0,0.999881519177752,0.00010179071082607067,1.35755182055416e-05,3.114593216588556e-06
2020-02-19,0,0,0.999881519177752,0.00010179071082607067,1.35755182055416e-05,3.114593216588556e-06
2020-02-20,0,0,0.999881519177752,0.00010179071082607067,1.35755182055416e-05,3.114593216588556e-06
2020-02-21,0,0,0.999881519177752,0.00010179071082607067,1.35755182055416e-05,3.114593216588556e-06
2020-02-22,0,0,0.999881519177752,0.00010179071082607067,1.35755182055416e-05,3.114593216588556e-06
2020-02-23,0,0,0.999881519177752,0.00010179071082607067,1.35755182055416e-05,3.114593216588556e-06
2020-02-24,0,0,0.999881519177752,0.00010179071082607067,1.35755182055416e-05,3.114593216588556e-06
2020-02-25,0,0,0.999881519177752,0.00010179071082607067,1.35755182055416e-05,3.114593216588556e-06
2020-02-26,0,0,0.999881519177752,0.00010179071082607067,1.35755182055416e-05,3.114593216588556e-06
2020-02-27,0,0,0.999881519177752,0.00010179071082607067,1.35755182055416e-05,3.114593216588556e-06
2020-02-28,0,0,0.999881519177752,0.00010179071082607067,1.35755182055416e-05,3.114593216588556e-06
2020-02-29,0,0,0.999881519177752,0.00010179071082607067,1.35755182055416e-05,3.114593216588556e-06
2020-03-01,0,0,0.999881519177752,0.00010179071082607067,1.35755182055416e-05,3.114593216588556e-06
2020-03-02,0,0,0.999881519177752,0.00010179071082607067,1.35755182055416e-05,3.114593216588556e-06
2020-03-03,0,0,0.999881519177752,0.00010179071082607067,1.35755182055416e-05,3.114593216588556e-06
2020-03-04,0,0,0.999881519177752,0.00010179071082607067,1.35755182055416e-05,3.114593216588556e-06
2020-03-05,0,0,0.999881519177752,0.00010179071082607067,1.35755182055416e-05,3.114593216588556e-06
2020-03-06,0,0,0.999881519177752,0.00010179071082607067,1.35755182055416e-05,3.114593216588556e-06
2020-03-07,0,0,0.999881519177752,0.00010179071082607067,1.35755182055416e-05,3.114593216588556e-06
2020-03-08,0,0,0.999881519177752,0.00010179071082607067,1.35755182055416e-05,3.114593216588556e-06
2020-03-09,0,0,0.999881519177752,0.00010179071082607067,1.35755182055416e-05,3.114593216588556e-06
2020-03-10,0,0,0.999881519177752,0.00010179071082607067,1.35755182055416e-05,3.114593216588556e-06
2020-03-11,0,0,0.999881519177752,0.00010179071082607067,1.35755182055416e-05,3.114593216588556e-06
2020-03-12,0,0,0.999881519177752,0.00010179071082607067,1.35755182055416e-05,3.114593216588556e-06
2020-03-13,0,0,0.999881519177752,0.00010179071082607067,1.35755182055416e-05,3.114593216588556e-06
2020-03-14,0,0,0.999881519177752,0.00010179071082607067,1.35755182055416e-05,3.114593216588556e-06
2020-03-15,0,0,0.999881519177752,0.00010179071082607067,1.35755182055416e-05,3.114593216588556e-06
2020-03-16,0,0,0.999881519177752,0.00010179071082607067,1.35755182055416e-05,3.114593216588556e-06
2020-03-17,0,0,0.999881519177752,0.00010179071082607067,1.35755182055416e-05,3.114593216588556e-06
2020-03-18,0,0,0.999881519177752,0.00010179071082607067,1.35755182055416e-05,3.114593216588556e-06
2020-03-19,0,0,0.999881519177752,0.00010179071082607067,1.35755182055416e-05,3.114593216588556e-06
2020-03-20,0,0,0.999881519177752,0.00010179071082607067,1.35755182055416e-05,3.114593216588556e-06
2020-03-21,0,0,0.999881519177752,0.00010179071082607067,1.35755182055416e-05,3.114593216588556e-06
2020-03-22,0,0,0.999881519177752,0.00010179071082607067,1.35755182055416e-05,3.114593216588556e-06
2020-03-23,0,0,0.999881519177752,0.00010179071082607067,1.35755182055416e-05,3.114593216588556e-06
2020-03-24,0,0,0.999881519177752,0.00010179071082607067,1.35755182055416e-05,3.114593216588556e-06
2020-03-25,0,0,0.999881519177752,0.00010179071082607067,1.35755182055416e-05,3.114593216588556e-06
2020-03-26,0,0,0.999881519177752,0.00010179071082607067,1.35755182055416e-05,3.114593216588556e-06
2020-03-27,0,0,0.999881519177752,0.00010179071082607067,1.35755182055416e-05,3.114593216588556e-06
2020-03-28,0,0,0.999881519177752,0.00010179071082607067,1.35755182055416e-05,3.114593216588556e-06
2020-03-29,0,0,0.999881519177752,0.00010179071082607067,1.35755182055416e-05,3.114593216588556e-06
2020-03-30,0,0,0.999881519177752,0.00010179071082607067,1.35755182055416e-05,3.114593216588556e-06
2020-03-31,0,0,0.999881519177752,0.00010179071082607067,1.35755182055416e-05,3.114593216588556e-06
2020-04-01,0,0,0.999881519177752,0.00010179071082607067,1.35755182055416e-05,3.114593216588556e-06
2020-04-02,0,0,0.999881519177752,0.00010179071082607067,1.35755182055416e-05,3.114593216588556e-06
2020-04-03,0,0,0.999881519177752,0.00010179071082607067,1.35755182055416e-05,3.114593216588556e-06
2020-04-04,0,0,0.999881519177752,0.00010179071082607067,1.35755182055416e-05,3.114593216588556e-06
2020-04-05,0,0,0.999881519177752,0.00010179071082607067,1.35755182055416e-05,3.114593216588556e-06
2020-04-06,0,0,0.999881519177752,0.00010179071082607067,1.35755182055416e-05,3.114593216588556e-06
2020-04-07,0,0,0.999881519177752,0.00010179071082607067,1.35755182055416e-05,3.114593216588556e-06
2020-04-08,0,0,0.999881519177752,0.00010179071082607067,1.35755182055416e-05,3.114593216588556e-06
2020-04-09,0,0,0.999881519177752,0.00010179071082607067,1.35755182055416e-05,3.114593216588556e-06
2020-04-10,0,0,0.999881519177752,0.00010179071082607067,1.35755182055416e-05,3.114593216588556e-06
2020-04-11,0,0,0.999881519177752,0.00010179071082607067,1.35755182055416e-05,3.114593216588556e-06
2020-04-12,0,0,0.999881519177752,0.00010179071082607067,1.35755182055416e-05,3.114593216588556e-06
2020-04-13,0,0,0.999881519177752,0.00010179071082607067,1.35755182055416e-05,3.114593216588556e-06
2020-04-14,0,0,0.999881519177752,0.00010179071082607067,1.35755182055416e-05,3.114593216588556e-06
2020-04-15,0,0,0.999881519177752,0.00010179071082607067,1.35755182055416e-05,3.114593216588556e-06
2020-04-16,0,0,0.999881519177752,0.00010179071082607067,1.35755182055416e-05,3.114593216588556e-06
2020-04-17,0,0,0.999881519177752,0.00010179071082607067,1.35755182055416e-05,3.114593216588556e-06
2020-04-18,0,0,0.999881519177752,0.00010179071082607067,1.35755182055416e-05,3.114593216588556e-06
2020-04-19,0,0,0.999881519177752,0.00010179071082607067,1.35755182055416e-05,3.114593216588556e-06
2020-04-20,0,0,0.999881519177752,0.00010179071082607067,1.35755182055416e-05,3.114593216588556e-06
2020-04-21,0,0,0.999881519177752,0.00010179071082607067,1.35755182055416e-05,3.114593216588556e-06
2020-04-22,0,0,0.999881519177752,0.00010179071082607067,1.35755182055416e-05,3.114593216588556e-06
2020-04-23,0,0,0.999881519177752,0.00010179071082607067,1.35755182055416e-05,3.114593216588556e-06
2020-04-24,0,0,0.999881519177752,0.00010179071082607067,1.35755182055416e-05,3.114593216588556e-06
2020-04-25,0,0,0.999881519177752,0.00010179071082607067,1.35755182055416e-05,3.114593216588556e-06
2020-04-26,0,0,0.999881519177752,0.00010179071082607067,1.35755182055416e-05,3.114593216588556e-06
2020-04-27,0,0,0.999881519177752,0.00010179071082607067,1.35755182055416e-05,3.114593216588556e-06
2020-04-28,0,0,0.999881519177752,0.00010179071082607067,1.35755182055416e-05,3.114593216588556e-06
2020-04-29,0,0,0.999881519177752,0.00010179071082607067,1.35755182055416e-05,3.114593216588556e-06
2020-04-30,0,0,0.999881519177752,0.00010179071082607067,1.35755182055416e-05,3.114593216588556e-06
2020-05-01,0,0,0.999881519177752,0.00010179071082607067,1.35755182055416e-05,3.114593216588556e-06
2020-05-02,0,0,0.999881519177752,0.00010179071082607067,1.35755182055416e-05,3.114593216588556e-06
2020-05-03,0,0,0.9528707999491014,0.013309846979018049,0.028672430901480746,0.005146922170399912
2020-05-04,0,0,0.999881519177752,0.00010179071082607067,1.35755182055416e-05,3.114593216588556e-06
2020-05-05,0,0,0.999881519177752,0.00010179071082607067,1.35755182055416e-05,3.114593216588556e-06
2020-05-06,0,0,0.999881519177752,0.00010179071082607067,1.35755182055416e-05,3.114593216588556e-06
2020-05-07,0,0,0.999881519177752,0.00010179071082607067,1.35755182055416e-05,3.114593216588556e-06
2020-05-08,0,0,0.999881519177752,0.00010179071082607067,1.35755182055416e-05,3.114593216588556e-06
2020-05-09,0,0,0.999881519177752,0.00010179071082607067,1.35755182055416e-05,3.114593216588556e-06
2020-05-10,0,0,0.999881519177752,0.00010179071082607067,1.35755182055416e-05,3.114593216588556e-06
2020-05-11,0,0,0.999881519177752,0.00010179071082607067,1.35755182055416e-05,3.114593216588556e-06
2020-05-12,0,0,0.999881519177752,0.00010179071082607067,1.35755182055416e-05,3.114593216588556e-06
2020-05-13,0,0,0.999881519177752,0.00010179071082607067,1.35755182055416e-05,3.114593216588556e-06
2020-05-14,0,0,0.999881519177752,0.00010179071082607067,1.35755182055416e-05,3.114593216588556e-06
2020-05-15,0,0,0.999881519177752,0.00010179071082607067,1.35755182055416e-05,3.114593216588556e-06
2020-05-16,0,0,0.999881519177752,0.00010179071082607067,1.35755182055416e-05,3.114593216588556e-06
2020-05-17,0,0,0.999881519177752,0.00010179071082607067,1.35755182055416e-05,3.114593216588556e-06
2020-05-18,0,0,0.9998348815705704,0.00010178596298835672,4.986083983431821e-05,1.3471626606909264e-05
2020-05-19,0,0,0.9998348815705704,0.00010178596298835672,4.986083983431821e-05,1.3471626606909264e-05
2020-05-20,0,0,0.9998348815705704,0.00010178596298835672,4.986083983431821e-05,1.3471626606909264e-05
2020-05-21,0,0,0.9998348815705704,0.00010178596298835672,4.986083983431821e-05,1.3471626606909264e-05
2020-05-22,0,0,0.9998348815705704,0.00010178596298835672,4.986083983431821e-05,1.3471626606909264e-05
2020-05-23,0,0,0.9998348815705704,0.00010178596298835672,4.986083983431821e-05,1.3471626606909264e-05
2020-05-24,0,0,0.9998348815705704,0.00010178596298835672,4.986083983431821e-05,1.3471626606909264e-05
2020-05-25,0,0,0.9998348815705704,0.00010178596298835672,4.986083983431821e-05,1.3471626606909264e-05
2020-05-26,0,0,0.9998348815705704,0.00010178596298835672,4.986083983431821e-05,1.3471626606909264e-05
2020-05-27,0,0,0.9998348815705704,0.00010178596298835672,4.986083983431821e-05,1.3471626606909264e-05
2020-05-28,0,0,0.5622828543179086,0.43767648869328457,3.2054676020757516e-05,8.602312786109833e-06
2020-05-29,0,0,0.6017912270053257,0.39816525927379065,3.430697319979701e-05,9.206747683808504e-06
2020-05-30,0,0,0.6017912270053257,0.39816525927379065,3.430697319979701e-05,9.206747683808504e-06
2020-05-31,0,0,0.6017912270053257,0.39816525927379065,3.430697319979701e-05,9.206747683808504e-06
2020-06-01,0,1,0.0003673084942270031,0.9996172580810654,1.25097921181504e-05,2.9236325894750044e-06
2020-06-02,0,1,0.0003673084942270031,0.9996172580810654,1.25097921181504e-05,2.9236325894750044e-06
2020-06-03,0,1,0.0003673084942270031,0.9996172580810654,1.25097921181504e-05,2.9236325894750044e-06
2020-06-04,0,1,0.0003673084942270031,0.9996172580810654,1.25097921181504e-05,2.9236325894750044e-06
2020-06-05,0,1,0.0003673084942270031,0.9996172580810654,1.25097921181504e-05,2.9236325894750044e-06
2020-06-06,0,1,0.0003673084942270031,0.9996172580810654,1.25097921181504e-05,2.9236325894750044e-06
2020-06-07,0,1,0.0003673084942270031,0.9996172580810654,1.25097921181504e-05,2.9236325894750044e-06
2020-06-08,0,1,0.0003673084942270031,0.9996172580810654,1.25097921181504e-05,2.9236325894750044e-06
2020-06-09,0,1,0.0003673084942270031,0.9996172580810654,1.25097921181504e-05,2.9236325894750044e-06
2020-06-10,0,1,0.0003673084942270031,0.9996172580810654,1.25097921181504e-05,2.9236325894750044e-06
2020-06-11,0,1,0.0003673084942270031,0.9996172580810654,1.25097921181504e-05,2.9236325894750044e-06
2020-06-12,0,1,0.0003673084942270031,0.9996172580810654,1.25097921181504e-05,2.9236325894750044e-06
2020-06-13,1,1,0.0003673084942270031,0.9996172580810654,1.25097921181504e-05,2.9236325894750044e-06
2020-06-14,1,1,0.0003673084942270031,0.9996172580810654,1.25097921181504e-05,2.9236325894750044e-06
2020-06-15,1,1,0.0003673084942270031,0.9996172580810654,1.25097921181504e-05,2.9236325894750044e-06
2020-06-16,1,1,0.0003673084942270031,0.9996172580810654,1.25097921181504e-05,2.9236325894750044e-06
2020-06-17,1,1,0.0003673084942270031,0.9996172580810654,1.25097921181504e-05,2.9236325894750044e-06
2020-06-18,1,1,0.0003673084942270031,0.9996172580810654,1.25097921181504e-05,2.9236325894750044e-06
2020-06-19,1,1,0.0003673084942270031,0.9996172580810654,1.25097921181504e-05,2.9236325894750044e-06
2020-06-20,1,1,0.0003673084942270031,0.9996172580810654,1.25097921181504e-05,2.9236325894750044e-06
2020-06-21,1,1,0.0003673084942270031,0.9996172580810654,1.25097921181504e-05,2.9236325894750044e-06
2020-06-22,1,1,0.0003673084942270031,0.9996172580810654,1.25097921181504e-05,2.9236325894750044e-06
2020-06-23,1,1,0.0003673084942270031,0.9996172580810654,1.25097921181504e-05,2.9236325894750044e-06
2020-06-24,1,1,0.0003673084942270031,0.9996172580810654,1.25097921181504e-05,2.9236325894750044e-06
2020-06-25,1,1,0.0003673084942270031,0.9996172580810654,1.25097921181504e-05,2.9236325894750044e-06
2020-06-26,1,1,0.0003673084942270031,0.9996172580810654,1.25097921181504e-05,2.9236325894750044e-06
2020-06-27,1,1,0.0003673084942270031,0.9996172580810654,1.25097921181504e-05,2.9236325894750044e-06
2020-06-28,1,1,0.0003673084942270031,0.9996172580810654,1.25097921181504e-05,2.9236325894750044e-06
2020-06-29,1,1,0.0003673084942270031,0.9996172580810654,1.25097921181504e-05,2.9236325894750044e-06
2020-06-30,1,1,0.0003673084942270031,0.9996172580810654,1.25097921181504e-05,2.9236325894750044e-06
