origin,method,seed,point,n,mae,rmse,crps,coverage80,width80,interval_score80,coverage90,width90,interval_score90,coverage95,width95,interval_score95
792,BPLUS_CONTINUOUS,0,ATU1,293,29.335478509690908,32.877890262058848,27.769809438054018,0.064846416382252553,7.4327035636015353,264.80052630730955,0.068259385665529013,9.53977174492376,504.57470014981777,0.068259385665529013,11.367339156759497,967.38082030571661
792,BPLUS_CONTINUOUS,0,ATU5,293,37.540839766187069,42.775051365351246,34.66375960584616,0.21843003412969283,14.850198314250747,322.46958788509306,0.23549488054607509,19.060023189752656,601.77035165188488,0.24232081911262798,22.711418441317392,1132.5587555060624
792,BPLUS_CONTINUOUS,0,MJ3,293,5.2911468095600966,9.1163682048876531,19.795751435674784,1,212.78477852195923,212.78477852195923,1,273.10630654426768,273.10630654426768,1,325.42623611414683,325.42623611414683
792,BPLUS_CONTINUOUS,0,MJ1,293,22.162592224474757,24.483988940646118,14.400025582886581,0.91467576791808869,64.968285612534814,71.109216679840287,0.96928327645051193,83.385891835873934,85.516525147200809,1,99.360418543726865,99.360418543726865
792,BPLUS_CONTINUOUS,1,ATU1,293,29.335478509690908,32.877890262058848,27.769809438054018,0.064846416382252553,7.4327035636015353,264.80052630730955,0.068259385665529013,9.53977174492376,504.57470014981777,0.068259385665529013,11.367339156759497,967.38082030571661
792,BPLUS_CONTINUOUS,1,ATU5,293,37.540839766187069,42.775051365351246,34.66375960584616,0.21843003412969283,14.850198314250747,322.46958788509306,0.23549488054607509,19.060023189752656,601.77035165188488,0.24232081911262798,22.711418441317392,1132.5587555060624
792,BPLUS_CONTINUOUS,1,MJ3,293,5.2911468095600966,9.1163682048876531,19.795751435674784,1,212.78477852195923,212.78477852195923,1,273.10630654426768,273.10630654426768,1,325.42623611414683,325.42623611414683
792,BPLUS_CONTINUOUS,1,MJ1,293,22.162592224474757,24.483988940646118,14.400025582886581,0.91467576791808869,64.968285612534814,71.109216679840287,0.96928327645051193,83.385891835873934,85.516525147200809,1,99.360418543726865,99.360418543726865
792,BPLUS_CONTINUOUS,2,ATU1,293,29.335478509690908,32.877890262058848,27.769809438054018,0.064846416382252553,7.4327035636015353,264.80052630730955,0.068259385665529013,9.53977174492376,504.57470014981777,0.068259385665529013,11.367339156759497,967.38082030571661
792,BPLUS_CONTINUOUS,2,ATU5,293,37.540839766187069,42.775051365351246,34.66375960584616,0.21843003412969283,14.850198314250747,322.46958788509306,0.23549488054607509,19.060023189752656,601.77035165188488,0.24232081911262798,22.711418441317392,1132.5587555060624
792,BPLUS_CONTINUOUS,2,MJ3,293,5.2911468095600966,9.1163682048876531,19.795751435674784,1,212.78477852195923,212.78477852195923,1,273.10630654426768,273.10630654426768,1,325.42623611414683,325.42623611414683
792,BPLUS_CONTINUOUS,2,MJ1,293,22.162592224474757,24.483988940646118,14.400025582886581,0.91467576791808869,64.968285612534814,71.109216679840287,0.96928327645051193,83.385891835873934,85.516525147200809,1,99.360418543726865,99.360418543726865
792,DRIFT1,0,ATU1,293,5.9813792142944369,6.8635290099170927,7.8248223249987445,1,79.195486039368689,79.195486039368689,1,101.64630589381215,101.64630589381215,1,121.11904393745239,121.11904393745239
792,DRIFT1,0,ATU5,293,5.2546804338996838,6.5132103689305554,11.107852044033262,1,117.80226627509001,117.80226627509001,1,151.19757187713526,151.19757187713526,1,180.16301911211576,180.16301911211576
792,DRIFT1,0,MJ3,293,2.5771279957390369,3.0088285939791439,2.1214085025366054,1,17.672440570802792,17.672440570802792,1,22.682331910395078,22.682331910395078,1,27.027665502463151,27.027665502463151
792,DRIFT1,0,MJ1,293,6.0268658593804041,6.9115107851665174,4.0422043693552752,0.93515358361774747,21.768134553063646,21.904386729908339,1,27.939098226108854,27.939098226108854,1,33.291488912110943,33.291488912110943
792,DRIFT1,1,ATU1,293,5.9813792142944369,6.8635290099170927,7.8248223249987445,1,79.195486039368689,79.195486039368689,1,101.64630589381215,101.64630589381215,1,121.11904393745239,121.11904393745239
792,DRIFT1,1,ATU5,293,5.2546804338996838,6.5132103689305554,11.107852044033262,1,117.80226627509001,117.80226627509001,1,151.19757187713526,151.19757187713526,1,180.16301911211576,180.16301911211576
792,DRIFT1,1,MJ3,293,2.5771279957390369,3.0088285939791439,2.1214085025366054,1,17.672440570802792,17.672440570802792,1,22.682331910395078,22.682331910395078,1,27.027665502463151,27.027665502463151
792,DRIFT1,1,MJ1,293,6.0268658593804041,6.9115107851665174,4.0422043693552752,0.93515358361774747,21.768134553063646,21.904386729908339,1,27.939098226108854,27.939098226108854,1,33.291488912110943,33.291488912110943
792,DRIFT1,2,ATU1,293,5.9813792142944369,6.8635290099170927,7.8248223249987445,1,79.195486039368689,79.195486039368689,1,101.64630589381215,101.64630589381215,1,121.11904393745239,121.11904393745239
792,DRIFT1,2,ATU5,293,5.2546804338996838,6.5132103689305554,11.107852044033262,1,117.80226627509001,117.80226627509001,1,151.19757187713526,151.19757187713526,1,180.16301911211576,180.16301911211576
792,DRIFT1,2,MJ3,293,2.5771279957390369,3.0088285939791439,2.1214085025366054,1,17.672440570802792,17.672440570802792,1,22.682331910395078,22.682331910395078,1,27.027665502463151,27.027665502463151
792,DRIFT1,2,MJ1,293,6.0268658593804041,6.9115107851665174,4.0422043693552752,0.93515358361774747,21.768134553063646,21.904386729908339,1,27.939098226108854,27.939098226108854,1,33.291488912110943,33.291488912110943
792,RR_COND,0,ATU1,293,37.974720687292688,40.985804802484971,28.870979923417643,0.19112627986348124,46.220192834401367,209.03141892912953,0.2764505119453925,59.322975263780542,285.69776302891432,0.37542662116040953,70.687684951191542,371.71039186837953
792,RR_COND,0,ATU5,293,39.785641871996496,44.532580148377896,35.753354804367142,0.051194539249146756,18.794455370981723,324.01442638150553,0.08191126279863481,24.122422315796257,584.85032741619591,0.10238907849829351,28.743639059514177,1066.410516102914
792,RR_COND,0,MJ3,293,18.499927680220548,20.942476315535973,23.574745954594768,1,238.16140974428751,238.16140974428751,1,305.67686010456828,305.67686010456828,1,364.2364444443769,364.2364444443769
792,RR_COND,0,MJ1,293,13.713313454202529,18.802834542841602,10.573034394100914,0.90102389078498291,63.065915681370825,77.15812007353216,0.93856655290102387,80.944226463049972,94.332414129235644,0.94880546075085326,96.450994802537934,106.00801335501552
792,RR_COND,1,ATU1,293,37.974720687292688,40.985804802484971,28.870979923417643,0.19112627986348124,46.220192834401367,209.03141892912953,0.2764505119453925,59.322975263780542,285.69776302891432,0.37542662116040953,70.687684951191542,371.71039186837953
792,RR_COND,1,ATU5,293,39.785641871996496,44.532580148377896,35.753354804367142,0.051194539249146756,18.794455370981723,324.01442638150553,0.08191126279863481,24.122422315796257,584.85032741619591,0.10238907849829351,28.743639059514177,1066.410516102914
792,RR_COND,1,MJ3,293,18.499927680220548,20.942476315535973,23.574745954594768,1,238.16140974428751,238.16140974428751,1,305.67686010456828,305.67686010456828,1,364.2364444443769,364.2364444443769
792,RR_COND,1,MJ1,293,13.713313454202529,18.802834542841602,10.573034394100914,0.90102389078498291,63.065915681370825,77.15812007353216,0.93856655290102387,80.944226463049972,94.332414129235644,0.94880546075085326,96.450994802537934,106.00801335501552
792,RR_COND,2,ATU1,293,37.974720687292688,40.985804802484971,28.870979923417643,0.19112627986348124,46.220192834401367,209.03141892912953,0.2764505119453925,59.322975263780542,285.69776302891432,0.37542662116040953,70.687684951191542,371.71039186837953
792,RR_COND,2,ATU5,293,39.785641871996496,44.532580148377896,35.753354804367142,0.051194539249146756,18.794455370981723,324.01442638150553,0.08191126279863481,24.122422315796257,584.85032741619591,0.10238907849829351,28.743639059514177,1066.410516102914
792,RR_COND,2,MJ3,293,18.499927680220548,20.942476315535973,23.574745954594768,1,238.16140974428751,238.16140974428751,1,305.67686010456828,305.67686010456828,1,364.2364444443769,364.2364444443769
792,RR_COND,2,MJ1,293,13.713313454202529,18.802834542841602,10.573034394100914,0.90102389078498291,63.065915681370825,77.15812007353216,0.93856655290102387,80.944226463049972,94.332414129235644,0.94880546075085326,96.450994802537934,106.00801335501552
792,BPLUS_ORIGIN_ANCHOR,0,ATU1,293,29.315155514329426,32.859758238927526,27.74841359916762,0.064846416382252553,7.4418680391167964,264.57678860280299,0.068259385665529013,9.5515342219051789,504.09815164784703,0.068259385665529013,11.381355012562715,966.37622291226046
792,BPLUS_ORIGIN_ANCHOR,0,ATU5,293,37.532022682040939,42.767313401278095,34.656148565982249,0.21843003412969283,14.848642431142709,322.40520047797162,0.23549488054607509,19.058026235402849,601.648807396405,0.24232081911262798,22.709038923444041,1132.3252133675064
792,BPLUS_ORIGIN_ANCHOR,0,MJ3,293,5.2301273262399341,9.0608460945733817,19.789393995040605,1,212.76731434285966,212.76731434285966,1,273.08389151306255,273.08389151306255,1,325.39952695707962,325.39952695707962
792,BPLUS_ORIGIN_ANCHOR,0,MJ1,293,22.181406781202181,24.501020940574996,14.411090671516195,0.91467576791808869,64.960264711083028,71.120671040720694,0.96928327645051193,83.375597120312705,85.520951061712765,1,99.348151633528687,99.348151633528687
792,BPLUS_ORIGIN_ANCHOR,1,ATU1,293,29.315155514329426,32.859758238927526,27.74841359916762,0.064846416382252553,7.4418680391167964,264.57678860280299,0.068259385665529013,9.5515342219051789,504.09815164784703,0.068259385665529013,11.381355012562715,966.37622291226046
792,BPLUS_ORIGIN_ANCHOR,1,ATU5,293,37.532022682040939,42.767313401278095,34.656148565982249,0.21843003412969283,14.848642431142709,322.40520047797162,0.23549488054607509,19.058026235402849,601.648807396405,0.24232081911262798,22.709038923444041,1132.3252133675064
792,BPLUS_ORIGIN_ANCHOR,1,MJ3,293,5.2301273262399341,9.0608460945733817,19.789393995040605,1,212.76731434285966,212.76731434285966,1,273.08389151306255,273.08389151306255,1,325.39952695707962,325.39952695707962
792,BPLUS_ORIGIN_ANCHOR,1,MJ1,293,22.181406781202181,24.501020940574996,14.411090671516195,0.91467576791808869,64.960264711083028,71.120671040720694,0.96928327645051193,83.375597120312705,85.520951061712765,1,99.348151633528687,99.348151633528687
792,BPLUS_ORIGIN_ANCHOR,2,ATU1,293,29.315155514329426,32.859758238927526,27.74841359916762,0.064846416382252553,7.4418680391167964,264.57678860280299,0.068259385665529013,9.5515342219051789,504.09815164784703,0.068259385665529013,11.381355012562715,966.37622291226046
792,BPLUS_ORIGIN_ANCHOR,2,ATU5,293,37.532022682040939,42.767313401278095,34.656148565982249,0.21843003412969283,14.848642431142709,322.40520047797162,0.23549488054607509,19.058026235402849,601.648807396405,0.24232081911262798,22.709038923444041,1132.3252133675064
792,BPLUS_ORIGIN_ANCHOR,2,MJ3,293,5.2301273262399341,9.0608460945733817,19.789393995040605,1,212.76731434285966,212.76731434285966,1,273.08389151306255,273.08389151306255,1,325.39952695707962,325.39952695707962
792,BPLUS_ORIGIN_ANCHOR,2,MJ1,293,22.181406781202181,24.501020940574996,14.411090671516195,0.91467576791808869,64.960264711083028,71.120671040720694,0.96928327645051193,83.375597120312705,85.520951061712765,1,99.348151633528687,99.348151633528687
792,G00_RAW_UNIFORM,0,ATU1,293,30.100710719904253,33.057938276045881,26.869546397928282,0.13651877133105803,16.51270164449431,241.21674798249956,0.20136518771331058,21.193823113291398,431.4087279569149,0.22866894197952217,25.253997873203623,782.29913305325681
792,G00_RAW_UNIFORM,0,ATU5,293,42.234308434474379,46.702016552025192,39.899508859643831,0.085324232081911269,11.674516234537805,379.41529898603625,0.10238907849829351,14.984079367202867,720.50099474152057,0.11604095563139932,17.854631816472192,1377.7314428262455
792,G00_RAW_UNIFORM,0,MJ3,293,11.270223912207829,12.263437649884928,19.92673527166226,1,210.56434907519042,210.56434907519042,1,270.25641620266833,270.25641620266833,1,322.03038232028939,322.03038232028939
792,G00_RAW_UNIFORM,0,MJ1,293,16.528366855102789,18.064609891773991,10.686575314688419,0.98976109215017061,60.48874226441535,60.638199352847352,1,77.636460192747109,77.636460192747109,1,92.509548188175344,92.509548188175344
792,G00_RAW_UNIFORM,1,ATU1,293,36.495115358283499,39.969048249808132,33.177284087040384,0.11604095563139932,16.5127016444943,304.62823589222262,0.12286689419795221,21.193823113291405,556.18654449289591,0.13993174061433447,25.253997873203634,1024.758743125504
792,G00_RAW_UNIFORM,1,ATU5,293,54.709605979276425,59.584383846387283,52.197572078044466,0.061433447098976107,11.674516234537805,501.29526093200349,0.075085324232081918,14.984079367202867,963.44715580047773,0.08191126279863481,17.854631816472192,1861.9853154081866
792,G00_RAW_UNIFORM,1,MJ3,293,8.8202515911283488,10.62619573230026,19.745216734028268,1,210.56434907519042,210.56434907519042,1,270.25641620266833,270.25641620266833,1,322.03038232028939,322.03038232028939
792,G00_RAW_UNIFORM,1,MJ1,293,19.456114202312317,21.199769924933392,12.475059835278044,0.97610921501706482,60.48874226441535,61.288264091693797,1,77.636460192747109,77.636460192747109,1,92.509548188175344,92.509548188175344
792,G00_RAW_UNIFORM,2,ATU1,293,33.115426122147255,35.918672483983237,29.789436149005144,0.075085324232081918,16.512701644494303,269.90118266526247,0.11262798634812286,21.193823113291398,485.54452653914637,0.15358361774744028,25.253997873203627,883.69919765911084
792,G00_RAW_UNIFORM,2,ATU5,293,50.015261690270378,53.92959312883017,47.493599545157153,0.051194539249146756,11.674516234537805,454.24492775642324,0.061433447098976107,14.984079367202867,868.91882364944502,0.064846416382252553,17.854631816472192,1671.9132023544835
792,G00_RAW_UNIFORM,2,MJ3,293,10.045954919493424,11.344671807205197,19.821742427113797,1,210.56434907519042,210.56434907519042,1,270.25641620266833,270.25641620266833,1,322.03038232028939,322.03038232028939
792,G00_RAW_UNIFORM,2,MJ1,293,18.222383753926444,19.863538210492617,11.691961111560664,0.97269624573378843,60.48874226441535,61.407266832516044,1,77.636460192747109,77.636460192747109,1,92.509548188175344,92.509548188175344
792,G10_ANCHOR_UNIFORM,0,ATU1,293,29.769401824439633,32.631614150475698,27.406143394055075,0.064846416382252553,11.408800491907067,254.5653026624185,0.068259385665529013,14.643036903711671,470.74857609246476,0.071672354948805458,17.44825465640815,877.43714330614011
792,G10_ANCHOR_UNIFORM,0,ATU5,293,39.801942577085256,44.299779844580783,33.240504523152694,0.25938566552901021,36.0893311628015,278.22566881323382,0.27303754266211605,46.320155078707792,455.63988426594227,0.2764505119453925,55.19386906228101,744.91322414846582
792,G10_ANCHOR_UNIFORM,0,MJ3,293,9.0289835837185279,10.47322572225395,19.369638977559084,1,206.50209720536395,206.50209720536395,1,265.04257237357888,265.04257237357888,1,315.81770420803014,315.81770420803014
792,G10_ANCHOR_UNIFORM,0,MJ1,293,20.468748679005394,22.420172192712005,13.29793856935922,0.89419795221843001,55.820614313719716,62.031921381708472,0.96587030716723554,71.644982832636515,73.525270570080153,1,85.370262571759426,85.370262571759426
792,G10_ANCHOR_UNIFORM,1,ATU1,293,28.80357155932337,31.756832121303102,26.541062361703865,0.09556313993174062,11.408800491907069,246.44989365415958,0.11604095563139932,14.643036903711677,455.93437864484326,0.12286689419795221,17.448254656408153,850.58903604123873
792,G10_ANCHOR_UNIFORM,1,ATU5,293,35.902462951171941,40.517184174327198,29.752867388789465,0.2696245733788396,36.0893311628015,246.64223700199426,0.27303754266211605,46.320155078707792,392.980051086711,0.2764505119453925,55.19386906228101,620.03894145076742
792,G10_ANCHOR_UNIFORM,1,MJ3,293,9.4079274823433394,11.130654858800272,19.439336613156126,1,206.50209720536395,206.50209720536395,1,265.04257237357888,265.04257237357888,1,315.81770420803014,315.81770420803014
792,G10_ANCHOR_UNIFORM,1,MJ1,293,21.431183387620592,22.954968717323542,13.754974155732977,0.94539249146757676,55.820614313719709,57.862509595717611,0.99317406143344711,71.644982832636515,71.694476610797892,1,85.370262571759426,85.370262571759426
792,G10_ANCHOR_UNIFORM,2,ATU1,293,28.280968379226515,31.33652039287869,26.006236390506484,0.085324232081911269,11.408800491907069,240.75009642973376,0.12286689419795221,14.643036903711673,444.39915434647281,0.18771331058020477,17.44825465640815,829.40880620839357
792,G10_ANCHOR_UNIFORM,2,ATU5,293,38.991797620482529,44.031973885162081,32.792261744126243,0.25597269624573377,36.0893311628015,276.10024061935667,0.27303754266211605,46.320155078707792,451.13968691759214,0.2764505119453925,55.19386906228101,735.94525514491568
792,G10_ANCHOR_UNIFORM,2,MJ3,293,6.3455660311702298,7.7553187559021959,19.125282779713871,1,206.50209720536395,206.50209720536395,1,265.04257237357888,265.04257237357888,1,315.81770420803014,315.81770420803014
792,G10_ANCHOR_UNIFORM,2,MJ1,293,20.952630305180666,22.702817891882631,13.543712755698575,0.93515358361774747,55.820614313719716,59.753681941296449,0.97952218430034133,71.644982832636515,72.727169684433065,1,85.370262571759426,85.370262571759426
792,G01_RAW_BOUNDARY,0,ATU1,293,27.416264284255991,30.066051540578545,24.093164306054174,0.17064846416382254,16.986946406161564,212.78749359211545,0.22184300341296928,21.80250967516201,375.15068883867082,0.23549488054607509,25.979292646909929,668.25090895112737
792,G01_RAW_BOUNDARY,0,ATU5,293,40.014315810022907,44.346139706878461,38.303163757158643,0.068259385665529013,8.3032234703823633,368.9791478430592,0.08191126279863481,10.6570719492222,710.22805001224083,0.09556313993174062,12.698684465826773,1374.6626886654435
792,G01_RAW_BOUNDARY,0,MJ3,293,11.639764594331904,12.757276485594364,19.979744154145774,1,210.48811015021374,210.48811015021374,1,270.15856460181658,270.15856460181658,1,321.91378494630044,321.91378494630044
792,G01_RAW_BOUNDARY,0,MJ1,293,14.431845176297699,15.753633454636814,9.5707897221917371,1,62.419016997883993,62.419016997883993,1,80.113940991586318,80.113940991586318,1,95.461648641705537,95.461648641705537
792,G01_RAW_BOUNDARY,1,ATU1,293,26.543621903304473,29.65343198235421,23.320339891236586,0.23549488054607509,16.986946406161564,206.46313604844548,0.25938566552901021,21.80250967516201,364.54134299008177,0.26279863481228671,25.979292646909929,649.728801828315
792,G01_RAW_BOUNDARY,1,ATU5,293,42.523208728291905,47.643603200813978,40.862017687220323,0.092150170648464161,8.3032234703823633,394.88193964286523,0.11262798634812286,10.6570719492222,762.61958311657293,0.11604095563139932,12.698684465826773,1480.5034076243842
792,G01_RAW_BOUNDARY,1,MJ3,293,11.068115969999669,11.978063288162222,19.886746998925435,1,210.48811015021374,210.48811015021374,1,270.15856460181658,270.15856460181658,1,321.91378494630044,321.91378494630044
792,G01_RAW_BOUNDARY,1,MJ1,293,14.710605869479624,16.118346050757236,9.7358852066876462,0.9965870307167235,62.419016997883993,62.423383643140212,1,80.113940991586333,80.113940991586333,1,95.461648641705537,95.461648641705537
792,G01_RAW_BOUNDARY,2,ATU1,293,27.56750855474219,30.086333633236318,24.16101788344319,0.15358361774744028,16.986946406161564,213.0577102931687,0.21501706484641639,21.80250967516201,375.09363855142402,0.23549488054607509,25.979292646909926,668.2080625627209
792,G01_RAW_BOUNDARY,2,ATU5,293,45.647539149943334,49.687634053156387,43.86789655319555,0.058020477815699661,8.3032234703823633,424.1702537497801,0.061433447098976107,10.6570719492222,820.26261340577537,0.064846416382252553,12.698684465826773,1593.7201974292809
792,G01_RAW_BOUNDARY,2,MJ3,293,11.55656011970199,12.847007764060612,19.990689793230061,1,210.48811015021374,210.48811015021374,1,270.15856460181658,270.15856460181658,1,321.91378494630044,321.91378494630044
792,G01_RAW_BOUNDARY,2,MJ1,293,13.440256207718296,14.646363228807527,9.0620185586455158,1,62.419016997883993,62.419016997883993,1,80.113940991586318,80.113940991586318,1,95.461648641705537,95.461648641705537
792,G11_ANCHOR_BOUNDARY,0,ATU1,293,20.585152128160129,23.614283791588068,18.628167677717311,0.19112627986348124,10.343496769612447,170.21815367821645,0.20477815699658702,13.275734378762989,309.48153089617597,0.21843003412969283,15.819013208439856,568.14681221489025
792,G11_ANCHOR_BOUNDARY,0,ATU5,293,33.785609271045224,38.226966294664479,28.769374453447824,0.26621160409556316,28.599708212222144,247.1848137692262,0.27303754266211605,36.707328091504898,414.60386404509842,0.27303754266211605,43.739479215172651,697.29035389770161
792,G11_ANCHOR_BOUNDARY,0,MJ3,293,4.1410224820946846,5.7972212974024844,19.488158588401049,1,211.96796917206348,211.96796917206348,1,272.0579430934124,272.0579430934124,1,324.177034013293,324.177034013293
792,G11_ANCHOR_BOUNDARY,0,MJ1,293,14.336954501970387,16.460895813911272,9.8354721836504719,0.95563139931740615,62.590066787997102,64.205460636106409,1,80.333481020424173,80.333481020424173,1,95.723246721094725,95.723246721094725
792,G11_ANCHOR_BOUNDARY,1,ATU1,293,22.009123472917786,25.199014238918966,20.079902402958123,0.22525597269624573,10.343496769612443,184.73738518186428,0.26279863481228671,13.275734378762989,340.0318776109321,0.26621160409556316,15.819013208439856,631.83975288080569
792,G11_ANCHOR_BOUNDARY,1,ATU5,293,25.521534130723413,30.323741735473991,21.287592934121086,0.2764505119453925,28.599708212222144,175.45035656939572,0.27986348122866894,36.707328091504898,271.81960760755095,0.27986348122866894,43.739479215172651,412.68186165382446
792,G11_ANCHOR_BOUNDARY,1,MJ3,293,3.6263729108968237,5.4421816768077838,19.468773594224299,1,211.96796917206348,211.96796917206348,1,272.0579430934124,272.0579430934124,1,324.177034013293,324.177034013293
792,G11_ANCHOR_BOUNDARY,1,MJ1,293,14.823289582793285,16.57299512451662,9.9277597250260996,0.96928327645051193,62.590066787997102,63.576182812471039,1,80.333481020424173,80.333481020424173,1,95.723246721094711,95.723246721094711
792,G11_ANCHOR_BOUNDARY,2,ATU1,293,19.289505695577905,22.365746200925123,17.387895869511116,0.19112627986348124,10.343496769612447,158.21132681591726,0.21160409556313994,13.275734378762989,285.57179787378573,0.22184300341296928,15.819013208439856,520.6088471549615
792,G11_ANCHOR_BOUNDARY,2,ATU5,293,33.809771621184716,38.394525069385992,28.880000835086946,0.24573378839590443,28.599708212222144,248.43863487972556,0.25255972696245732,36.707328091504898,415.47974720396741,0.26621160409556316,43.739479215172651,697.06845869519782
792,G11_ANCHOR_BOUNDARY,2,MJ3,293,4.8744100399607833,6.2646032347668843,19.515336014642831,1,211.96796917206348,211.96796917206348,1,272.0579430934124,272.0579430934124,1,324.177034013293,324.177034013293
792,G11_ANCHOR_BOUNDARY,2,MJ1,293,15.468743563650614,17.023509186339325,10.162174771038288,0.97269624573378843,62.590066787997102,63.617960863405578,1,80.333481020424173,80.333481020424173,1,95.723246721094711,95.723246721094711
972,BPLUS_CONTINUOUS,0,ATU1,293,57.476507409896605,59.098537058947514,40.674921696909138,0.18088737201365188,83.207794070776117,248.11171357727278,0.40955631399317405,106.79604750027062,272.55402343459434,0.57337883959044367,127.25533954027313,258.87847161161267
972,BPLUS_CONTINUOUS,0,ATU5,293,65.468688930976498,66.249561375033295,43.837948801575948,0.15017064846416384,110.67009302833526,217.77345323755955,0.72013651877133111,142.04352661795338,186.17981852058873,0.95904436860068254,169.25530141197103,171.06800855906985
972,BPLUS_CONTINUOUS,0,MJ3,293,57.516529312457109,70.488055064486446,54.986507593608941,0.28327645051194539,13.193877259274814,529.73262527998702,0.29010238907849828,16.934158130616197,1023.3335597061871,0.29692832764505117,20.17829398353706,1987.1431188139793
972,BPLUS_CONTINUOUS,0,MJ1,293,65.790696965530515,72.8334032590692,52.868433243217346,0.29692832764505117,63.572658182608286,413.93387727680209,0.34812286689419797,81.594623422095992,660.85369677641438,0.38566552901023893,97.225990579971963,1058.2049404041484
972,BPLUS_CONTINUOUS,1,ATU1,293,57.476507409896605,59.098537058947514,40.674921696909138,0.18088737201365188,83.207794070776117,248.11171357727278,0.40955631399317405,106.79604750027062,272.55402343459434,0.57337883959044367,127.25533954027313,258.87847161161267
972,BPLUS_CONTINUOUS,1,ATU5,293,65.468688930976498,66.249561375033295,43.837948801575948,0.15017064846416384,110.67009302833526,217.77345323755955,0.72013651877133111,142.04352661795338,186.17981852058873,0.95904436860068254,169.25530141197103,171.06800855906985
972,BPLUS_CONTINUOUS,1,MJ3,293,57.516529312457109,70.488055064486446,54.986507593608941,0.28327645051194539,13.193877259274814,529.73262527998702,0.29010238907849828,16.934158130616197,1023.3335597061871,0.29692832764505117,20.17829398353706,1987.1431188139793
972,BPLUS_CONTINUOUS,1,MJ1,293,65.790696965530515,72.8334032590692,52.868433243217346,0.29692832764505117,63.572658182608286,413.93387727680209,0.34812286689419797,81.594623422095992,660.85369677641438,0.38566552901023893,97.225990579971963,1058.2049404041484
972,BPLUS_CONTINUOUS,2,ATU1,293,57.476507409896605,59.098537058947514,40.674921696909138,0.18088737201365188,83.207794070776117,248.11171357727278,0.40955631399317405,106.79604750027062,272.55402343459434,0.57337883959044367,127.25533954027313,258.87847161161267
972,BPLUS_CONTINUOUS,2,ATU5,293,65.468688930976498,66.249561375033295,43.837948801575948,0.15017064846416384,110.67009302833526,217.77345323755955,0.72013651877133111,142.04352661795338,186.17981852058873,0.95904436860068254,169.25530141197103,171.06800855906985
972,BPLUS_CONTINUOUS,2,MJ3,293,57.516529312457109,70.488055064486446,54.986507593608941,0.28327645051194539,13.193877259274814,529.73262527998702,0.29010238907849828,16.934158130616197,1023.3335597061871,0.29692832764505117,20.17829398353706,1987.1431188139793
972,BPLUS_CONTINUOUS,2,MJ1,293,65.790696965530515,72.8334032590692,52.868433243217346,0.29692832764505117,63.572658182608286,413.93387727680209,0.34812286689419797,81.594623422095992,660.85369677641438,0.38566552901023893,97.225990579971963,1058.2049404041484
972,DRIFT1,0,ATU1,293,7.8661243635120321,8.8563703598802768,5.5294076201232309,0.38225255972696248,16.002649423331377,33.815370137897183,0.46757679180887374,20.539178174710287,29.216779180360739,1,24.473940315949449,24.473940315949449
972,DRIFT1,0,ATU5,293,11.944607547412016,14.045583853552262,9.7588403068450109,0.31399317406143346,14.52958903718968,78.404004433438573,0.34470989761092152,18.648525637577222,118.80775581558001,0.37542662116040953,22.221088865010415,176.81670066707966
972,DRIFT1,0,MJ3,293,7.6510266597893963,8.8792756991527231,7.0121457652155481,0.13993174061433447,3.3147155570663926,64.778822740073849,0.16040955631399317,4.2543913588338,119.19970159230039,0.17747440273037543,5.0694199792760628,221.41458745142049
972,DRIFT1,0,MJ1,293,7.0875983650200816,10.596795929947485,5.8357014043820268,0.7337883959044369,24.45191148740787,42.087791671693999,0.80204778156996592,31.383688629702196,50.568989975885607,0.86006825938566556,37.395971537138173,55.616478851514486
972,DRIFT1,1,ATU1,293,7.8661243635120321,8.8563703598802768,5.5294076201232309,0.38225255972696248,16.002649423331377,33.815370137897183,0.46757679180887374,20.539178174710287,29.216779180360739,1,24.473940315949449,24.473940315949449
972,DRIFT1,1,ATU5,293,11.944607547412016,14.045583853552262,9.7588403068450109,0.31399317406143346,14.52958903718968,78.404004433438573,0.34470989761092152,18.648525637577222,118.80775581558001,0.37542662116040953,22.221088865010415,176.81670066707966
972,DRIFT1,1,MJ3,293,7.6510266597893963,8.8792756991527231,7.0121457652155481,0.13993174061433447,3.3147155570663926,64.778822740073849,0.16040955631399317,4.2543913588338,119.19970159230039,0.17747440273037543,5.0694199792760628,221.41458745142049
972,DRIFT1,1,MJ1,293,7.0875983650200816,10.596795929947485,5.8357014043820268,0.7337883959044369,24.45191148740787,42.087791671693999,0.80204778156996592,31.383688629702196,50.568989975885607,0.86006825938566556,37.395971537138173,55.616478851514486
972,DRIFT1,2,ATU1,293,7.8661243635120321,8.8563703598802768,5.5294076201232309,0.38225255972696248,16.002649423331377,33.815370137897183,0.46757679180887374,20.539178174710287,29.216779180360739,1,24.473940315949449,24.473940315949449
972,DRIFT1,2,ATU5,293,11.944607547412016,14.045583853552262,9.7588403068450109,0.31399317406143346,14.52958903718968,78.404004433438573,0.34470989761092152,18.648525637577222,118.80775581558001,0.37542662116040953,22.221088865010415,176.81670066707966
972,DRIFT1,2,MJ3,293,7.6510266597893963,8.8792756991527231,7.0121457652155481,0.13993174061433447,3.3147155570663926,64.778822740073849,0.16040955631399317,4.2543913588338,119.19970159230039,0.17747440273037543,5.0694199792760628,221.41458745142049
972,DRIFT1,2,MJ1,293,7.0875983650200816,10.596795929947485,5.8357014043820268,0.7337883959044369,24.45191148740787,42.087791671693999,0.80204778156996592,31.383688629702196,50.568989975885607,0.86006825938566556,37.395971537138173,55.616478851514486
972,RR_COND,0,ATU1,293,35.279213172535364,37.847675576320327,22.454017142980355,0.87713310580204773,97.025573353116286,100.18796249163195,1,124.53097520824282,124.53097520824282,1,148.38780932755137,148.38780932755137
972,RR_COND,0,ATU5,293,46.457415524196662,49.054129410252735,30.440487591994483,0.46416382252559729,96.62357078653281,157.00758518345822,0.78498293515358364,124.01501049994202,141.25613053884575,1,147.77299945693835,147.77299945693835
972,RR_COND,0,MJ3,293,45.630178826295534,54.991393676985446,38.844056071555286,0.32764505119453924,48.633918319379518,327.7622560673978,0.33447098976109213,62.420958384533598,528.45652872853282,0.35153583617747441,74.37915952491538,848.63074856509604
972,RR_COND,0,MJ1,293,46.414600565561358,52.45979169707779,41.504295524402963,0.11262798634812286,24.886428884277954,372.63723281304829,0.26279863481228671,31.941385670875661,671.17972167466394,0.2696245733788396,38.060508549474314,1226.972234201625
972,RR_COND,1,ATU1,293,35.279213172535364,37.847675576320327,22.454017142980355,0.87713310580204773,97.025573353116286,100.18796249163195,1,124.53097520824282,124.53097520824282,1,148.38780932755137,148.38780932755137
972,RR_COND,1,ATU5,293,46.457415524196662,49.054129410252735,30.440487591994483,0.46416382252559729,96.62357078653281,157.00758518345822,0.78498293515358364,124.01501049994202,141.25613053884575,1,147.77299945693835,147.77299945693835
972,RR_COND,1,MJ3,293,45.630178826295534,54.991393676985446,38.844056071555286,0.32764505119453924,48.633918319379518,327.7622560673978,0.33447098976109213,62.420958384533598,528.45652872853282,0.35153583617747441,74.37915952491538,848.63074856509604
972,RR_COND,1,MJ1,293,46.414600565561358,52.45979169707779,41.504295524402963,0.11262798634812286,24.886428884277954,372.63723281304829,0.26279863481228671,31.941385670875661,671.17972167466394,0.2696245733788396,38.060508549474314,1226.972234201625
972,RR_COND,2,ATU1,293,35.279213172535364,37.847675576320327,22.454017142980355,0.87713310580204773,97.025573353116286,100.18796249163195,1,124.53097520824282,124.53097520824282,1,148.38780932755137,148.38780932755137
972,RR_COND,2,ATU5,293,46.457415524196662,49.054129410252735,30.440487591994483,0.46416382252559729,96.62357078653281,157.00758518345822,0.78498293515358364,124.01501049994202,141.25613053884575,1,147.77299945693835,147.77299945693835
972,RR_COND,2,MJ3,293,45.630178826295534,54.991393676985446,38.844056071555286,0.32764505119453924,48.633918319379518,327.7622560673978,0.33447098976109213,62.420958384533598,528.45652872853282,0.35153583617747441,74.37915952491538,848.63074856509604
972,RR_COND,2,MJ1,293,46.414600565561358,52.45979169707779,41.504295524402963,0.11262798634812286,24.886428884277954,372.63723281304829,0.26279863481228671,31.941385670875661,671.17972167466394,0.2696245733788396,38.060508549474314,1226.972234201625
972,BPLUS_ORIGIN_ANCHOR,0,ATU1,293,21.763310770114789,25.743540435310912,15.038329651198254,0.94539249146757676,83.1557601286992,83.427863755657469,1,106.72926265863724,106.72926265863724,1,127.17576049313493,127.17576049313493
972,BPLUS_ORIGIN_ANCHOR,0,ATU5,293,16.810277394996838,19.632640630849419,13.531127178805539,1,110.64755391641279,110.64755391641279,1,142.01459798098631,142.01459798098631,1,169.2208308149234,169.2208308149234
972,BPLUS_ORIGIN_ANCHOR,0,MJ3,293,53.209450545262904,66.65708459914589,51.306204962911714,0.30034129692832767,12.942081843219512,496.63729099092484,0.30716723549488056,16.610982212858744,958.44164714290059,0.31058020477815701,19.793206125811139,1859.4876995932323
972,BPLUS_ORIGIN_ANCHOR,0,MJ1,293,38.66403864984386,49.700192833440141,31.476386727546814,0.44368600682593856,63.620608235537624,243.38582804129567,0.49829351535836175,81.656166648755061,345.78956237713476,0.55290102389078499,97.299323857637319,476.21690642578449
972,BPLUS_ORIGIN_ANCHOR,1,ATU1,293,21.763310770114789,25.743540435310912,15.038329651198254,0.94539249146757676,83.1557601286992,83.427863755657469,1,106.72926265863724,106.72926265863724,1,127.17576049313493,127.17576049313493
972,BPLUS_ORIGIN_ANCHOR,1,ATU5,293,16.810277394996838,19.632640630849419,13.531127178805539,1,110.64755391641279,110.64755391641279,1,142.01459798098631,142.01459798098631,1,169.2208308149234,169.2208308149234
972,BPLUS_ORIGIN_ANCHOR,1,MJ3,293,53.209450545262904,66.65708459914589,51.306204962911714,0.30034129692832767,12.942081843219512,496.63729099092484,0.30716723549488056,16.610982212858744,958.44164714290059,0.31058020477815701,19.793206125811139,1859.4876995932323
972,BPLUS_ORIGIN_ANCHOR,1,MJ1,293,38.66403864984386,49.700192833440141,31.476386727546814,0.44368600682593856,63.620608235537624,243.38582804129567,0.49829351535836175,81.656166648755061,345.78956237713476,0.55290102389078499,97.299323857637319,476.21690642578449
972,BPLUS_ORIGIN_ANCHOR,2,ATU1,293,21.763310770114789,25.743540435310912,15.038329651198254,0.94539249146757676,83.1557601286992,83.427863755657469,1,106.72926265863724,106.72926265863724,1,127.17576049313493,127.17576049313493
972,BPLUS_ORIGIN_ANCHOR,2,ATU5,293,16.810277394996838,19.632640630849419,13.531127178805539,1,110.64755391641279,110.64755391641279,1,142.01459798098631,142.01459798098631,1,169.2208308149234,169.2208308149234
972,BPLUS_ORIGIN_ANCHOR,2,MJ3,293,53.209450545262904,66.65708459914589,51.306204962911714,0.30034129692832767,12.942081843219512,496.63729099092484,0.30716723549488056,16.610982212858744,958.44164714290059,0.31058020477815701,19.793206125811139,1859.4876995932323
972,BPLUS_ORIGIN_ANCHOR,2,MJ1,293,38.66403864984386,49.700192833440141,31.476386727546814,0.44368600682593856,63.620608235537624,243.38582804129567,0.49829351535836175,81.656166648755061,345.78956237713476,0.55290102389078499,97.299323857637319,476.21690642578449
972,G00_RAW_UNIFORM,0,ATU1,293,26.817182991682294,27.489559775347431,16.695209237662315,1,107.35829947411791,107.35829947411791,1,137.79288560917416,137.79288560917416,1,164.19035025041566,164.19035025041566
972,G00_RAW_UNIFORM,0,ATU5,293,21.098467890327228,22.095731215653593,17.628341610250324,1,159.45098927652134,159.45098927652134,1,204.6531291318208,204.6531291318208,1,243.85924428133191,243.85924428133191
972,G00_RAW_UNIFORM,0,MJ3,293,38.582746071940065,47.931687706986203,36.073975094890251,0.29010238907849828,13.149212136591814,339.6567498824956,0.35153583617747441,16.876831066283557,644.94840870089479,0.35153583617747441,20.109984573148722,1234.321456135586
972,G00_RAW_UNIFORM,0,MJ1,293,41.315103265897285,48.301936682516939,31.625000883875501,0.42320819112627989,58.997491985392116,238.27651181136821,0.47098976109215018,75.722461180853159,341.68685488635788,0.51535836177474403,90.22887769671631,477.22786913321863
972,G00_RAW_UNIFORM,1,ATU1,293,28.394429840841525,29.359284905180935,17.594875892372556,1,107.35829947411791,107.35829947411791,1,137.79288560917416,137.79288560917416,1,164.19035025041569,164.19035025041569
972,G00_RAW_UNIFORM,1,ATU5,293,28.503143975990028,29.089584414427268,19.854339709494244,1,159.45098927652134,159.45098927652134,1,204.6531291318208,204.6531291318208,1,243.85924428133191,243.85924428133191
972,G00_RAW_UNIFORM,1,MJ3,293,39.084090153832506,47.397839380810836,36.345640374771861,0.064846416382252553,13.149212136591814,340.18740277318642,0.09556313993174062,16.876831066283557,636.68016028871602,0.25597269624573377,20.109984573148722,1206.9199877365404
972,G00_RAW_UNIFORM,1,MJ1,293,38.433253618857492,46.370559747845519,29.630943647517345,0.45051194539249145,58.997491985392131,224.98281903566783,0.50853242320819114,75.722461180853145,320.65166759756858,0.5460750853242321,90.22887769671631,441.01546589140514
972,G00_RAW_UNIFORM,2,ATU1,293,26.246437560615089,27.091739704683324,16.491942969995069,1,107.35829947411791,107.35829947411791,1,137.79288560917416,137.79288560917416,1,164.19035025041566,164.19035025041566
972,G00_RAW_UNIFORM,2,ATU5,293,28.73717640274533,29.272627752740476,19.922634558048884,1,159.45098927652134,159.45098927652134,1,204.6531291318208,204.6531291318208,1,243.85924428133191,243.85924428133191
972,G00_RAW_UNIFORM,2,MJ3,293,39.044957151577755,48.039913087425248,36.429205366632694,0.21160409556313994,13.149212136591814,341.32027964101434,0.34812286689419797,16.876831066283557,646.80915119437213,0.35494880546075086,20.109984573148722,1238.1646944414626
972,G00_RAW_UNIFORM,2,MJ1,293,40.614773040625764,47.876059995639395,31.085682568315185,0.43003412969283278,58.997491985392131,235.1316333189273,0.49146757679180886,75.722461180853145,337.66182659436305,0.52218430034129693,90.22887769671631,471.6751500009168
972,G10_ANCHOR_UNIFORM,0,ATU1,293,3.5523074745266832,4.1185111871595632,8.2196124487066218,1,87.993776068095116,87.993776068095116,1,112.93878889161626,112.93878889161626,1,134.57486736701026,134.57486736701026
972,G10_ANCHOR_UNIFORM,0,ATU5,293,15.258098800521257,16.595414228736729,13.11655817175938,1,118.13548790080337,118.13548790080337,1,151.62525720355472,151.62525720355472,1,180.67263761115035,180.67263761115035
972,G10_ANCHOR_UNIFORM,0,MJ3,293,27.791520754468671,33.227124958232821,22.599982081598039,0.40273037542662116,31.818759804662022,184.69105069402292,0.42320819112627989,40.838936081011525,293.73609149504347,0.43344709897610922,48.662593785968511,464.67767004410899
972,G10_ANCHOR_UNIFORM,0,MJ1,293,24.558161094966827,31.30671134757883,18.387052150896555,0.55290102389078499,63.602888932473881,120.13902450221006,0.74402730375426618,81.633424169486076,125.36050750712181,0.8225255972696246,97.272224522136625,115.91387626467875
972,G10_ANCHOR_UNIFORM,1,ATU1,293,5.5934690093651653,6.7327603276032546,8.545892518265676,1,87.993776068095087,87.993776068095087,1,112.93878889161623,112.93878889161623,1,134.57486736701026,134.57486736701026
972,G10_ANCHOR_UNIFORM,1,ATU5,293,6.4742574651153015,7.5230634257204541,11.258576298241731,1,118.13548790080337,118.13548790080337,1,151.62525720355472,151.62525720355472,1,180.67263761115035,180.67263761115035
972,G10_ANCHOR_UNIFORM,1,MJ3,293,31.433232602466852,37.868382462343973,26.526020735766181,0.34470989761092152,31.818759804662022,225.26420642517405,0.35153583617747441,40.838936081011525,369.17724499771953,0.37201365187713309,48.662593785968511,605.11385678179761
972,G10_ANCHOR_UNIFORM,1,MJ1,293,22.237430546227749,28.523948495049819,16.523974537795258,0.59044368600682595,63.602888932473881,102.69609794646682,0.77133105802047786,81.633424169486076,109.58568755729559,0.91467576791808869,97.272224522136625,100.91843513799019
972,G10_ANCHOR_UNIFORM,2,ATU1,293,5.6942609194808274,8.0519094499952892,8.7602735304511725,1,87.993776068095087,87.993776068095087,1,112.93878889161626,112.93878889161626,1,134.57486736701026,134.57486736701026
972,G10_ANCHOR_UNIFORM,2,ATU5,293,8.7581625937426519,10.788402510699932,11.768342338601594,1,118.13548790080337,118.13548790080337,1,151.62525720355472,151.62525720355472,1,180.67263761115035,180.67263761115035
972,G10_ANCHOR_UNIFORM,2,MJ3,293,32.282226728162108,38.386093292382185,27.043208471197474,0.35153583617747441,31.818759804662022,228.82296756300289,0.36177474402730375,40.838936081011525,376.75901235924141,0.38225255972696248,48.662593785968511,622.4337311939795
972,G10_ANCHOR_UNIFORM,2,MJ1,293,23.098172537418485,28.691887326043897,16.786145926927631,0.55972696245733788,63.602888932473881,102.63584558725881,0.80546075085324231,81.633424169486076,98.582146040496127,1,97.272224522136625,97.272224522136625
972,G01_RAW_BOUNDARY,0,ATU1,293,27.722212437891432,28.242701956232935,16.748377661539934,1,89.649425681458268,89.649425681458268,1,115.06379216477271,115.06379216477271,1,137.10696494345888,137.10696494345888
972,G01_RAW_BOUNDARY,0,ATU5,293,21.32021494296508,21.802506585224229,16.404596334941896,1,143.23590817333684,143.23590817333684,1,183.84129784780157,183.84129784780157,1,219.06041774708171,219.06041774708171
972,G01_RAW_BOUNDARY,0,MJ3,293,38.084193651379515,47.540851395333178,35.160930069957821,0.34812286689419797,16.277326058797826,327.69736623232586,0.37201365187713309,20.891721819642498,614.3342214212114,0.37542662116040953,24.894021978976525,1161.7087241871086
972,G01_RAW_BOUNDARY,0,MJ1,293,40.193409973123288,47.416184136904896,32.009433506981821,0.4061433447098976,47.566752783681743,255.60585006910242,0.43344709897610922,61.051266247951851,398.29931628187666,0.46757679180887374,72.747070679062745,618.58344385820567
972,G01_RAW_BOUNDARY,1,ATU1,293,24.709549017834078,25.41028109564375,15.167918106399883,1,89.649425681458268,89.649425681458268,1,115.06379216477271,115.06379216477271,1,137.10696494345888,137.10696494345888
972,G01_RAW_BOUNDARY,1,ATU5,293,24.636749760091988,25.393956868427285,17.569727001441017,1,143.23590817333684,143.23590817333684,1,183.84129784780157,183.84129784780157,1,219.06041774708171,219.06041774708171
972,G01_RAW_BOUNDARY,1,MJ3,293,37.214654419536792,45.639681328943162,34.077334159504716,0.24232081911262798,16.277326058797826,313.48325834070874,0.36177474402730375,20.891721819642498,584.27222728864979,0.37542662116040953,24.894021978976525,1101.0013415166525
972,G01_RAW_BOUNDARY,1,MJ1,293,33.819079592562737,41.622174812527348,26.896714644793963,0.44709897610921501,47.566752783681743,212.66453284830374,0.48122866894197952,61.051266247951851,318.99724591245098,0.51877133105802042,72.74707067906273,471.34162320333058
972,G01_RAW_BOUNDARY,2,ATU1,293,22.826653988337359,23.372554082378457,14.143265542774394,1,89.649425681458254,89.649425681458254,1,115.06379216477271,115.06379216477271,1,137.10696494345885,137.10696494345885
972,G01_RAW_BOUNDARY,2,ATU5,293,26.63882625309618,27.42761102253019,18.304968290585901,1,143.23590817333684,143.23590817333684,1,183.84129784780157,183.84129784780157,1,219.06041774708171,219.06041774708171
972,G01_RAW_BOUNDARY,2,MJ3,293,36.380919799790234,44.692105176317881,33.312839034316603,0.32081911262798635,16.277326058797826,306.99891221291909,0.36177474402730375,20.891721819642498,572.36892042932436,0.36860068259385664,24.894021978976525,1076.9034186580031
972,G01_RAW_BOUNDARY,2,MJ1,293,36.826870980421454,43.769916884712146,28.939627542549726,0.41296928327645049,47.566752783681743,227.23565242801007,0.46075085324232085,61.051266247951851,345.06288833306797,0.4948805460750853,72.747070679062716,518.85634976612255
972,G11_ANCHOR_BOUNDARY,0,ATU1,293,3.7667372012364253,4.5685160356811219,5.5694374672790854,1,57.013828471820709,57.013828471820709,1,73.176456624600618,73.176456624600618,1,87.195126150094879,87.195126150094879
972,G11_ANCHOR_BOUNDARY,0,ATU5,293,14.991359765269483,17.084446427982098,11.469641927497154,1,90.977477985128871,90.977477985128871,1,116.76832884297164,116.76832884297164,1,139.13804566994827,139.13804566994827
972,G11_ANCHOR_BOUNDARY,0,MJ3,293,27.833750247619449,33.747428877442253,25.291244531390507,0.17747440273037543,13.160284071840579,231.12936101982163,0.2696245733788396,16.891041741328081,423.93423447100332,0.35494880546075086,20.126917636874168,789.80107160956743
972,G11_ANCHOR_BOUNDARY,0,MJ1,293,25.621600462817089,32.760862475070667,20.760890278763913,0.44368600682593856,42.174061375442477,161.87379090255192,0.49829351535836175,54.129821758043363,229.83571594148117,0.5460750853242321,64.499660879835574,316.68741594947352
972,G11_ANCHOR_BOUNDARY,1,ATU1,293,5.9859821957950032,7.9207754949204192,6.2913679112139897,1,57.013828471820709,57.013828471820709,1,73.176456624600618,73.176456624600618,1,87.195126150094879,87.195126150094879
972,G11_ANCHOR_BOUNDARY,1,ATU5,293,6.6432583919754382,8.1801181868469932,9.038817653166074,1,90.977477985128871,90.977477985128871,1,116.76832884297164,116.76832884297164,1,139.13804566994827,139.13804566994827
972,G11_ANCHOR_BOUNDARY,1,MJ3,293,32.32101897559761,39.219396968373644,29.84101756788046,0.2696245733788396,13.160284071840579,277.7060521468664,0.32764505119453924,16.891041741328081,519.82968816214577,0.33105802047781568,20.126917636874168,982.70247952719797
972,G11_ANCHOR_BOUNDARY,1,MJ1,293,22.252627266067826,28.918144764585339,17.544134219208022,0.51877133105802042,42.174061375442484,131.59176840219399,0.55290102389078499,54.129821758043363,178.27066307434049,0.64846416382252559,64.499660879835574,228.69981475248258
972,G11_ANCHOR_BOUNDARY,2,ATU1,293,3.3484693957985376,4.1356978446537465,5.5024870489581623,1,57.013828471820709,57.013828471820709,1,73.176456624600618,73.176456624600618,1,87.195126150094879,87.195126150094879
972,G11_ANCHOR_BOUNDARY,2,ATU5,293,10.133359393301461,13.242182830149224,10.212727810527765,1,90.977477985128871,90.977477985128871,1,116.76832884297164,116.76832884297164,1,139.13804566994827,139.13804566994827
972,G11_ANCHOR_BOUNDARY,2,MJ3,293,30.794943122598692,36.641970658530063,28.154178521392112,0.12286689419795221,13.160284071840579,259.10703662304633,0.21501706484641639,16.891041741328081,477.7037990469081,0.32081911262798635,20.126917636874168,894.1729874206859
972,G11_ANCHOR_BOUNDARY,2,MJ1,293,22.046630299225622,27.528149466105802,16.828464511933625,0.50853242320819114,42.174061375442484,122.98716343103041,0.55290102389078499,54.129821758043363,160.29509186530211,0.60409556313993173,64.499660879835574,187.77804258518242
1168,BPLUS_CONTINUOUS,0,ATU1,293,5.4317941274103108,8.0682459891575906,13.601647893891817,1,144.19153557925756,144.19153557925756,1,185.06783234465951,185.06783234465951,1,220.52192374387553,220.52192374387553
1168,BPLUS_CONTINUOUS,0,ATU5,293,8.1080330697934144,9.1150067099766563,15.216987001588146,1,161.12809466238272,161.12809466238272,1,206.80567059084657,206.80567059084657,1,246.42415563015442,246.42415563015442
1168,BPLUS_CONTINUOUS,0,MJ3,293,8.7790588990733696,13.016273948901418,15.915767964841843,1,163.05613136385227,163.05613136385227,1,209.28027890671277,209.28027890671277,1,249.37283330911032,249.37283330911032
1168,BPLUS_CONTINUOUS,0,MJ1,293,5.287870905170764,6.2971662230627254,14.845229978614775,1,160.04401761470442,160.04401761470442,1,205.41427276362714,205.41427276362714,1,244.76620285865363,244.76620285865363
1168,BPLUS_CONTINUOUS,1,ATU1,293,5.4317941274103108,8.0682459891575906,13.601647893891817,1,144.19153557925756,144.19153557925756,1,185.06783234465951,185.06783234465951,1,220.52192374387553,220.52192374387553
1168,BPLUS_CONTINUOUS,1,ATU5,293,8.1080330697934144,9.1150067099766563,15.216987001588146,1,161.12809466238272,161.12809466238272,1,206.80567059084657,206.80567059084657,1,246.42415563015442,246.42415563015442
1168,BPLUS_CONTINUOUS,1,MJ3,293,8.7790588990733696,13.016273948901418,15.915767964841843,1,163.05613136385227,163.05613136385227,1,209.28027890671277,209.28027890671277,1,249.37283330911032,249.37283330911032
1168,BPLUS_CONTINUOUS,1,MJ1,293,5.287870905170764,6.2971662230627254,14.845229978614775,1,160.04401761470442,160.04401761470442,1,205.41427276362714,205.41427276362714,1,244.76620285865363,244.76620285865363
1168,BPLUS_CONTINUOUS,2,ATU1,293,5.4317941274103108,8.0682459891575906,13.601647893891817,1,144.19153557925756,144.19153557925756,1,185.06783234465951,185.06783234465951,1,220.52192374387553,220.52192374387553
1168,BPLUS_CONTINUOUS,2,ATU5,293,8.1080330697934144,9.1150067099766563,15.216987001588146,1,161.12809466238272,161.12809466238272,1,206.80567059084657,206.80567059084657,1,246.42415563015442,246.42415563015442
1168,BPLUS_CONTINUOUS,2,MJ3,293,8.7790588990733696,13.016273948901418,15.915767964841843,1,163.05613136385227,163.05613136385227,1,209.28027890671277,209.28027890671277,1,249.37283330911032,249.37283330911032
1168,BPLUS_CONTINUOUS,2,MJ1,293,5.287870905170764,6.2971662230627254,14.845229978614775,1,160.04401761470442,160.04401761470442,1,205.41427276362714,205.41427276362714,1,244.76620285865363,244.76620285865363
1168,DRIFT1,0,ATU1,293,12.87236415119731,19.244197895113508,10.391273089591339,0.6348122866894198,24.040945036054495,83.534396412335539,0.65870307167235498,30.856218899854301,125.70060868151502,0.67918088737201365,36.767452587793521,187.26994335360538
1168,DRIFT1,0,ATU5,293,4.2142148646442621,6.9817034172927084,4.4684197824659497,0.95563139931740615,36.168479848781772,39.548750461941857,0.96928327645051193,46.421741317376245,49.418374826622717,0.98293515358361772,55.314916531704732,57.228747260051691
1168,DRIFT1,0,MJ3,293,10.867921588627034,12.334873689346734,7.7586934213917313,0.43003412969283278,20.585535068818899,48.279341548399046,0.61433447098976113,26.421248220546204,53.688599478577856,0.75767918088737196,31.482859076548721,54.572407489737756
1168,DRIFT1,0,MJ1,293,8.4848805118825315,13.350163123557049,7.721670837624254,0.57679180887372017,7.7808997822346564,70.037403852582543,0.60068259385665534,9.9866767532805625,125.42888068672788,0.61433447098976113,11.899859319367351,227.77879847108719
1168,DRIFT1,1,ATU1,293,12.87236415119731,19.244197895113508,10.391273089591339,0.6348122866894198,24.040945036054495,83.534396412335539,0.65870307167235498,30.856218899854301,125.70060868151502,0.67918088737201365,36.767452587793521,187.26994335360538
1168,DRIFT1,1,ATU5,293,4.2142148646442621,6.9817034172927084,4.4684197824659497,0.95563139931740615,36.168479848781772,39.548750461941857,0.96928327645051193,46.421741317376245,49.418374826622717,0.98293515358361772,55.314916531704732,57.228747260051691
1168,DRIFT1,1,MJ3,293,10.867921588627034,12.334873689346734,7.7586934213917313,0.43003412969283278,20.585535068818899,48.279341548399046,0.61433447098976113,26.421248220546204,53.688599478577856,0.75767918088737196,31.482859076548721,54.572407489737756
1168,DRIFT1,1,MJ1,293,8.4848805118825315,13.350163123557049,7.721670837624254,0.57679180887372017,7.7808997822346564,70.037403852582543,0.60068259385665534,9.9866767532805625,125.42888068672788,0.61433447098976113,11.899859319367351,227.77879847108719
1168,DRIFT1,2,ATU1,293,12.87236415119731,19.244197895113508,10.391273089591339,0.6348122866894198,24.040945036054495,83.534396412335539,0.65870307167235498,30.856218899854301,125.70060868151502,0.67918088737201365,36.767452587793521,187.26994335360538
1168,DRIFT1,2,ATU5,293,4.2142148646442621,6.9817034172927084,4.4684197824659497,0.95563139931740615,36.168479848781772,39.548750461941857,0.96928327645051193,46.421741317376245,49.418374826622717,0.98293515358361772,55.314916531704732,57.228747260051691
1168,DRIFT1,2,MJ3,293,10.867921588627034,12.334873689346734,7.7586934213917313,0.43003412969283278,20.585535068818899,48.279341548399046,0.61433447098976113,26.421248220546204,53.688599478577856,0.75767918088737196,31.482859076548721,54.572407489737756
1168,DRIFT1,2,MJ1,293,8.4848805118825315,13.350163123557049,7.721670837624254,0.57679180887372017,7.7808997822346564,70.037403852582543,0.60068259385665534,9.9866767532805625,125.42888068672788,0.61433447098976113,11.899859319367351,227.77879847108719
1168,RR_COND,0,ATU1,293,11.605648621437904,12.20026770917112,11.155040165623639,1,106.8659883899586,106.8659883899586,1,137.16101117342038,137.16101117342038,1,163.43742542079167,163.43742542079167
1168,RR_COND,0,ATU5,293,13.912059377385877,14.345710269854921,13.033346795430305,1,124.58359018251168,124.58359018251168,1,159.90130688440763,159.90130688440763,1,190.53415905169277,190.53415905169277
1168,RR_COND,0,MJ3,293,14.611218165582468,17.030816367209294,14.995204533896834,1,141.99387208260441,141.99387208260441,1,182.24716178369547,182.24716178369547,1,217.16088746614423,217.16088746614423
1168,RR_COND,0,MJ1,293,5.1440200290703739,5.7760603298007736,13.125369866142059,1,141.31199298458344,141.31199298458344,1,181.37197943623732,181.37197943623732,1,216.11804337788183,216.11804337788183
1168,RR_COND,1,ATU1,293,11.605648621437904,12.20026770917112,11.155040165623639,1,106.8659883899586,106.8659883899586,1,137.16101117342038,137.16101117342038,1,163.43742542079167,163.43742542079167
1168,RR_COND,1,ATU5,293,13.912059377385877,14.345710269854921,13.033346795430305,1,124.58359018251168,124.58359018251168,1,159.90130688440763,159.90130688440763,1,190.53415905169277,190.53415905169277
1168,RR_COND,1,MJ3,293,14.611218165582468,17.030816367209294,14.995204533896834,1,141.99387208260441,141.99387208260441,1,182.24716178369547,182.24716178369547,1,217.16088746614423,217.16088746614423
1168,RR_COND,1,MJ1,293,5.1440200290703739,5.7760603298007736,13.125369866142059,1,141.31199298458344,141.31199298458344,1,181.37197943623732,181.37197943623732,1,216.11804337788183,216.11804337788183
1168,RR_COND,2,ATU1,293,11.605648621437904,12.20026770917112,11.155040165623639,1,106.8659883899586,106.8659883899586,1,137.16101117342038,137.16101117342038,1,163.43742542079167,163.43742542079167
1168,RR_COND,2,ATU5,293,13.912059377385877,14.345710269854921,13.033346795430305,1,124.58359018251168,124.58359018251168,1,159.90130688440763,159.90130688440763,1,190.53415905169277,190.53415905169277
1168,RR_COND,2,MJ3,293,14.611218165582468,17.030816367209294,14.995204533896834,1,141.99387208260441,141.99387208260441,1,182.24716178369547,182.24716178369547,1,217.16088746614423,217.16088746614423
1168,RR_COND,2,MJ1,293,5.1440200290703739,5.7760603298007736,13.125369866142059,1,141.31199298458344,141.31199298458344,1,181.37197943623732,181.37197943623732,1,216.11804337788183,216.11804337788183
1168,BPLUS_ORIGIN_ANCHOR,0,ATU1,293,5.4255454184531029,8.0669015316032269,6.0196086374593012,0.97610921501706482,53.660714128933485,55.011636197565146,0.99317406143344711,68.872780957724657,69.083549791314539,1,82.066980295650865,82.066980295650865
1168,BPLUS_ORIGIN_ANCHOR,0,ATU5,293,8.0941808205370087,9.1018113368732525,5.5563212640318689,1,36.987437296946375,36.987437296946375,1,47.472861822511796,47.472861822511796,1,56.567403865362174,56.567403865362174
1168,BPLUS_ORIGIN_ANCHOR,0,MJ3,293,8.772121772678739,13.011596087880793,14.952087229516275,1,151.65520159560677,151.65520159560677,1,194.6473439674551,194.6473439674551,1,231.93661588578968,231.93661588578968
1168,BPLUS_ORIGIN_ANCHOR,0,MJ1,293,5.274823710948449,6.2853431403093722,9.0018103877955404,1,94.038940853770569,94.038940853770569,1,120.69767389521111,120.69767389521111,1,143.82014908573584,143.82014908573584
1168,BPLUS_ORIGIN_ANCHOR,1,ATU1,293,5.4255454184531029,8.0669015316032269,6.0196086374593012,0.97610921501706482,53.660714128933485,55.011636197565146,0.99317406143344711,68.872780957724657,69.083549791314539,1,82.066980295650865,82.066980295650865
1168,BPLUS_ORIGIN_ANCHOR,1,ATU5,293,8.0941808205370087,9.1018113368732525,5.5563212640318689,1,36.987437296946375,36.987437296946375,1,47.472861822511796,47.472861822511796,1,56.567403865362174,56.567403865362174
1168,BPLUS_ORIGIN_ANCHOR,1,MJ3,293,8.772121772678739,13.011596087880793,14.952087229516275,1,151.65520159560677,151.65520159560677,1,194.6473439674551,194.6473439674551,1,231.93661588578968,231.93661588578968
1168,BPLUS_ORIGIN_ANCHOR,1,MJ1,293,5.274823710948449,6.2853431403093722,9.0018103877955404,1,94.038940853770569,94.038940853770569,1,120.69767389521111,120.69767389521111,1,143.82014908573584,143.82014908573584
1168,BPLUS_ORIGIN_ANCHOR,2,ATU1,293,5.4255454184531029,8.0669015316032269,6.0196086374593012,0.97610921501706482,53.660714128933485,55.011636197565146,0.99317406143344711,68.872780957724657,69.083549791314539,1,82.066980295650865,82.066980295650865
1168,BPLUS_ORIGIN_ANCHOR,2,ATU5,293,8.0941808205370087,9.1018113368732525,5.5563212640318689,1,36.987437296946375,36.987437296946375,1,47.472861822511796,47.472861822511796,1,56.567403865362174,56.567403865362174
1168,BPLUS_ORIGIN_ANCHOR,2,MJ3,293,8.772121772678739,13.011596087880793,14.952087229516275,1,151.65520159560677,151.65520159560677,1,194.6473439674551,194.6473439674551,1,231.93661588578968,231.93661588578968
1168,BPLUS_ORIGIN_ANCHOR,2,MJ1,293,5.274823710948449,6.2853431403093722,9.0018103877955404,1,94.038940853770569,94.038940853770569,1,120.69767389521111,120.69767389521111,1,143.82014908573584,143.82014908573584
1168,G00_RAW_UNIFORM,0,ATU1,293,9.379677830832323,14.63370602721346,8.9099659600080727,0.94539249146757676,66.548528589533376,72.832381186495766,0.97610921501706482,85.414111739047428,91.163169868908227,0.97952218430034133,101.77719162177574,105.61657430194977
1168,G00_RAW_UNIFORM,0,ATU5,293,8.8551633628879411,13.024526383081904,8.217705007751734,0.96928327645051193,62.897882185541228,66.141740289924272,0.97610921501706482,80.728557806012972,82.863329102666157,0.9965870307167235,96.194009747174505,96.543391980331378
1168,G00_RAW_UNIFORM,0,MJ3,293,18.734514083497661,22.953081180268821,14.188048728831014,0.96245733788395904,101.58259624220292,102.51605287541332,1,130.37985076560653,130.37985076560653,1,155.35717441551742,155.35717441551742
1168,G00_RAW_UNIFORM,0,MJ1,293,5.385401206229723,7.0024272896762403,9.0627677938351621,1,93.572614177959167,93.572614177959167,1,120.09915008651313,120.09915008651313,1,143.10696397934319,143.10696397934319
1168,G00_RAW_UNIFORM,1,ATU1,293,8.825693433019195,13.491496605745223,8.4820389031070675,0.94880546075085326,66.548528589533362,72.637514102738962,0.96928327645051193,85.414111739047428,89.608399183955171,0.98976109215017061,101.77719162177574,103.39217261910892
1168,G00_RAW_UNIFORM,1,ATU5,293,7.3404100945020962,9.6332069264466238,7.1556805016842953,0.98634812286689422,62.897882185541228,63.402928560463977,1,80.728557806012972,80.728557806012972,1,96.194009747174505,96.194009747174505
1168,G00_RAW_UNIFORM,1,MJ3,293,16.764221976572447,20.418043503450367,13.221801332629642,0.9965870307167235,101.58259624220297,101.58317825443743,1,130.37985076560653,130.37985076560653,1,155.35717441551742,155.35717441551742
1168,G00_RAW_UNIFORM,1,MJ1,293,5.3755374137126175,6.8380078837922902,9.0384022825901678,1,93.572614177959167,93.572614177959167,1,120.09915008651313,120.09915008651313,1,143.10696397934322,143.10696397934322
1168,G00_RAW_UNIFORM,2,ATU1,293,10.982354028653225,15.804351328210061,9.4038870744981047,0.93515358361774747,66.548528589533376,74.012382523405208,0.96587030716723554,85.414111739047428,91.2191890269266,0.98293515358361772,101.77719162177576,105.0970981515482
1168,G00_RAW_UNIFORM,2,ATU5,293,8.9986324719479391,12.444209726013948,8.0485173835438175,0.97269624573378843,62.897882185541228,64.996785605705483,0.98976109215017061,80.728557806012972,81.401528086012036,1,96.194009747174505,96.194009747174505
1168,G00_RAW_UNIFORM,2,MJ3,293,23.052540310027076,26.455997486018184,15.7795100623767,0.95221843003412965,101.58259624220294,103.134661244577,1,130.37985076560653,130.37985076560653,1,155.35717441551742,155.35717441551742
1168,G00_RAW_UNIFORM,2,MJ1,293,10.11876093095041,11.936486284885182,10.060351293998787,1,93.572614177959181,93.572614177959181,1,120.09915008651313,120.09915008651313,1,143.10696397934322,143.10696397934322
1168,G10_ANCHOR_UNIFORM,0,ATU1,293,7.280684377036005,11.644052226693148,5.7235750989926153,0.74061433447098979,19.001081890362684,42.878575849908856,0.82935153583617749,24.387624582303488,60.303361322498965,0.9078498293515358,29.059647051019166,89.689156643373238
1168,G10_ANCHOR_UNIFORM,0,ATU5,293,3.5949218082964327,6.6275435405974656,3.5045437466336815,0.93515358361774747,24.014640484886741,30.474570029293872,0.94539249146757676,30.82245737393783,39.84356896847725,0.96245733788395904,36.727223248370819,49.273999100530659
1168,G10_ANCHOR_UNIFORM,0,MJ3,293,13.364983761822204,18.368738458400166,11.449405286444151,0.95904436860068254,84.285630041123113,85.46399814880877,1,108.17943499145622,108.17943499145622,1,128.9037474076722,128.9037474076722
1168,G10_ANCHOR_UNIFORM,0,MJ1,293,3.1348390878753687,3.6769030792043185,5.2607385648303886,1,54.959057420603834,54.959057420603834,1,70.539186531834034,70.539186531834034,1,84.052625009183458,84.052625009183458
1168,G10_ANCHOR_UNIFORM,1,ATU1,293,10.533820364672076,14.460844120045188,7.8756100042293369,0.64163822525597269,19.001081890362684,58.133508646827643,0.67918088737201365,24.387624582303488,84.111007921017048,0.75085324232081907,29.059647051019166,122.76434160500371
1168,G10_ANCHOR_UNIFORM,1,ATU5,293,7.3815699194766244,9.4914033975446905,5.0152132602493023,0.9112627986348123,24.014640484886741,34.471814459611487,0.93174061433447097,30.82245737393783,46.090979769173238,0.94539249146757676,36.727223248370819,60.293392991715066
1168,G10_ANCHOR_UNIFORM,1,MJ3,293,13.926191179847347,18.925873631035262,11.678655215008716,0.96928327645051193,84.285630041123113,85.336844443715918,1,108.17943499145622,108.17943499145622,1,128.9037474076722,128.9037474076722
1168,G10_ANCHOR_UNIFORM,1,MJ1,293,4.5890015120852441,5.9279503916081495,5.652000062550397,1,54.95905742060382,54.95905742060382,1,70.539186531834034,70.539186531834034,1,84.052625009183458,84.052625009183458
1168,G10_ANCHOR_UNIFORM,2,ATU1,293,7.5867212956181405,12.444815727644134,6.1834776312318205,0.70307167235494883,19.001081890362684,48.092017066009305,0.77133105802047786,24.387624582303488,68.716326763102714,0.84982935153583616,29.059647051019166,100.25577666464747
1168,G10_ANCHOR_UNIFORM,2,ATU5,293,3.7494831261089154,6.3994559189299176,3.4883185595846653,0.94197952218430037,24.014640484886741,29.724611944312052,0.95221843003412965,30.82245737393783,38.726385366702033,0.96245733788395904,36.727223248370819,47.629324780053608
1168,G10_ANCHOR_UNIFORM,2,MJ3,293,17.269743971401617,21.37038620437735,12.747283770956249,0.93856655290102387,84.285630041123113,86.86619309400254,1,108.17943499145622,108.17943499145622,1,128.9037474076722,128.9037474076722
1168,G10_ANCHOR_UNIFORM,2,MJ1,293,4.6153070891407726,6.6327233139301844,5.8080526364853009,1,54.959057420603827,54.959057420603827,1,70.539186531834034,70.539186531834034,1,84.052625009183458,84.052625009183458
1168,G01_RAW_BOUNDARY,0,ATU1,293,7.7380044726823636,12.865249173272584,7.8789305372691523,0.94197952218430037,60.512414261181668,67.280722152758287,0.97610921501706482,77.66684287166953,83.733222339447863,0.97610921501706482,92.545751383077175,97.569134238097789
1168,G01_RAW_BOUNDARY,0,ATU5,293,5.9067204931258059,9.4905600607140972,6.56128650310397,0.97610921501706482,55.988386061096897,58.891545701208322,0.97610921501706482,71.860315539171779,73.874706275144675,0.9965870307167235,85.626847317409329,85.703149275021758
1168,G01_RAW_BOUNDARY,0,MJ3,293,15.618452878756356,20.08998473839991,12.85634583973164,0.98976109215017061,97.720271703390168,97.798781234002618,1,125.42261088784127,125.42261088784127,1,149.45025877029164,149.45025877029164
1168,G01_RAW_BOUNDARY,0,MJ1,293,4.3858386589508012,5.8745076402939844,8.2071863962922613,1,85.52387301769663,85.52387301769663,1,109.76870264624533,109.76870264624533,1,130.79747662110648,130.79747662110648
1168,G01_RAW_BOUNDARY,1,ATU1,293,7.0830431690347337,11.622133293496539,7.4810143753952039,0.94880546075085326,60.512414261181661,65.769014602209168,0.96928327645051193,77.66684287166953,80.980734381581556,0.98976109215017061,92.545751383077175,93.153995140199513
1168,G01_RAW_BOUNDARY,1,ATU5,293,5.6592168135635204,7.2717064957143966,6.0316084083208219,0.9965870307167235,55.988386061096897,55.992230396093248,1,71.860315539171779,71.860315539171779,1,85.626847317409329,85.626847317409329
1168,G01_RAW_BOUNDARY,1,MJ3,293,17.000201769610541,20.151807099985295,12.932523602276062,1,97.720271703390168,97.720271703390168,1,125.42261088784133,125.42261088784133,1,149.45025877029161,149.45025877029161
1168,G01_RAW_BOUNDARY,1,MJ1,293,5.7452572337680969,7.2140852100924349,8.4138543920210029,1,85.523873017696616,85.523873017696616,1,109.76870264624533,109.76870264624533,1,130.79747662110648,130.79747662110648
1168,G01_RAW_BOUNDARY,2,ATU1,293,7.106218629199744,11.439965194814048,7.4416276235833196,0.95563139931740615,60.512414261181661,64.612110140042844,0.97610921501706482,77.666842871669516,80.861900081364297,0.98976109215017061,92.545751383077175,92.954059097180391
1168,G01_RAW_BOUNDARY,2,ATU5,293,6.5017292478370123,8.3423508129388253,6.3096051479322224,0.97952218430034133,55.988386061096897,56.470584060161649,1,71.860315539171779,71.860315539171779,1,85.626847317409329,85.626847317409329
1168,G01_RAW_BOUNDARY,2,MJ3,293,15.620496118895103,20.434806277721599,12.981027613507454,0.98293515358361772,97.720271703390168,97.929645710014341,1,125.4226108878413,125.4226108878413,1,149.45025877029161,149.45025877029161
1168,G01_RAW_BOUNDARY,2,MJ1,293,5.7670617162856566,8.1034545139011325,8.5717426950003084,1,85.52387301769663,85.52387301769663,1,109.76870264624534,109.76870264624534,1,130.79747662110648,130.79747662110648
1168,G11_ANCHOR_BOUNDARY,0,ATU1,293,9.1611615645601407,12.909720143907418,7.0025610185896587,0.6348122866894198,14.932916998317411,51.812610478953829,0.68259385665529015,19.166191471358957,78.41546442733268,0.74402730375426618,22.837925751657508,120.16161139232219
1168,G11_ANCHOR_BOUNDARY,0,ATU5,293,4.1570538906550176,7.1929308024660141,4.3188442756550192,0.95221843003412965,33.676856470996427,38.44614146053997,0.96245733788395904,43.223777333612816,48.760050637885378,0.97269624573378843,51.504307411639964,57.417265552155008
1168,G11_ANCHOR_BOUNDARY,0,MJ3,293,13.031307185827631,18.105505742754765,11.168382518030477,0.95221843003412965,80.851684376908011,82.186116211051555,1,103.77201344682408,103.77201344682408,1,123.65198071510939,123.65198071510939
1168,G11_ANCHOR_BOUNDARY,0,MJ1,293,4.4073077442546165,5.3511287928365618,5.4549392850964162,1,53.95565101185435,53.95565101185435,1,69.251328348744423,69.251328348744423,1,82.518047333278645,82.518047333278645
1168,G11_ANCHOR_BOUNDARY,1,ATU1,293,7.7028505595482812,12.304038085550136,6.2421111917817447,0.64846416382252559,14.932916998317411,49.728503831811466,0.71331058020477811,19.166191471358957,74.730969183189913,0.75767918088737196,22.837925751657508,114.87998851846304
1168,G11_ANCHOR_BOUNDARY,1,ATU5,293,3.1495303038418516,6.1986935877471669,3.9970234303656977,0.96245733788395904,33.676856470996427,37.441525088265237,0.97269624573378843,43.223777333612816,47.673034329475819,0.97610921501706482,51.504307411639964,56.107254062225806
1168,G11_ANCHOR_BOUNDARY,1,MJ3,293,14.218599847612849,18.671565994284787,11.432165435432838,0.97269624573378843,80.851684376908011,81.836985101958092,1,103.77201344682408,103.77201344682408,1,123.65198071510939,123.65198071510939
1168,G11_ANCHOR_BOUNDARY,1,MJ1,293,3.7262816071072136,5.517026623751442,5.4851880982266152,1,53.95565101185435,53.95565101185435,1,69.251328348744408,69.251328348744408,1,82.518047333278645,82.518047333278645
1168,G11_ANCHOR_BOUNDARY,2,ATU1,293,9.2738746267005574,13.319507993331012,7.2873343717149792,0.62798634812286691,14.932916998317411,56.902335630608732,0.65529010238907848,19.166191471358957,87.816027303043867,0.69965870307167233,22.837925751657508,136.16021097492771
1168,G11_ANCHOR_BOUNDARY,2,ATU5,293,4.3265714699135387,6.6345993933741374,4.2004874280003159,0.95904436860068254,33.676856470996427,36.841620053235033,0.97610921501706482,43.223777333612816,46.61582075346039,0.97952218430034133,51.504307411639964,54.400700368799377
1168,G11_ANCHOR_BOUNDARY,2,MJ3,293,13.002438381026835,18.865900911439212,11.449493750578062,0.93856655290102387,80.851684376908011,83.583827155217264,1,103.77201344682408,103.77201344682408,1,123.65198071510939,123.65198071510939
1168,G11_ANCHOR_BOUNDARY,2,MJ1,293,4.6103990538903057,6.4497413614311458,5.6881159998570352,1,53.95565101185435,53.95565101185435,1,69.251328348744423,69.251328348744423,1,82.518047333278645,82.518047333278645
