outer_days,strategy,seed,epoch,loss,gradient_norm,elapsed_seconds
432,IN,0,1,0.022657576450818246,0.2014245457280473,3.9099639169871807
432,IN,0,2,0.022238564506078022,0.19704996033898384,3.996491167228669
432,IN,0,3,0.021771196523804784,0.19454621575519382,4.104524666909128
432,IN,0,4,0.021245685270971572,0.1919331545344846,4.205428666900843
432,IN,0,5,0.020659244473803785,0.18904041668998345,4.293416624888778
432,IN,0,6,0.020010254638549982,0.18574296783908248,4.374268291983753
432,IN,0,7,0.019298308654946993,0.18189886108539247,4.464138542301953
432,IN,0,8,0.01852477100401235,0.1773317330485564,4.561117458157241
432,IN,0,9,0.017693399847275956,0.171820334647305,4.641081583220512
432,IN,0,10,0.016810983711914116,0.16510691661982851,4.71813500020653
432,IN,0,11,0.015887968222092805,0.15690981194669326,4.797297582961619
432,IN,0,12,0.014938811682553918,0.14694798679223936,4.874751792289317
432,IN,0,13,0.01398198308944413,0.1349909043791853,4.948277208022773
432,IN,0,14,0.013039068992190078,0.12094747882991354,5.022002958226949
432,IN,0,15,0.012133163695383812,0.1049895193325835,5.095557250082493
432,IN,0,16,0.01128620596155534,0.08777305048291797,5.156941708177328
432,IN,0,17,0.010515066390304032,0.07085267979352683,5.215449250303209
432,IN,0,18,0.009826291186125618,0.057304712542620255,5.2751695001497865
432,IN,0,19,0.009211413695805562,0.05147584867989452,5.334473458118737
432,IN,0,20,0.008645449414366634,0.0548586684716409,5.393388458061963
432,IN,0,21,0.008091211458376438,0.06309168099547713,5.452488332986832
432,IN,0,22,0.0075096600259233455,0.07094554407945654,5.509296667296439
432,IN,0,23,0.006871885083128145,0.07551363398162611,5.560698667075485
432,IN,0,24,0.0061694789090977415,0.07587582936773841,5.613298167008907
432,IN,0,25,0.005427414227197479,0.07234795467393867,5.666429083328694
432,IN,0,26,0.004707607537569618,0.0663318438544697,5.724309583194554
432,IN,0,27,0.004065959296550333,0.06001188741285053,5.7830770830623806
432,IN,0,28,0.0035287548355090624,0.05471012427173787,5.841911416966468
432,IN,0,29,0.0031024493900735886,0.05075234916581386,5.9017566670663655
432,IN,0,30,0.002775538315559728,0.04776835544941035,5.959817999973893
432,IN,0,31,0.0025261510252935606,0.04506905660847891,6.017476917244494
432,IN,0,32,0.002328392548950477,0.04190770924041914,6.070142917335033
432,IN,0,33,0.002156969722139906,0.037583425736151185,6.121389583218843
432,IN,0,34,0.0019940835229851584,0.031628252011132625,6.17201791703701
432,IN,0,35,0.0018359509325244646,0.024375332328472457,6.224321958143264
432,IN,0,36,0.0016922900743496358,0.018447860099282207,6.273331167176366
432,IN,0,37,0.0015761120380645172,0.019615222741477093,6.32350066723302
432,IN,0,38,0.0014906280829326275,0.027545257515647733,6.3770939582027495
432,IN,0,39,0.001423776141131055,0.036283652350345585,6.435584708116949
432,IN,0,40,0.0013541615936851399,0.042383187254829646,6.486267041880637
432,IN,0,41,0.0012633765110514018,0.044421598047730305,6.539997250307351
432,IN,0,42,0.0011457890999408563,0.042222660262260764,6.592254958115518
432,IN,0,43,0.0010102229309591406,0.03648087616127035,6.645156667102128
432,IN,0,44,0.0008742012696433115,0.028476502324836065,6.703702125232667
432,IN,0,45,0.0007551054035266498,0.019943981598575123,6.7622422920539975
432,IN,0,46,0.0006632556159623524,0.013419465817905698,6.8209864581003785
432,IN,0,47,0.0005998586970308606,0.012331441442097375,6.878414750099182
432,IN,0,48,0.0005591762028278507,0.01569268601818971,6.9355998751707375
432,IN,0,49,0.0005324866812781168,0.019414729946202514,6.993083083070815
432,IN,0,50,0.0005118051561614619,0.02176877018898246,7.048568707890809
432,IN,0,51,0.0004921789795887787,0.022350984643681366,7.1020523752085865
432,IN,0,52,0.0004722098724751306,0.021232158215259398,7.156835542060435
432,IN,0,53,0.0004531704145441849,0.018714614030657717,7.21062987530604
432,IN,0,54,0.0004374267791945021,0.015267954529993123,7.265883167274296
432,IN,0,55,0.00042685835292443047,0.011558528067516016,7.322695042006671
432,IN,0,56,0.00042178461294151864,0.0086010182338251,7.375456292182207
432,IN,0,57,0.0004206795610037887,0.007694806164283821,7.430951500311494
432,IN,0,58,0.0004206788760041249,0.008842249989684138,7.488933792337775
432,IN,0,59,0.00041860318933556554,0.010514638290403652,7.541943792253733
432,IN,0,60,0.00041204537362213414,0.011661126016719852,7.597551832906902
432,IN,0,61,0.0004000921372740636,0.011904931807149846,7.65415049996227
432,IN,0,62,0.0003834517916226958,0.011217628797941404,7.7165120001882315
432,IN,0,63,0.0003640272696840722,0.009767345781723152,7.774740583263338
432,IN,0,64,0.00034417703163774866,0.007858783686587323,7.832191958092153
432,IN,0,65,0.0003259724167407222,0.005935750243162037,7.891437999904156
432,IN,0,66,0.00031069423588080797,0.004642638947198137,7.950169625226408
432,IN,0,67,0.0002986747177472349,0.004566705800257228,8.00598541693762
432,IN,0,68,0.00028945358653082777,0.005372005370862351,8.064175833016634
432,IN,0,69,0.00028212645079554337,0.0062679038512442106,8.118215333204716
432,IN,0,70,0.00027573536635445533,0.006810304189153264,8.17460620822385
432,IN,0,71,0.0002695756915801349,0.006835339725885076,8.229590292088687
432,IN,0,72,0.00026334756852366937,0.006321941491897678,8.28814125014469
432,IN,0,73,0.00025714092821063227,0.005336718213237588,8.341634792275727
432,IN,0,74,0.00025129269334172444,0.004020323848224773,8.396736457943916
432,IN,0,75,0.0002461848099370593,0.0026304368424595547,8.451430708169937
432,IN,0,76,0.00024205889722721735,0.001811864968579389,8.508525083307177
432,IN,0,77,0.00023890857067770358,0.0023737008480329536,8.564472750294954
432,IN,0,78,0.0002364785184061528,0.0034998075415065017,8.623112082947046
432,IN,0,79,0.0002343595657066776,0.004484333157603915,8.68198158312589
432,IN,0,80,0.0002321346466217634,0.005112566161454662,8.742255167104304
432,IN,0,81,0.0002295149499381468,0.005322645181098722,8.803587541915476
432,IN,0,82,0.0002264148551883292,0.005133089376060928,8.866862332914025
432,IN,0,83,0.0002229438387677274,0.004625771475891139,8.927914000116289
432,IN,0,84,0.00021932919218568941,0.003939737659827935,8.98999679228291
432,IN,0,85,0.00021580909306674595,0.0032690628525250632,9.052389583084732
432,IN,0,86,0.00021254150957216857,0.002838706928529764,9.122704833280295
432,IN,0,87,0.00020956101583885508,0.0027779277863812096,9.194673582911491
432,IN,0,88,0.000206791591581652,0.0029749325178970235,9.263735208194703
432,IN,0,89,0.00020410044933211346,0.0032019633958452116,9.335452208295465
432,IN,0,90,0.00020136477432006476,0.003299064677172417,9.398489708080888
432,IN,0,91,0.00019852318539992781,0.0032034784165220083,9.457359167281538
432,IN,0,92,0.00019559432568786125,0.002927314125840849,9.51850612508133
432,IN,0,93,0.00019266043336869685,0.002543764001707136,9.57868037512526
432,IN,0,94,0.00018982756864599766,0.002183476905116689,9.642388333100826
432,IN,0,95,0.000187181578064425,0.0020080682299133063,9.707690125331283
432,IN,0,96,0.0001847579769690837,0.0020935502179707326,9.768338500056416
432,IN,0,97,0.00018253600610882437,0.0023388264756201535,9.827508333139122
432,IN,0,98,0.00018045595605138085,0.002581330814031005,9.888280750252306
432,IN,0,99,0.00017844927824780017,0.0027087469682465217,9.953054583165795
432,IN,0,100,0.00017646692559742505,0.002669760819215572,10.02247833320871
432,IN,1,1,0.022657576450818246,0.20850142162377527,10.09016887517646
432,IN,1,2,0.02214098774367061,0.2025972094487885,10.14867987530306
432,IN,1,3,0.021585714083108262,0.19910026966371042,10.210149582941085
432,IN,1,4,0.02098328720970697,0.1953924884005523,10.268633250147104
432,IN,1,5,0.020332470617586584,0.1912199542440328,10.327583708334714
432,IN,1,6,0.019633879492535127,0.18641766010669455,10.403297792188823
432,IN,1,7,0.018889839587897063,0.18081541947062651,10.48018595809117
432,IN,1,8,0.01810459024410532,0.17423152940641162,10.554699833039194
432,IN,1,9,0.017284506338513847,0.1664703757765357,10.628371958155185
432,IN,1,10,0.01643851942954692,0.15732548616376185,10.703475417103618
432,IN,1,11,0.015578245618476948,0.1466151461392794,10.778949792031199
432,IN,1,12,0.01471766110358946,0.13422063062824863,10.855794750154018
432,IN,1,13,0.013872287226920443,0.12014222419669435,10.928199000190943
432,IN,1,14,0.013057552836816888,0.10459395740425173,11.01136774988845
432,IN,1,15,0.012286920961864851,0.08811604861524676,11.087878750171512
432,IN,1,16,0.011570273107203054,0.07177732961696376,11.16242583328858
432,IN,1,17,0.010911921315711476,0.057587446505242494,11.297696041874588
432,IN,1,18,0.010308076574037556,0.04884505912504999,11.37502866704017
432,IN,1,19,0.009745042485355696,0.04843580133662201,11.448517207987607
432,IN,1,20,0.009200143101914334,0.05486002010234776,11.52735475031659
432,IN,1,21,0.008646460307948538,0.0636177056001125,11.609039292205125
432,IN,1,22,0.008060489614069622,0.07128311268280885,11.689123916905373
432,IN,1,23,0.007429665550863434,0.07617318669688214,11.771584708243608
432,IN,1,24,0.006756958946009085,0.07778595009880333,11.86564675020054
432,IN,1,25,0.006061330339250878,0.0763750287541711,11.953272625338286
432,IN,1,26,0.005373355912984616,0.07266722590835221,12.035530750174075
432,IN,1,27,0.004726614906023522,0.06761021499279712,12.116859707981348
432,IN,1,28,0.0041484837721292266,0.062129282825242264,12.193674125242978
432,IN,1,29,0.003653898058226225,0.05693504417575255,12.269260375294834
432,IN,1,30,0.0032427990796066414,0.052377353517535245,12.347026833333075
432,IN,1,31,0.0029018115972893857,0.048364298408674324,12.425715417135507
432,IN,1,32,0.0026102066959806944,0.04442703992466565,12.500372292008251
432,IN,1,33,0.002348016711725556,0.03994479061139068,12.575615708250552
432,IN,1,34,0.002103420672768449,0.03447922722658823,12.651133541949093
432,IN,1,35,0.0018764807718143818,0.02824466619605967,12.72841816721484
432,IN,1,36,0.0016770124814112313,0.022890381497271527,12.803996917326003
432,IN,1,37,0.0015167407263591498,0.02190717956606222,12.87911120802164
432,IN,1,38,0.0013997864260092735,0.026676984420904333,12.95220929197967
432,IN,1,39,0.0013176544876275704,0.03377937895854663,13.01795925013721
432,IN,1,40,0.0012519864586740326,0.03976230996211067,13.078275042120367
432,IN,1,41,0.0011831929368956513,0.04277684035920872,13.137858833186328
432,IN,1,42,0.0010994212670409323,0.042197613617466025,13.196359124965966
432,IN,1,43,0.0010005138469549523,0.03829368274027959,13.256490374915302
432,IN,1,44,0.0008957352602288141,0.03195353143058888,13.314594000112265
432,IN,1,45,0.00079793510108482,0.024485990416107453,13.374419500119984
432,IN,1,46,0.0007177126208730816,0.01763458468386358,13.438350332900882
432,IN,1,47,0.0006599377908181511,0.013790051914697088,13.499690708238631
432,IN,1,48,0.0006232914235284123,0.014409061058365433,13.560104958247393
432,IN,1,49,0.0006021420470535908,0.01730487518180552,13.621533874887973
432,IN,1,50,0.0005893916828228585,0.019971782182740667,13.68250691704452
432,IN,1,51,0.0005789761618538652,0.0213878682796606,13.744431000202894
432,IN,1,52,0.0005672727874774435,0.02129847793109583,13.812275832984596
432,IN,1,53,0.0005533102883565928,0.019781282407836682,13.88433612510562
432,IN,1,54,0.0005380769114447571,0.017100494228541995,13.962322250008583
432,IN,1,55,0.0005233595559211935,0.013676931832877095,14.054558000061661
432,IN,1,56,0.0005105522029646867,0.010144483332758683,14.37448920821771
432,IN,1,57,0.0004998358333589997,0.007531210765703741,15.600537583231926
432,IN,1,58,0.0004900321877056397,0.007057334763284122,15.883738291915506
432,IN,1,59,0.00047919591317730815,0.008346512929575335,16.056792083196342
432,IN,1,60,0.0004656507609225034,0.009851952631018488,16.46904445812106
432,IN,1,61,0.0004488981713872879,0.01073087144728633,16.705480332951993
432,IN,1,62,0.0004298860280879876,0.01076498699131087,16.89520008303225
432,IN,1,63,0.00041053521369264703,0.010047708076947274,17.22881945827976
432,IN,1,64,0.0003928728793261367,0.00884166483158321,17.43470250023529
432,IN,1,65,0.00037827467899705433,0.007507101098073318,17.61522816726938
432,IN,1,66,0.00036712836721424196,0.0064438728887110264,17.765887500252575
432,IN,1,67,0.00035892959861396777,0.0059560363941407405,17.86377750011161
432,IN,1,68,0.00035263599588527986,0.006029200859973852,17.95919745787978
432,IN,1,69,0.00034708316901001034,0.006346581963834404,18.055730792228132
432,IN,1,70,0.0003413275526077529,0.0065728901543824466,18.133973167277873
432,IN,1,71,0.0003348502216808558,0.006505330940393965,18.223653042223305
432,IN,1,72,0.00032760713776700787,0.006065801608060926,18.312138417270035
432,IN,1,73,0.0003199461838002221,0.0052644212484024636,18.405955832917243
432,IN,1,74,0.00031243430305005765,0.004175224632995724,18.540917583275586
432,IN,1,75,0.0003056501082961993,0.00293051724056114,18.820517958141863
432,IN,1,76,0.00029999874919609237,0.0017737291154008702,19.0203684582375
432,IN,1,77,0.0002955973227439905,0.0013316982683954303,19.11981579195708
432,IN,1,78,0.00029226058624573216,0.0019350043813476578,19.331676458008587
432,IN,1,79,0.000289587820821868,0.0027187517360302144,19.495162833016366
432,IN,1,80,0.0002871166342663168,0.0032999175227735465,19.728109791874886
432,IN,1,81,0.0002844818122043861,0.003605664816786546,19.847179875243455
432,IN,1,82,0.0002815149352284812,0.003666895637910925,20.0690916669555
432,IN,1,83,0.0002782502253377578,0.003571790329804936,20.30927100032568
432,IN,1,84,0.0002748490951545755,0.0034308845816635606,20.52634304203093
432,IN,1,85,0.0002714923520143656,0.0033284952699222862,20.675863292068243
432,IN,1,86,0.0002682953298210752,0.0032778468848845763,20.812294458039105
432,IN,1,87,0.00026527869851493375,0.003221279263957814,20.90553216729313
432,IN,1,88,0.0002623938057730791,0.0030769628469647977,20.982309500221163
432,IN,1,89,0.00025957568242941566,0.0027865175251561938,21.068539208266884
432,IN,1,90,0.0002567898638979785,0.00233986937776525,21.224367457907647
432,IN,1,91,0.0002540498768775972,0.0017909106660798759,21.366783374920487
432,IN,1,92,0.00025140172976918085,0.0013011093360240774,21.511691333260387
432,IN,1,93,0.00024888929543086756,0.0011967818424156527,21.684235708322376
432,IN,1,94,0.00024652237834157015,0.001563399847077923,21.822140207979828
432,IN,1,95,0.00024426531272838276,0.002058243472903109,21.945634958334267
432,IN,1,96,0.00024205149359150932,0.002452061054096145,22.04113220795989
432,IN,1,97,0.00023981519925871832,0.002648778526399507,22.1518295831047
432,IN,1,98,0.00023752352331877927,0.0026161909159126808,22.32536212494597
432,IN,1,99,0.0002351920835969809,0.0023651092732698124,22.500830125063658
432,IN,1,100,0.00023287728117342895,0.001942661635737915,22.6857405831106
432,IN,2,1,0.022657576450818246,0.2025288754944711,22.839226708281785
432,IN,2,2,0.022198913084382814,0.19768324246579072,22.974733707960695
432,IN,2,3,0.021697791183318868,0.1948230001319927,23.06892037531361
432,IN,2,4,0.021145650387035125,0.19187351139023495,23.49622066691518
432,IN,2,5,0.0205401601091966,0.18865480011058638,23.72025033319369
432,IN,2,6,0.019880051462511854,0.18505781201233115,23.829799707978964
432,IN,2,7,0.019165168862110765,0.18096237487516945,23.955033082980663
432,IN,2,8,0.018396743826215985,0.17622532105597347,24.16178454225883
432,IN,2,9,0.01757767624080455,0.17068786742189157,24.356924708001316
432,IN,2,10,0.01671278446741234,0.16418415061494113,24.48384050000459
432,IN,2,11,0.01580895092167781,0.15654562401635402,24.61646325001493
432,IN,2,12,0.014875248628469446,0.1476130418617126,24.721143249887973
432,IN,2,13,0.01392299888125083,0.1372646346631465,24.80636933306232
432,IN,2,14,0.012965691058568367,0.12544728908624192,24.905698833055794
432,IN,2,15,0.012018679141729861,0.11223273505394853,25.022807457949966
432,IN,2,16,0.011098132602519175,0.09792421816133286,25.18980741733685
432,IN,2,17,0.010219006231156586,0.08322589178315751,25.483234083279967
432,IN,2,18,0.009392303106396757,0.06947532401658502,25.66673416690901
432,IN,2,19,0.008622312247686796,0.05883573724551368,25.822973208036274
432,IN,2,20,0.007904815202048237,0.053785057137261456,25.919197042007
432,IN,2,21,0.007227504012745308,0.055000522705609504,26.03059820830822
432,IN,2,22,0.006573370083951819,0.06005985094631923,26.10834520822391
432,IN,2,23,0.005926495476736162,0.0655543592182532,26.188882375136018
432,IN,2,24,0.0052783996047844626,0.06907334028135981,26.27450600033626
432,IN,2,25,0.004632452289223271,0.0694483308682852,26.365253542084247
432,IN,2,26,0.004004474498960131,0.06645640539080287,26.562661624979228
432,IN,2,27,0.003419079564467594,0.060545322934995,26.665390375070274
432,IN,2,28,0.0029026938932268116,0.05262263617627447,26.792067958042026
432,IN,2,29,0.0024753872852055227,0.04386864492925974,26.949336625169963
432,IN,2,30,0.0021445799041978336,0.035545806176211815,27.08892779191956
432,IN,2,31,0.001903020600631992,0.028772839041832934,27.19947583321482
432,IN,2,32,0.0017314019038572825,0.024173145320714864,27.300669041927904
432,IN,2,33,0.0016046753246109417,0.021516261161093786,27.376607208047062
432,IN,2,34,0.0014994995305885523,0.019928741287583745,27.46532570803538
432,IN,2,35,0.0013994903779670745,0.01865859752659223,27.54606187529862
432,IN,2,36,0.0012966702392587096,0.017559877241795196,27.62518379231915
432,IN,2,37,0.0011902182673029893,0.01707988038813022,27.70108100026846
432,IN,2,38,0.0010839018706020212,0.01781346530362103,27.77990712504834
432,IN,2,39,0.0009826670272645585,0.01973061459470775,27.857899917289615
432,IN,2,40,0.0008894435726844134,0.021981483494864333,27.93036595825106
432,IN,2,41,0.0008041283562934287,0.023514971855381935,28.0042888331227
432,IN,2,42,0.0007253883329479218,0.023627536256172064,28.075396582949907
432,IN,2,43,0.0006533229170402323,0.022136636015490582,28.145698917098343
432,IN,2,44,0.0005904920729150057,0.019339374380512118,28.20325233321637
432,IN,2,45,0.0005407155068068717,0.015908172905264122,28.26041445787996
432,IN,2,46,0.0005068514387495397,0.012801295809206406,28.317918125074357
432,IN,2,47,0.0004890784558494539,0.011055137136078539,28.378233707975596
432,IN,2,48,0.0004845243074542896,0.01103685914369973,28.440424208063632
432,IN,2,49,0.0004882088812284869,0.011959181056119114,28.50033470802009
432,IN,2,50,0.0004946441423593494,0.01282575043726342,28.562427833210677
432,IN,2,51,0.0004992791510811553,0.01310911323605622,28.627750375308096
432,IN,2,52,0.0004992725054425418,0.012681065616494687,28.70028275018558
432,IN,2,53,0.0004935340993564356,0.011647869447391832,28.769881583284587
432,IN,2,54,0.00048229423323323885,0.010252817556490074,28.842683374881744
432,IN,2,55,0.00046653145059208937,0.008817307221009046,28.912805541884154
432,IN,2,56,0.0004474992589188051,0.0076721862649746075,28.98596258321777
432,IN,2,57,0.00042644993735896716,0.007025404695479797,29.057230500038713
432,IN,2,58,0.00040453622558117726,0.006816768020863473,29.128027125261724
432,IN,2,59,0.00038281066233858716,0.006767276100009811,29.202511792071164
432,IN,2,60,0.00036223862670908206,0.006593212322641906,29.27652412513271
432,IN,2,61,0.00034367471897808977,0.006134299403458642,29.35465412493795
432,IN,2,62,0.0003277944019412433,0.005362540662968838,29.435513667296618
432,IN,2,63,0.00031500286544759195,0.00435653428339698,29.51800995832309
432,IN,2,64,0.00030535646252693213,0.003287634872661677,29.614120167214423
432,IN,2,65,0.0002985339051941497,0.0024369906301675657,29.77284525008872
432,IN,2,66,0.0002938862082015675,0.002147390451423337,29.881804458331317
432,IN,2,67,0.0002905721801230185,0.0023961583618545084,29.991992082912475
432,IN,2,68,0.0002877517383572937,0.002767267205228956,30.096118708141148
432,IN,2,69,0.00028477751225696444,0.003003754199340225,30.246841832995415
432,IN,2,70,0.000281316683255004,0.0030776408555408478,30.34781733294949
432,IN,2,71,0.00027735923202685175,0.0031106712461353965,30.425186708103865
432,IN,2,72,0.00027311545574411675,0.0032912072498954867,30.550978499930352
432,IN,2,73,0.00026885171080353205,0.003724086126434555,30.63054275000468
432,IN,2,74,0.0002647370297101753,0.004335142728350672,30.70690654218197
432,IN,2,75,0.0002607642037972893,0.004951797264002873,30.780448083300143
432,IN,2,76,0.00025677161440370016,0.0054119118198978555,30.85630258312449
432,IN,2,77,0.0002525440018737581,0.0056087341357575,30.9294418329373
432,IN,2,78,0.0002479346300721933,0.005500748537754082,31.00103870825842
432,IN,2,79,0.00024294563288775243,0.005109518084062023,31.071944292169064
432,IN,2,80,0.00023773040744542998,0.0045103552454270725,31.142629667185247
432,IN,2,81,0.00023252636017776664,0.0038162693372854753,31.213059042114764
432,IN,2,82,0.00022756171139608862,0.003153981088252914,31.279191125184298
432,IN,2,83,0.00022298596692790898,0.0026268669368503185,31.341791833285242
432,IN,2,84,0.00021885058358751326,0.0022662726167014275,31.404532582964748
432,IN,2,85,0.00021513367743981966,0.002013286332684603,31.46362958289683
432,IN,2,86,0.00021178166640195225,0.0017760531946462855,31.52460650028661
432,IN,2,87,0.00020874026622560326,0.0015100738569422934,31.586377582978457
432,IN,2,88,0.000205961954187013,0.0012598694585913392,31.64591654203832
432,IN,2,89,0.00020339493191760453,0.0011545888439277964,31.70755875017494
432,IN,2,90,0.0002009693412771588,0.00127845917551198,31.778968249913305
432,IN,2,91,0.00019859570710983727,0.0015308074174995101,31.841136208269745
432,IN,2,92,0.00019618072549619365,0.0017617714581125467,31.900390500202775
432,IN,2,93,0.00019365340561855243,0.0018812500180443736,31.959765542298555
432,IN,2,94,0.00019098743804306053,0.0018567726167860535,32.0248839170672
432,IN,2,95,0.00018820728743679203,0.0017006143266857423,32.098182667046785
432,IN,2,96,0.00018537440775787865,0.0014625328444526633,32.17236416693777
432,IN,2,97,0.00018256059769679677,0.0012232954355988175,32.24391737533733
432,IN,2,98,0.00017982170078994713,0.0010734785859544398,32.31554558314383
432,IN,2,99,0.00017718344884376988,0.001050075900477304,32.38903741724789
432,IN,2,100,0.00017464366856402168,0.0010940239106367032,32.463239749893546
432,OOF,0,1,0.033450387302012295,0.31355365404551694,32.57659083325416
432,OOF,0,2,0.032683605485981995,0.3071497369750479,32.701881083194166
432,OOF,0,3,0.03182098633182597,0.30623595811180887,32.81536845816299
432,OOF,0,4,0.03084420128966441,0.30553654440684913,32.92094562528655
432,OOF,0,5,0.029748726165454667,0.30453873263683856,33.028720333240926
432,OOF,0,6,0.028533242527472344,0.30281590297331634,33.228771375026554
432,OOF,0,7,0.02720022182915532,0.2998590663567933,33.34591274987906
432,OOF,0,8,0.02575887893856034,0.2950078382566811,33.52406670805067
432,OOF,0,9,0.024227915369963195,0.2874319569616636,33.63870054204017
432,OOF,0,10,0.022638019684109462,0.2761369059243786,33.71673758327961
432,OOF,0,11,0.021033936522521234,0.26001637133173794,33.79448829218745
432,OOF,0,12,0.01947465090895188,0.23797209393709826,33.87103608297184
432,OOF,0,13,0.018030773891086677,0.2090997023000455,33.94486283324659
432,OOF,0,14,0.016778377163570758,0.17297207625080438,34.01699912501499
432,OOF,0,15,0.01578778946432791,0.1301506825432215,34.07763454224914
432,OOF,0,16,0.015103298752631061,0.08344780066600271,34.138638583011925
432,OOF,0,17,0.014712124962607081,0.04326868502529403,34.1964748329483
432,OOF,0,18,0.014518242023378808,0.04451705069110992,34.2536256252788
432,OOF,0,19,0.01435315561911285,0.07321455729507709,34.31094245798886
432,OOF,0,20,0.014039536902935594,0.09429091779491744,34.373407958075404
432,OOF,0,21,0.0134700262872061,0.10160445920194415,34.43129099998623
432,OOF,0,22,0.012644999719356943,0.09669576101080106,34.492333916947246
432,OOF,0,23,0.011652895950320928,0.08442485804347638,34.54981274995953
432,OOF,0,24,0.010613484448712145,0.07157746067259085,34.61092950031161
432,OOF,0,25,0.00962777734874401,0.06509506787180547,34.6714482922107
432,OOF,0,26,0.0087558105593472,0.06777018945572952,34.72998958313838
432,OOF,0,27,0.008008126389464717,0.07641344789575463,34.78781579202041
432,OOF,0,28,0.007358130760590886,0.08664269593150015,34.845425667241216
432,OOF,0,29,0.0067655320005014265,0.09576839036543383,34.90429454203695
432,OOF,0,30,0.006190739884609806,0.10238361353644745,34.96158183319494
432,OOF,0,31,0.005603292443441653,0.10565145872305784,35.02766620833427
432,OOF,0,32,0.004989341387081739,0.10499295129029353,35.089417417068034
432,OOF,0,33,0.004357404286153212,0.1001092972167284,35.157280375249684
432,OOF,0,34,0.003737086725219628,0.09117834019754384,35.22836212487891
432,OOF,0,35,0.003166454636261277,0.07889137679842419,35.30059041688219
432,OOF,0,36,0.0026761019402549422,0.06419707194209606,35.37363504199311
432,OOF,0,37,0.0022828959790733437,0.048136408295555606,35.44654075009748
432,OOF,0,38,0.0019911169782143396,0.031987876343607266,35.519913708325475
432,OOF,0,39,0.00179337801008808,0.017934076514476587,35.591409833170474
432,OOF,0,40,0.0016717069649059347,0.012284690370280163,35.664157582912594
432,OOF,0,41,0.0016012812062012574,0.01828411707343426,35.74215400032699
432,OOF,0,42,0.001556701753199107,0.0255099209325261,35.8122695828788
432,OOF,0,43,0.0015187987214195335,0.030352945872209776,35.93094129208475
432,OOF,0,44,0.0014788905060575798,0.03272195978622497,36.19042529212311
432,OOF,0,45,0.0014370445407768143,0.03358985208991039,36.53676270833239
432,OOF,0,46,0.0013939087543120893,0.03404399885312261,36.75715862493962
432,OOF,0,47,0.0013440641691015776,0.03446096531842671,37.003303499892354
432,OOF,0,48,0.0012786069304599576,0.03452826179172187,37.12737029232085
432,OOF,0,49,0.001191632104662795,0.03379810672468786,37.22538679232821
432,OOF,0,50,0.0010839157999787113,0.03202619711840736,37.561872417107224
432,OOF,0,51,0.0009633462095963653,0.029231472296461662,38.07970937527716
432,OOF,0,52,0.0008430108813324935,0.025621703335296408,38.246461333241314
432,OOF,0,53,0.0007372745686449962,0.021465729712917055,38.555847292300314
432,OOF,0,54,0.0006570089973143318,0.01706050413454918,38.942571375053376
432,OOF,0,55,0.0006066966504493913,0.013209302688697432,39.14738320792094
432,OOF,0,56,0.0005846322190862127,0.012180771167195629,39.27036020811647
432,OOF,0,57,0.0005840768449996798,0.015394893334609281,39.38641858333722
432,OOF,0,58,0.0005941761494440552,0.020390946928791665,39.54462383314967
432,OOF,0,59,0.000602112016386814,0.024630580713998002,39.640059917233884
432,OOF,0,60,0.0005971335358633786,0.02680144642133152,39.737847375217825
432,OOF,0,61,0.0005745169910794626,0.026476397048207312,39.99249808304012
432,OOF,0,62,0.0005367917851759931,0.02392057820410976,40.106369958259165
432,OOF,0,63,0.0004914876061461731,0.01991300608559879,40.20744283311069
432,OOF,0,64,0.0004470756701393603,0.015521474296693023,40.31651983316988
432,OOF,0,65,0.00040960882343305525,0.01181837778567293,40.476840833202004
432,OOF,0,66,0.0003815636498543688,0.009452094466596605,40.697716125287116
432,OOF,0,67,0.00036263718564357144,0.008222577803602372,40.811711749993265
432,OOF,0,68,0.00035114208853443855,0.0074657202231470455,40.896869332995266
432,OOF,0,69,0.000344885991634592,0.006928258631903625,40.97449916694313
432,OOF,0,70,0.0003414201063078814,0.0068595685826134565,41.06728429207578
432,OOF,0,71,0.0003381464222606121,0.00739305306013284,41.22204266721383
432,OOF,0,72,0.00033264380419824986,0.008158722903291128,41.57874350016937
432,OOF,0,73,0.0003232154932292238,0.008606226446603074,41.895489583257586
432,OOF,0,74,0.0003094476263247733,0.008354213370083295,42.16052337503061
432,OOF,0,75,0.000292485027935208,0.007299068965611917,42.29643866699189
432,OOF,0,76,0.00027473803538708254,0.005663725471181291,42.415989791974425
432,OOF,0,77,0.00025892760323880927,0.004100586871199343,42.54558095801622
432,OOF,0,78,0.00024682966609334596,0.0036290460560644932,42.65502616716549
432,OOF,0,79,0.00023852482092138287,0.004233471623479246,42.767627167049795
432,OOF,0,80,0.00023274658306543974,0.004839661492617596,43.19185020821169
432,OOF,0,81,0.0002279501803577269,0.005069226349899839,44.47160454187542
432,OOF,0,82,0.00022310376874219116,0.005209062980337695,44.86163470800966
432,OOF,0,83,0.00021772088497572537,0.005623111170076536,44.96704512508586
432,OOF,0,84,0.0002115221489416134,0.006201935339590965,45.092441957909614
432,OOF,0,85,0.00020432325334641773,0.006478765209404108,45.238196291960776
432,OOF,0,86,0.00019627843369880344,0.006083189446833252,45.38010783307254
432,OOF,0,87,0.0001880979653065463,0.004953055775323718,45.51127524999902
432,OOF,0,88,0.00018084070059363227,0.003382964787132299,45.69576033297926
432,OOF,0,89,0.00017532823132333523,0.002196067580703876,45.83061858313158
432,OOF,0,90,0.00017163596129678645,0.002514282493523336,45.94090837519616
432,OOF,0,91,0.00016907675128992038,0.0034099560730758613,46.266796292271465
432,OOF,0,92,0.00016667066488688028,0.0038519346199788577,46.45906400028616
432,OOF,0,93,0.00016370761214510324,0.0036458547286146474,46.780986125115305
432,OOF,0,94,0.0001600014299408037,0.0029595589796803574,46.86883341707289
432,OOF,0,95,0.00015575748112281918,0.0021765114880878253,46.94847666705027
432,OOF,0,96,0.00015128916227134792,0.001751705824246386,47.02745837531984
432,OOF,0,97,0.00014685348866646123,0.0017300414993334703,47.10318904230371
432,OOF,0,98,0.00014266536601745765,0.0017140026851397612,47.182219167239964
432,OOF,0,99,0.00013894201112220916,0.0016198807904459597,47.24417750025168
432,OOF,0,100,0.00013583256700235832,0.0017724940423314351,47.306223708204925
432,OOF,1,1,0.033450387302012295,0.32248898569519335,47.37854191707447
432,OOF,1,2,0.032540818237889395,0.31436501627872426,47.44036591704935
432,OOF,1,3,0.03151828415905291,0.3146123082874257,47.50137966731563
432,OOF,1,4,0.030355431137726412,0.31543299457260116,47.560993917286396
432,OOF,1,5,0.029042919944604006,0.31607399352041265,47.620979958213866
432,OOF,1,6,0.027579114365797568,0.315852832934504,47.68240175023675
432,OOF,1,7,0.025972689829080877,0.3138627536591832,47.74549891706556
432,OOF,1,8,0.024247083807217087,0.3088780552503572,47.8111519170925
432,OOF,1,9,0.02244417498467028,0.29938774496303794,47.87065354222432
432,OOF,1,10,0.020625450621754613,0.28376945664385095,47.961840958334506
432,OOF,1,11,0.018868302970649155,0.260636992933283,48.04658070812002
432,OOF,1,12,0.017254542990252697,0.2293862385687569,48.14643425028771
432,OOF,1,13,0.015853463285859813,0.1907151332501724,48.21545537514612
432,OOF,1,14,0.014711138230694698,0.1468464880474544,48.27485508332029
432,OOF,1,15,0.013841966567333226,0.10259338071641749,48.33508141711354
432,OOF,1,16,0.013217148085917264,0.06930998664735177,48.39759112522006
432,OOF,1,17,0.01276368672658366,0.06653081348473794,48.45921737514436
432,OOF,1,18,0.012374195260140879,0.08890687156368433,48.52065266715363
432,OOF,1,19,0.011913933063913347,0.11405805030239122,48.58144741691649
432,OOF,1,20,0.011263431377523059,0.13136398156098344,48.64453212497756
432,OOF,1,21,0.010433205307710792,0.13689176979286025,48.70381191698834
432,OOF,1,22,0.00953330182716705,0.1339257654800909,48.76225704187527
432,OOF,1,23,0.008647952522416392,0.1268580342568361,48.81618195818737
432,OOF,1,24,0.00781186995404532,0.11851508519975974,48.8728903750889
432,OOF,1,25,0.007037930599593695,0.11112888431157995,48.932865667156875
432,OOF,1,26,0.006336527668457273,0.10628381813437753,49.050032041966915
432,OOF,1,27,0.0057170236785908345,0.10481834695412211,49.15364004205912
432,OOF,1,28,0.005180377253351498,0.10671265623178629,49.24285995820537
432,OOF,1,29,0.004710342217658456,0.11091940571867231,49.31735150003806
432,OOF,1,30,0.004269698688297328,0.11512683815013566,49.415600625332445
432,OOF,1,31,0.0038181915850188336,0.1163648291820539,49.52828683331609
432,OOF,1,32,0.0033440595265915615,0.11280775125973408,49.640838417224586
432,OOF,1,33,0.0028700517137900325,0.10465362966936932,49.98376858327538
432,OOF,1,34,0.002428214399406311,0.09292051066956751,50.264134833123535
432,OOF,1,35,0.0020415418518393348,0.07828356214266158,50.34202079195529
432,OOF,1,36,0.0017255362674350196,0.061223010710838605,50.4255416248925
432,OOF,1,37,0.0014913477056767493,0.04249775436356738,50.50915529206395
432,OOF,1,38,0.0013434418051943946,0.023843023629366487,50.58644837513566
432,OOF,1,39,0.001274753778067849,0.0129187090060435,50.654414208140224
432,OOF,1,40,0.0012626718766313128,0.02239324053113289,50.72488091699779
432,OOF,1,41,0.0012710309552065534,0.034921807560020494,50.785385833121836
432,OOF,1,42,0.001262017928273365,0.0431439434270796,50.84339762525633
432,OOF,1,43,0.0012111121972142166,0.04580224211546969,50.900148916989565
432,OOF,1,44,0.0011142707685132306,0.0431760312518961,50.94985279208049
432,OOF,1,45,0.0009857122004047088,0.036510416521824456,50.99685175018385
432,OOF,1,46,0.0008498369278987806,0.02810554116679357,51.045442500151694
432,OOF,1,47,0.0007302773486742699,0.021880234301830878,51.092972917016596
432,OOF,1,48,0.0006407286506597406,0.02201757844671136,51.14093800028786
432,OOF,1,49,0.0005824412822985861,0.026818359084825515,51.193924041930586
432,OOF,1,50,0.0005472585053426198,0.0314480665876046,51.41490237507969
432,OOF,1,51,0.0005229979596234177,0.033168227802301886,51.51201120810583
432,OOF,1,52,0.0005002310885729433,0.03105725671449032,51.572147792205215
432,OOF,1,53,0.00047701544482449843,0.025503882909860057,51.63026087498292
432,OOF,1,54,0.00045759944400636785,0.018209246896487185,51.69184749992564
432,OOF,1,55,0.000446779777423331,0.013260851238134589,51.747889291960746
432,OOF,1,56,0.00044499237569310056,0.01581118544050334,51.798720207996666
432,OOF,1,57,0.000447195844559498,0.022126316877506106,51.85002858331427
432,OOF,1,58,0.0004455202214700323,0.027276882262874086,51.89774354221299
432,OOF,1,59,0.00043369318996929504,0.02943501765510043,51.9445774583146
432,OOF,1,60,0.0004105550478259822,0.02815772019750917,51.992078999988735
432,OOF,1,61,0.00038066224907727566,0.023798593343709668,52.039658207912
432,OOF,1,62,0.0003517728237397188,0.01729164331724441,52.087397042196244
432,OOF,1,63,0.0003307886601454398,0.010167735501433548,52.13470937497914
432,OOF,1,64,0.00032043826366850016,0.006054804343064237,52.18203666713089
432,OOF,1,65,0.0003183736898961164,0.009148726451034489,52.23045495804399
432,OOF,1,66,0.00031889766476961805,0.013408079815880962,52.27858299994841
432,OOF,1,67,0.000316107992471898,0.015892334650265127,52.32856245804578
432,OOF,1,68,0.000306687952244137,0.016087430918883816,52.37728216731921
432,OOF,1,69,0.0002910649485460839,0.014133848234386485,52.424607917200774
432,OOF,1,70,0.00027266353105828207,0.010607889592437619,52.471757708117366
432,OOF,1,71,0.0002558719027171273,0.00668571916981707,52.51896695792675
432,OOF,1,72,0.00024382695938317652,0.005169040491063607,52.566499958280474
432,OOF,1,73,0.0002370971363306446,0.007519430982154548,52.613947958219796
432,OOF,1,74,0.00023382015343235862,0.010222150758113401,52.662737250328064
432,OOF,1,75,0.0002310701300235641,0.011583003887613408,52.71369825024158
432,OOF,1,76,0.00022656994786251366,0.011202400047227409,52.76668283296749
432,OOF,1,77,0.0002197295983086215,0.009231073158398774,52.81750650005415
432,OOF,1,78,0.0002115244158148623,0.006272843798849566,52.8690717080608
432,OOF,1,79,0.00020352309612687845,0.003843785276692261,52.916372042149305
432,OOF,1,80,0.00019682344005552245,0.004780840177931562,52.96772212488577
432,OOF,1,81,0.00019153301827083753,0.007394474101888299,53.01491654198617
432,OOF,1,82,0.0001869676376238635,0.009420762655607434,53.066207916941494
432,OOF,1,83,0.00018228889285079497,0.010234426077492479,53.11381816724315
432,OOF,1,84,0.00017710649201063718,0.00972337824569513,53.16185395792127
432,OOF,1,85,0.00017168242717474898,0.008057460411404883,53.21068662498146
432,OOF,1,86,0.00016667348560613492,0.005623547392255268,53.270809791982174
432,OOF,1,87,0.0001626365185699865,0.003068578800288592,53.327663583215326
432,OOF,1,88,0.00015963674909274416,0.0020464114033736853,53.37785541731864
432,OOF,1,89,0.00015720092046635065,0.003361191641150211,53.4265923332423
432,OOF,1,90,0.00015462251249608643,0.004508527502584932,53.480630167294294
432,OOF,1,91,0.00015140334183436476,0.0047524504668243536,53.534713041968644
432,OOF,1,92,0.0001475417774548385,0.004048362533813644,53.60018495796248
432,OOF,1,93,0.0001434939985802568,0.002652190483617433,53.686422457918525
432,OOF,1,94,0.00013985596486460413,0.0014668962449692624,53.758683000225574
432,OOF,1,95,0.00013698884348026426,0.0024588470438414657,53.83424370829016
432,OOF,1,96,0.00013482855130841936,0.0041092964451193694,53.911435374990106
432,OOF,1,97,0.00013298023830263998,0.005320226473501614,53.9904000419192
432,OOF,1,98,0.00013100407057658724,0.005817444100990215,54.06120162503794
432,OOF,1,99,0.00012868385150427834,0.005565657677566487,54.127230333164334
432,OOF,1,100,0.0001261073366756146,0.004703224408779709,54.1845703329891
432,OOF,2,1,0.033450387302012295,0.30881245574297533,54.24723408324644
432,OOF,2,2,0.03270263331340157,0.30242581907687005,54.30607045814395
432,OOF,2,3,0.03185997634838222,0.3011197311374353,54.38593333307654
432,OOF,2,4,0.03090569120530556,0.2999909831573588,54.47474275017157
432,OOF,2,5,0.029831798548958864,0.2985816629704747,54.53511079214513
432,OOF,2,6,0.028634335389493136,0.2965344770066153,54.60546441702172
432,OOF,2,7,0.027313563203300067,0.29341265668674094,54.66444429196417
432,OOF,2,8,0.02587559822103776,0.28865240118708124,54.726136333309114
432,OOF,2,9,0.024334776786084197,0.28152955609723085,54.80203187512234
432,OOF,2,10,0.022716448322929992,0.2711408414357912,54.90055245812982
432,OOF,2,11,0.021059770407110514,0.25642390696615813,55.04289266699925
432,OOF,2,12,0.01941958347270256,0.23624526329922962,55.138277375139296
432,OOF,2,13,0.017865672911142907,0.20958561773589726,55.21095154201612
432,OOF,2,14,0.016478339297396245,0.17581137659688706,55.28963304217905
432,OOF,2,15,0.015340180457267419,0.1350874452719719,55.37415908323601
432,OOF,2,16,0.014521493973866444,0.08945039958413768,55.461389916948974
432,OOF,2,17,0.01405369771922785,0.04816548153848635,55.546618999913335
432,OOF,2,18,0.013892618454343576,0.0485825897860576,55.63441574992612
432,OOF,2,19,0.013902486307195186,0.08395309166747998,55.733436417300254
432,OOF,2,20,0.013898415929457638,0.11506825872821316,55.812516750302166
432,OOF,2,21,0.013724522748184503,0.1327420375124575,55.8920700000599
432,OOF,2,22,0.013305196990879415,0.1359168400100277,55.968006500042975
432,OOF,2,23,0.012649170223984483,0.12669587521926012,56.03770337533206
432,OOF,2,24,0.011825080230574554,0.10891571736987786,56.099342207890004
432,OOF,2,25,0.010926648610773906,0.0875497338748622,56.16647037491202
432,OOF,2,26,0.010039945641639188,0.06874234274077205,56.22867204202339
432,OOF,2,27,0.009223848276966094,0.059632089261991095,56.289770792238414
432,OOF,2,28,0.008506236380862214,0.0635704613350256,56.344534792006016
432,OOF,2,29,0.00788878821841192,0.07558545160311231,56.39513979200274
432,OOF,2,30,0.00735384433480692,0.08940122116256216,56.46160899987444
432,OOF,2,31,0.006871344593409545,0.10166912940466312,56.543805917259306
432,OOF,2,32,0.006405825355224814,0.11090982665910896,56.637732750270516
432,OOF,2,33,0.0059240028380377905,0.11642026467064737,56.70793795818463
432,OOF,2,34,0.005403093000528452,0.11780775572561275,56.784910042304546
432,OOF,2,35,0.004838283232228126,0.11485609508694997,56.85797125007957
432,OOF,2,36,0.004245983885366145,0.10754758251315172,56.9210693333298
432,OOF,2,37,0.0036599595389009043,0.09612958928675341,57.05400016717613
432,OOF,2,38,0.003121043131698046,0.08114567164241476,57.15151562495157
432,OOF,2,39,0.002665269094407547,0.06342690292653422,57.227088666986674
432,OOF,2,40,0.002315343978979005,0.04412677397377585,57.293149875011295
432,OOF,2,41,0.0020766955314548735,0.025058305797355712,57.36180075025186
432,OOF,2,42,0.0019371568089666233,0.01204274481584262,57.474825291894376
432,OOF,2,43,0.0018702467142157184,0.019000504737796985,57.56533075030893
432,OOF,2,44,0.0018424818409012267,0.031193210688642677,57.63304854230955
432,OOF,2,45,0.0018229599969056636,0.04047434569452894,57.69346854230389
432,OOF,2,46,0.0017910354900047168,0.04590650423491524,57.76117983320728
432,OOF,2,47,0.0017386343040951043,0.04786723521302633,57.83626545825973
432,OOF,2,48,0.0016669566932541464,0.04726758164246934,57.947763042058796
432,OOF,2,49,0.0015803433084480149,0.04509815439329031,58.02473262511194
432,OOF,2,50,0.0014816347762201631,0.04205217774896664,58.09045729227364
432,OOF,2,51,0.0013718556085293005,0.0384024452439519,58.15804816689342
432,OOF,2,52,0.0012528996177981902,0.03415420146634745,58.219831000082195
432,OOF,2,53,0.0011297740507065152,0.029267745751116042,58.27476825006306
432,OOF,2,54,0.001010646435343259,0.023798417294977427,58.323630375321954
432,OOF,2,55,0.0009050890308214189,0.017967622476937742,58.372674624901265
432,OOF,2,56,0.0008215341865132594,0.012277827701227175,58.423010875005275
432,OOF,2,57,0.0007648138562228087,0.007991306673552098,58.477099458221346
432,OOF,2,58,0.0007345725548409862,0.007690859914847338,58.53209908306599
432,OOF,2,59,0.0007252434766668792,0.010811791708906181,58.58357012504712
432,OOF,2,60,0.0007277892354430317,0.014414300833616807,58.63387545803562
432,OOF,2,61,0.0007325475320908558,0.01742301650323618,58.684823292307556
432,OOF,2,62,0.0007319062957730249,0.019630219502390786,58.73695999989286
432,OOF,2,63,0.0007217450528869362,0.02109542666343007,58.79047737503424
432,OOF,2,64,0.0007014027823621831,0.021931789617882166,58.842770667281
432,OOF,2,65,0.0006726518679308319,0.022193738201674727,58.89384300028905
432,OOF,2,66,0.0006383893372698413,0.021835810462514867,58.94589400012046
432,OOF,2,67,0.0006016045362093726,0.02073817081593947,59.0058441250585
432,OOF,2,68,0.0005648745879307511,0.018775463909111275,59.07452941732481
432,OOF,2,69,0.0005303210458157176,0.015898536960860736,59.15322279231623
432,OOF,2,70,0.0004997353395641215,0.012215997743451801,59.22650658292696
432,OOF,2,71,0.0004745451200114995,0.008125865741573403,59.298271582927555
432,OOF,2,72,0.00045547852828483845,0.004899905482895839,59.36113704228774
432,OOF,2,73,0.00044208798057388996,0.005532953302452317,59.42236366728321
432,OOF,2,74,0.0004325262174478001,0.008610760217586078,59.49464095802978
432,OOF,2,75,0.0004239413086343392,0.01127903442507581,59.57125791721046
432,OOF,2,76,0.00041351251013061195,0.012633634794168867,59.655434667132795
432,OOF,2,77,0.00039965993337520435,0.01241398794702883,59.732494458090514
432,OOF,2,78,0.00038271304560685485,0.010740830577229268,59.82918862532824
432,OOF,2,79,0.0003645932684209923,0.008105633369173876,59.909025417175144
432,OOF,2,80,0.00034769070839526703,0.005541058121678049,59.98530012508854
432,OOF,2,81,0.00033361509256235177,0.0049291333553675406,60.060236250050366
432,OOF,2,82,0.0003225311967602706,0.006517756121387901,60.119669042062014
432,OOF,2,83,0.00031337219576434096,0.008277490816233421,60.18599154194817
432,OOF,2,84,0.00030465804083279317,0.009209633511763,60.29367133323103
432,OOF,2,85,0.00029531043455235955,0.00912049118273179,60.38998820818961
432,OOF,2,86,0.00028498006854093497,0.00819937135694861,60.455789083149284
432,OOF,2,87,0.00027385554407127993,0.006852169982688025,60.5248413332738
432,OOF,2,88,0.0002623044356364712,0.0055421228128041886,60.603812125045806
432,OOF,2,89,0.00025070324386839283,0.004561077694259088,60.67693883320317
432,OOF,2,90,0.00023950484406257862,0.003852099370085997,60.7484419583343
432,OOF,2,91,0.00022930048313641747,0.003198371632705886,60.8186100423336
432,OOF,2,92,0.0002206428916119601,0.002629120983448182,60.8792685829103
432,OOF,2,93,0.00021368735594109875,0.0025156668813725064,60.93842374999076
432,OOF,2,94,0.00020797295062511094,0.0029509459115664243,61.01405845815316
432,OOF,2,95,0.0002026131164271933,0.0034617186894283854,61.09059000015259
432,OOF,2,96,0.00019682047090040187,0.0036567762279660827,61.1637157080695
432,OOF,2,97,0.0001903856769252313,0.0034344902599811994,61.240729958284646
432,OOF,2,98,0.0001837525755966027,0.002954633778348319,61.31478820787743
432,OOF,2,99,0.00017764850760811798,0.00260643063383566,61.38923158310354
432,OOF,2,100,0.00017255982949037962,0.002737169901122517,61.46471987525001
612,IN,0,1,0.007194894243047841,0.02610404924240934,62.02566295815632
612,IN,0,2,0.00712197318516102,0.02255579877152641,62.78584695793688
612,IN,0,3,0.0070405748618025555,0.020772538310038623,63.023438250180334
612,IN,0,4,0.006948330780745113,0.019763050387679382,63.247511375229806
612,IN,0,5,0.006845432839714266,0.01944586779990865,63.418561042286456
612,IN,0,6,0.006732172864354086,0.019706105060733264,63.588752042036504
612,IN,0,7,0.006608734948661215,0.020383043986013892,63.7319502918981
612,IN,0,8,0.006474913151046833,0.021320814095868317,63.87180195795372
612,IN,0,9,0.006330074852371971,0.0223655189677866,64.00614479230717
612,IN,0,10,0.00617349685009962,0.023363857013683844,64.12814020831138
612,IN,0,11,0.006004810449758991,0.02418545498556144,64.24370650015771
612,IN,0,12,0.005824300732120341,0.0247350820856939,64.35698737530038
612,IN,0,13,0.00563294587182219,0.02495224287023276,64.49451650027186
612,IN,0,14,0.005432303619579822,0.024803398187636896,64.61804691702127
612,IN,0,15,0.005224345188436231,0.024274042501200233,64.7587597919628
612,IN,0,16,0.005011316236900105,0.023364921903687268,64.89911854220554
612,IN,0,17,0.004795672184365562,0.0220933217331478,65.0284724580124
612,IN,0,18,0.004579952966752713,0.020496542117104655,65.14988054195419
612,IN,0,19,0.004366596003432967,0.018636019061682253,65.27010350022465
612,IN,0,20,0.00415772991202376,0.016603927071514896,65.37954191723838
612,IN,0,21,0.003954947906382385,0.014529779383347161,65.4866724582389
612,IN,0,22,0.0037591438306168816,0.012580113908555112,65.6097420421429
612,IN,0,23,0.0035704963822301657,0.010946579519359304,65.73374595819041
612,IN,0,24,0.0033885474528473117,0.009805046166290106,65.85659275017679
612,IN,0,25,0.0032123528695871574,0.0092298677668027,65.97797616710886
612,IN,0,26,0.003040829990794147,0.009128136801261727,66.10079904226586
612,IN,0,27,0.002873075494089184,0.009289849060268066,66.22178445803002
612,IN,0,28,0.00270810765634288,0.009504636881912852,66.34297308325768
612,IN,0,29,0.002544323985946023,0.009600656645151497,66.46558345807716
612,IN,0,30,0.002380936758863614,0.009516973750227102,66.5883087082766
612,IN,0,31,0.002220812700765371,0.009415551512574722,66.70958604197949
612,IN,0,32,0.002069109497861457,0.009554051006818894,66.83034566696733
612,IN,0,33,0.0019287566745660133,0.009901290002668735,66.95305912522599
612,IN,0,34,0.0017993903039859153,0.01010407456703622,67.07447912497446
612,IN,0,35,0.001680425748042264,0.00976491034865314,67.19465454202145
612,IN,0,36,0.0015739912725508706,0.008800348496932871,67.31423625024036
612,IN,0,37,0.0014824708621014443,0.007540155190900063,67.4289477081038
612,IN,0,38,0.0014046174925643278,0.006330606208100998,67.54391949996352
612,IN,0,39,0.0013374030799675472,0.005476335288033071,67.6535967499949
612,IN,0,40,0.001277453999473547,0.005111148304129483,67.76650395803154
612,IN,0,41,0.0012216886060213972,0.005145695368367904,67.87727754190564
612,IN,0,42,0.0011669362137093897,0.00543619194663044,67.98772216727957
612,IN,0,43,0.0011084326692226215,0.005591129040460251,68.10154679231346
612,IN,0,44,0.0010443796405921078,0.005538871975305463,68.21129641728476
612,IN,0,45,0.0009774165843356012,0.0054284884769234066,68.32562933303416
612,IN,0,46,0.000910233579197947,0.005094834708783625,68.44775512488559
612,IN,0,47,0.0008445473196790977,0.004368547966020924,68.57115562492982
612,IN,0,48,0.0007829883659649574,0.003771029051498714,68.69347287528217
612,IN,0,49,0.0007271906249294623,0.003868328349318181,68.81685383291915
612,IN,0,50,0.0006760320219581027,0.0041057690636122305,68.9408458750695
612,IN,0,51,0.0006287072964946813,0.004030101323128437,69.06347483303398
612,IN,0,52,0.0005858872751304298,0.0037913121287875104,69.18705637520179
612,IN,0,53,0.0005480192418034718,0.003569062779741081,69.30760420812294
612,IN,0,54,0.0005150667087710988,0.003300831479137435,69.42875279206783
612,IN,0,55,0.00048738039360740886,0.0030259628636653373,69.55165095813572
612,IN,0,56,0.0004647060383937778,0.0028510396148707737,69.6782703329809
612,IN,0,57,0.0004456583469340361,0.002751005714163622,69.80091941729188
612,IN,0,58,0.00042908412545501735,0.002743171802135358,69.92470475006849
612,IN,0,59,0.00041435324559411905,0.0028303318391290936,70.04670370789245
612,IN,0,60,0.0004000801304599177,0.002652803910504192,70.16786829195917
612,IN,0,61,0.0003857778526195384,0.0023965830048802185,70.2893894999288
612,IN,0,62,0.00037120943845505953,0.0022795301111590226,70.41404750011861
612,IN,0,63,0.0003560724291523037,0.0021462387387698794,70.5355906249024
612,IN,0,64,0.0003411311423451367,0.0021909905863025493,70.65885512530804
612,IN,0,65,0.0003265467531855061,0.0021902143910129627,70.78056433331221
612,IN,0,66,0.0003124681768734716,0.001981207628964505,70.90528670791537
612,IN,0,67,0.0002995563700158043,0.0019390767479526027,71.02805720828474
612,IN,0,68,0.0002874506183999581,0.0018892238043714147,71.1511293752119
612,IN,0,69,0.000276262547926907,0.0019431454314329424,71.27537958323956
612,IN,0,70,0.00026538510124668593,0.001835747413607035,71.4005165421404
612,IN,0,71,0.00025469037192431184,0.0018498915697323433,71.65870358329266
612,IN,0,72,0.00024412296175846819,0.0017742812825505439,71.87756945798174
612,IN,0,73,0.00023416041474263186,0.0015707040336082356,72.79227770818397
612,IN,0,74,0.0002251257407717825,0.001425605567121361,73.03273633308709
612,IN,0,75,0.00021732389629723696,0.001425806033097018,73.26247041719034
612,IN,0,76,0.00021051159728252523,0.001236242892172442,73.47937108296901
612,IN,0,77,0.00020441449492640564,0.0011104670094381037,73.65832629194483
612,IN,0,78,0.0001985969059449479,0.001050660681717288,73.83531787525862
612,IN,0,79,0.00019283094083101917,0.001061753695495547,74.00511991698295
612,IN,0,80,0.00018712475009790436,0.0011937317056435917,74.15742095792666
612,IN,0,81,0.0001815181337982128,0.0012406623043326273,74.30068258289248
612,IN,0,82,0.00017609997459488698,0.0012601256329542137,74.44220066722482
612,IN,0,83,0.000171057420615587,0.001273311556999748,74.58517133304849
612,IN,0,84,0.0001664845599412656,0.0009789323261623847,74.72647754196078
612,IN,0,85,0.000162584907291497,0.0009236694336823793,74.85320966690779
612,IN,0,86,0.0001590797142646624,0.0010245723229127886,75.03053041733801
612,IN,0,87,0.0001556017990635965,0.0009657230349323395,75.19912462495267
612,IN,0,88,0.00015196510782092845,0.000959916671970829,75.44854841707274
612,IN,0,89,0.00014816928098241236,0.00092198197377763,76.36699433298782
612,IN,0,90,0.00014445070819380328,0.0008009113558606508,76.7501274170354
612,IN,0,91,0.0001410525306010238,0.0007769252180946507,77.0044561251998
612,IN,0,92,0.0001379700080416401,0.0008056224299571395,77.17912133317441
612,IN,0,93,0.00013506217580230493,0.0008045635188677044,77.36295587522909
612,IN,0,94,0.00013226171807993647,0.0006931849417264228,77.54566737497225
612,IN,0,95,0.0001295449431017995,0.0006511392817567208,77.74100391706452
612,IN,0,96,0.00012683341153234018,0.0006583797125553396,77.91988579230383
612,IN,0,97,0.00012411170028007722,0.0006870826201725701,78.07248491700739
612,IN,0,98,0.00012150966284050718,0.0005687686436182433,78.21351391728967
612,IN,0,99,0.00011913877713702067,0.0005880402686298194,78.35463145794347
612,IN,0,100,0.00011694616243654927,0.0005542488422437818,78.4907762920484
612,IN,1,1,0.007194894243047841,0.029188220100636812,78.61906350031495
612,IN,1,2,0.007107980157763787,0.025830143359942673,78.7415400003083
612,IN,1,3,0.007013843234248663,0.024154436827071114,78.8637221250683
612,IN,1,4,0.006910937735801869,0.023049301344323765,78.98630337510258
612,IN,1,5,0.006799799305215725,0.0224661714672468,79.11241508321837
612,IN,1,6,0.006680848609076135,0.022383449265483715,79.23651433316991
612,IN,1,7,0.0065545283022075,0.022735735007793193,79.37340229190886
612,IN,1,8,0.006420862738148209,0.023407161915902898,79.50582883320749
612,IN,1,9,0.006279231684556255,0.024243231792442838,79.64752454217523
612,IN,1,10,0.006128421107299083,0.02509120210970455,79.79100695811212
612,IN,1,11,0.0059669049855893075,0.025828578452637578,79.93372675031424
612,IN,1,12,0.0057933612708474126,0.02636815323849495,80.0780330421403
612,IN,1,13,0.005607006528099607,0.026656186217190698,80.22137137502432
612,IN,1,14,0.0054077586597363475,0.026666934807449416,80.38972620805725
612,IN,1,15,0.0051963672016028944,0.026394019105562893,80.57101675029844
612,IN,1,16,0.004974450718484732,0.025847983355960984,80.7767742080614
612,IN,1,17,0.004744410256576868,0.02505287401438833,80.97697654226795
612,IN,1,18,0.004509272666792337,0.024039107874100393,81.14659870788455
612,IN,1,19,0.0042724241501333506,0.02283746793095787,81.31706424988806
612,IN,1,20,0.004037279489294363,0.02146819684991213,81.48819854203612
612,IN,1,21,0.0038072794228342526,0.019922249693019464,81.67252887506038
612,IN,1,22,0.003586423613276821,0.018162278272365995,81.8967533330433
612,IN,1,23,0.003379468430054939,0.016168319703838873,82.08320212503895
612,IN,1,24,0.003190965273767519,0.014005914613191133,82.26502654189244
612,IN,1,25,0.003023828416808115,0.011885258185750031,82.50469824997708
612,IN,1,26,0.002877019100819459,0.010135283221983175,82.90185216721147
612,IN,1,27,0.002744230481372899,0.009002605369829761,83.31044504232705
612,IN,1,28,0.0026160707489293568,0.008442387520668018,83.72716695815325
612,IN,1,29,0.0024853201451982116,0.008285836624243158,83.97240179218352
612,IN,1,30,0.0023501750155467626,0.008575998336401132,84.16131375031546
612,IN,1,31,0.0022136889734669157,0.009436339718087465,84.31516933301464
612,IN,1,32,0.0020807211239681584,0.01063448861443284,84.47028237488121
612,IN,1,33,0.001954684648747668,0.011563931668933053,84.63854299997911
612,IN,1,34,0.001836422811130819,0.011608825144132402,84.78723712498322
612,IN,1,35,0.0017256420386379764,0.01047463094344149,84.93103045830503
612,IN,1,36,0.0016229101808970176,0.008422563200087612,85.07443025009707
612,IN,1,37,0.001529500881572374,0.006473790425894403,85.21731954207644
612,IN,1,38,0.0014450286533669106,0.006087673423732527,85.36011920822784
612,IN,1,39,0.0013661130771404188,0.007032266417321889,85.52414254192263
612,IN,1,40,0.0012883224868034907,0.007758424983403323,86.08638012502342
612,IN,1,41,0.001209353127637528,0.007596491981606361,86.35143779218197
612,IN,1,42,0.001130025504477502,0.006760647015143387,86.86580800032243
612,IN,1,43,0.0010523656793295186,0.005918833545721865,87.19594675023109
612,IN,1,44,0.0009768792026882878,0.005533230664033074,87.45854612533003
612,IN,1,45,0.0009026184597857931,0.005310705811955184,87.78809687495232
612,IN,1,46,0.0008302949247329758,0.00488037537786916,88.16282883333042
612,IN,1,47,0.000762513165154687,0.0043257230408294935,88.4056745832786
612,IN,1,48,0.0007011645837755226,0.0038870890017353144,88.61016250029206
612,IN,1,49,0.0006461982425306301,0.00366029789614531,88.78017487516627
612,IN,1,50,0.0005965722946981591,0.0036627625545824862,88.92650675028563
612,IN,1,51,0.000551611818857763,0.00396177145235908,89.07524733291939
612,IN,1,52,0.0005111063944448132,0.004461900507125974,89.22218025010079
612,IN,1,53,0.0004746536773488233,0.004830066918194966,89.36660112533718
612,IN,1,54,0.00044160805239899407,0.004772430716270994,89.51175475027412
612,IN,1,55,0.0004116874128305636,0.004253777079239385,89.66075800033286
612,IN,1,56,0.00038514467583404896,0.003525187726052141,89.80784129211679
612,IN,1,57,0.000362135389775646,0.0029608990619234992,89.9539832919836
612,IN,1,58,0.00034221350357839086,0.0026994693797160046,90.09707462508231
612,IN,1,59,0.0003246267213260402,0.00254078399730117,90.28095250017941
612,IN,1,60,0.00030881345941663994,0.0023538833691249166,90.50390637526289
612,IN,1,61,0.00029435337568147065,0.00218942758297224,90.72501895809546
612,IN,1,62,0.0002807816405762313,0.0020283236855070472,90.9975678329356
612,IN,1,63,0.0002679726124823631,0.0018874522078762706,91.3661785828881
612,IN,1,64,0.0002562202884384658,0.001965580933927681,91.61188445799053
612,IN,1,65,0.00024574492293216754,0.0022392527743697586,91.84705400001258
612,IN,1,66,0.00023658029516684056,0.002478477067259117,92.07703791698441
612,IN,1,67,0.00022859307918283542,0.0026002013745886113,92.87028712499887
612,IN,1,68,0.00022129409566596766,0.002640659745427986,93.22637445805594
612,IN,1,69,0.00021402854193316542,0.002570174499733447,93.50123862503096
612,IN,1,70,0.000206751681373423,0.002448203959923397,93.73058912530541
612,IN,1,71,0.00019956916595790174,0.002299612699655816,94.16607358306646
612,IN,1,72,0.0001922886167338573,0.002002475209744747,94.44537154212594
612,IN,1,73,0.0001850165309242821,0.0015815991985689449,94.6745190420188
612,IN,1,74,0.00017813956764580215,0.0012715948645212894,94.90621112519875
612,IN,1,75,0.00017171881642634245,0.0010819419342097624,95.13217675033957
612,IN,1,76,0.00016581334664706257,0.0009725781905782027,95.30872445832938
612,IN,1,77,0.0001605158173913484,0.0010549775674119153,95.44894333323464
612,IN,1,78,0.00015563857887470876,0.0012562930060231053,95.59152175020427
612,IN,1,79,0.00015097891222136525,0.0014575263349651609,95.7243117922917
612,IN,1,80,0.0001464073767722471,0.0015163159696350815,95.85014883289114
612,IN,1,81,0.0001418698515131391,0.0013921862368286755,95.97267425013706
612,IN,1,82,0.00013746890072204046,0.001249199440140424,96.0937947081402
612,IN,1,83,0.00013331799678489628,0.001212319993192588,96.21453112503514
612,IN,1,84,0.00012940355597033132,0.0011707053595275477,96.33919533295557
612,IN,1,85,0.0001257114310672987,0.0010847061942380293,96.4680839581415
612,IN,1,86,0.00012223055846423875,0.0010118715085609645,96.58773887529969
612,IN,1,87,0.00011888742430285499,0.0009115381631083531,96.69474362488836
612,IN,1,88,0.00011568476864804663,0.0007993316763179094,96.80192795814946
612,IN,1,89,0.0001126849492115083,0.0007559095379976094,96.90752529213205
612,IN,1,90,0.00010987924782931872,0.0006940279365410749,97.02359312493354
612,IN,1,91,0.00010727627460076425,0.0005768828692036238,97.146977417171
612,IN,1,92,0.00010492919740490465,0.0005394128288052815,97.26936654187739
612,IN,1,93,0.00010282666286206559,0.0005629153821091852,97.3902321672067
612,IN,1,94,0.00010091579968269684,0.0005673026435979652,97.5122701250948
612,IN,1,95,9.913876849876056e-05,0.0006048216326610478,97.64145383331925
612,IN,1,96,9.741468164275054e-05,0.0006497670940544764,97.7834952082485
612,IN,1,97,9.569605196273876e-05,0.0006499222327500785,97.92490349989384
612,IN,1,98,9.397503876415787e-05,0.0006035446011997738,98.06703670788556
612,IN,1,99,9.22727240568627e-05,0.0005381538584690972,98.20926041714847
612,IN,1,100,9.062436001352655e-05,0.0004950028397897112,98.3504122919403
612,IN,2,1,0.007194894243047841,0.02849110887669156,98.49268375011161
612,IN,2,2,0.007110620434757936,0.02545661954427908,98.6361199170351
612,IN,2,3,0.007020178448801484,0.023896303987594566,98.77621295815334
612,IN,2,4,0.006921876337685385,0.02273808147854352,98.91449024993926
612,IN,2,5,0.006815396605283124,0.021994228544399353,99.05331866722554
612,IN,2,6,0.0067010289866742895,0.021670418221144672,99.19147529220209
612,IN,2,7,0.006579269612160728,0.02171224196396428,99.32580204214901
612,IN,2,8,0.0064505723074984546,0.022021369162537937,99.46048487490043
612,IN,2,9,0.006315213066127957,0.022470960473584604,99.58979687513784
612,IN,2,10,0.006173200602937679,0.022935928661380414,99.7212867080234
612,IN,2,11,0.006024340800840432,0.023313587735603637,99.84990375023335
612,IN,2,12,0.005868529130384442,0.02353038954947971,99.97196837514639
612,IN,2,13,0.0057058683884703065,0.023551208736210808,100.09509462490678
612,IN,2,14,0.005536607988199493,0.02337280122690056,100.21562020806596
612,IN,2,15,0.005361057013176262,0.0230083384888721,100.33613925008103
612,IN,2,16,0.005179651339417572,0.022471712327903494,100.45603262493387
612,IN,2,17,0.004993088317328372,0.021771806239820567,100.57828379189596
612,IN,2,18,0.004802441402430458,0.020912273558010053,100.69841041695327
612,IN,2,19,0.0046091205447789385,0.019894627815670328,100.81823108298704
612,IN,2,20,0.004414610319773,0.018726279880240896,100.94344050018117
612,IN,2,21,0.0042202122577072775,0.017426680987406983,101.06530270818621
612,IN,2,22,0.004027047944082176,0.01602964939541761,101.18609258299693
612,IN,2,23,0.003836121088858288,0.014590004542377062,101.30746912490577
612,IN,2,24,0.003648236061545651,0.013198503220821436,101.4274057499133
612,IN,2,25,0.0034638452731413447,0.011995701057869372,101.5470377500169
612,IN,2,26,0.003283295258595185,0.011174477466983648,101.65630920790136
612,IN,2,27,0.0031069767916862157,0.010887666249296171,101.76907033333555
612,IN,2,28,0.0029350901772413566,0.011086307855369041,101.8765893750824
612,IN,2,29,0.0027677615661507947,0.011497319505069277,101.9828688330017
612,IN,2,30,0.002605519595885919,0.011782118685295277,102.09019908308983
612,IN,2,31,0.002449702282127546,0.011688388389985696,102.19564899988472
612,IN,2,32,0.002302524844994132,0.011107164058510621,102.30139187490568
612,IN,2,33,0.0021666370732144734,0.010073131183653682,102.40774316713214
612,IN,2,34,0.002044184494059615,0.008742054719755105,102.51710758311674
612,IN,2,35,0.0019358176267257306,0.007344796341975908,102.63377579208463
612,IN,2,36,0.0018403433087580909,0.006126769183945544,102.7587986253202
612,IN,2,37,0.0017552007274111703,0.0052833161372780185,102.97995320800692
612,IN,2,38,0.001677380562000455,0.004878464284343546,103.14908887492493
612,IN,2,39,0.001604213335178831,0.00480832914793988,103.2976672500372
612,IN,2,40,0.0015337489923520741,0.004886594871397233,103.43931966694072
612,IN,2,41,0.001464817865976806,0.004960797799198069,103.57896287506446
612,IN,2,42,0.0013969149024601773,0.004956020662549959,103.71745233330876
612,IN,2,43,0.001329928715454701,0.004864583790329869,103.85769908316433
612,IN,2,44,0.0012638214889494808,0.004713399494625779,103.9965698751621
612,IN,2,45,0.0011985369655033802,0.004526750509291581,104.13400083314627
612,IN,2,46,0.0011342006180281856,0.004306745346976911,104.27270608302206
612,IN,2,47,0.0010712779885003203,0.004039888727641504,104.41029354231432
612,IN,2,48,0.001010452272351731,0.003717440557665255,104.5315140420571
612,IN,2,49,0.0009523550752506642,0.003353852580646025,104.65064329188317
612,IN,2,50,0.0008973689493083979,0.0029931764033245462,104.77139033330604
612,IN,2,51,0.0008455822488928507,0.0026968661903180842,104.89216120820493
612,IN,2,52,0.0007968482503459995,0.0025135471644906733,105.0081302919425
612,IN,2,53,0.000750874982380982,0.0024525689145147365,105.11376691702753
612,IN,2,54,0.0007073116515764301,0.0024907020486743584,105.21934391697869
612,IN,2,55,0.0006658202774867569,0.002596866507320653,105.3381226672791
612,IN,2,56,0.0006261260738169357,0.0027369204531370924,105.45914179226384
612,IN,2,57,0.0005880557774354147,0.0028652588359245335,105.56931616691872
612,IN,2,58,0.0005515796736790845,0.0029316687795569204,105.67508174991235
612,IN,2,59,0.0005168455182245714,0.0029047134797285405,105.79230612516403
612,IN,2,60,0.00048416051017307124,0.0027927034003516226,105.91426091687754
612,IN,2,61,0.0004538904142704262,0.002646207470334228,106.03559983288869
612,IN,2,62,0.00042630477581664326,0.002533748751567649,106.15766700031236
612,IN,2,63,0.0004014514687525949,0.0024977656979337636,106.28001824999228
612,IN,2,64,0.0003791357090438974,0.002528021311273902,106.40104212518781
612,IN,2,65,0.0003590070427286891,0.002580880648686533,106.51657770806924
612,IN,2,66,0.0003406860017178896,0.002612088424338059,106.62983337510377
612,IN,2,67,0.0003238551228679443,0.002587832872107488,106.74642987502739
612,IN,2,68,0.0003082911500262695,0.0024850339274573733,106.86789037520066
612,IN,2,69,0.00029385957923188906,0.0022985676992076905,106.98940475005656
612,IN,2,70,0.0002804931913521646,0.002050916177966702,107.11194391688332
612,IN,2,71,0.0002681594587421805,0.0017914032658159064,107.23399258311838
612,IN,2,72,0.0002568158487246848,0.0015798776015986107,107.35709237493575
612,IN,2,73,0.000246362891560846,0.0014567898729267094,107.4922337080352
612,IN,2,74,0.0002366267964632784,0.0014164739857722587,107.63280754210427
612,IN,2,75,0.0002274005756386614,0.0014159892531390654,107.77525812527165
612,IN,2,76,0.0002185191607232842,0.001410919037623605,107.91866441722959
612,IN,2,77,0.0002099045880157793,0.00137624551370464,108.0613622921519
612,IN,2,78,0.00020155753502637547,0.0013062394769636893,108.20101745799184
612,IN,2,79,0.00019352820328399995,0.0012083932832479358,108.34094520797953
612,IN,2,80,0.00018589438971395895,0.0010972290928931271,108.4808096671477
612,IN,2,81,0.00017874086570187505,0.0009882291179024803,108.62451604194939
612,IN,2,82,0.0001721331149964571,0.0008952769709440337,108.76605766732246
612,IN,2,83,0.00016609682069047512,0.0008302717156357682,108.90743416687474
612,IN,2,84,0.00016061487503170386,0.0007956061391307727,109.04626287519932
612,IN,2,85,0.00015564206478578313,0.0007781950776096871,109.18895045807585
612,IN,2,86,0.00015112661783024596,0.0007640093545578695,109.33076362498105
612,IN,2,87,0.00014701898950337912,0.0007536363131180646,109.47136895824224
612,IN,2,88,0.00014326002597986597,0.0007520531951126701,109.61050325026736
612,IN,2,89,0.00013977027002486152,0.0007525792735114733,109.74898299993947
612,IN,2,90,0.00013646287324164605,0.00074413078122351,109.87716970825568
612,IN,2,91,0.00013326906569517872,0.0007239184733432524,109.99891029205173
612,IN,2,92,0.00013015204248956785,0.0006937139309011681,110.12030362524092
612,IN,2,93,0.00012710421098069205,0.0006546475346987542,110.24172541731969
612,IN,2,94,0.00012413549239534945,0.0006144343559642594,110.36404662532732
612,IN,2,95,0.00012125900845552668,0.0005915358657739632,110.4877685829997
612,IN,2,96,0.00011847941282956616,0.0005991945883573733,110.61290500033647
612,IN,2,97,0.00011578792867572719,0.0006262738515736165,110.73388950014487
612,IN,2,98,0.00011316700268271887,0.0006456683454053727,110.85512116691098
612,IN,2,99,0.00011060417503885091,0.0006371940248539486,110.97857437515631
612,IN,2,100,0.00010810425341261283,0.000599135704530529,111.10101183317602
612,OOF,0,1,0.23765979688188874,0.7412202439494177,111.24654487520456
612,OOF,0,2,0.23603772418955998,0.7360024107186591,111.37538225017488
612,OOF,0,3,0.23416897121027963,0.7425763878918821,111.49689933331683
612,OOF,0,4,0.23200208729595487,0.7517512489361113,111.62343179201707
612,OOF,0,5,0.22950979746725203,0.763091259757871,111.76801941730082
612,OOF,0,6,0.22666637046214574,0.776419185057839,111.90888233296573
612,OOF,0,7,0.2234481117859909,0.7915231962430697,112.03856770833954
612,OOF,0,8,0.21983386211193126,0.808087195637421,112.16086666705087
612,OOF,0,9,0.21580592349748506,0.8256707877945153,112.28300704201683
612,OOF,0,10,0.21135108129044622,0.8437234436736204,112.40342824999243
612,OOF,0,11,0.20646021286420688,0.8616320191492924,112.52317391708493
612,OOF,0,12,0.20113008064887403,0.8787114823663923,112.643208083231
612,OOF,0,13,0.19537162644324513,0.8940948193300142,112.76286537526175
612,OOF,0,14,0.18922023288956577,0.9066469322984064,112.88245362509042
612,OOF,0,15,0.18271648178167815,0.9152869070510322,113.00156404217705
612,OOF,0,16,0.17594351896167823,0.9184965652086902,113.11872412497178
612,OOF,0,17,0.16900923698955017,0.9150086490191128,113.22416841704398
612,OOF,0,18,0.16201555258876674,0.9039217233187699,113.32950933324173
612,OOF,0,19,0.15500650836236027,0.885004573738285,113.43538995832205
612,OOF,0,20,0.14804652761562315,0.8579503706829896,113.54088225029409
612,OOF,0,21,0.14122295166721108,0.8225083095689655,113.64653687505051
612,OOF,0,22,0.13463512031645025,0.7786822993374382,113.75209412490949
612,OOF,0,23,0.12838229608256949,0.7269780967376069,113.86815129220486
612,OOF,0,24,0.12254156189834839,0.6687436050765581,114.0149512081407
612,OOF,0,25,0.11713552934141173,0.60661693932877,114.18590408330783
612,OOF,0,26,0.11210649661552743,0.5446625915017937,114.40213520824909
612,OOF,0,27,0.10734438662673154,0.4869863841605573,114.61541750002652
612,OOF,0,28,0.10275691700879623,0.4358302450773945,114.8298647920601
612,OOF,0,29,0.09825786841723796,0.3928277389692892,115.05499487509951
612,OOF,0,30,0.09381744705991624,0.3572625885855297,115.3217959171161
612,OOF,0,31,0.08942137421142626,0.33224027664875005,115.88000395800918
612,OOF,0,32,0.08490666575581803,0.3184926298388876,116.55947154201567
612,OOF,0,33,0.08044892911895361,0.30525925958836253,116.92379983328283
612,OOF,0,34,0.07617359058408416,0.2957554158307743,117.18967937491834
612,OOF,0,35,0.07206578890964338,0.2894877339994885,117.44092508312315
612,OOF,0,36,0.06826094502217897,0.28542412145173124,117.67975241690874
612,OOF,0,37,0.06466765638683557,0.2898254066894958,117.91848233295605
612,OOF,0,38,0.06121397867528711,0.3005625804916075,118.41306541720405
612,OOF,0,39,0.05826164907553678,0.31167470584114515,118.81275795819238
612,OOF,0,40,0.0558313681959804,0.3163364622622951,119.30710945790634
612,OOF,0,41,0.053811560321230814,0.3170851571606026,119.54606483317912
612,OOF,0,42,0.0521456570716563,0.31581365784833354,119.79381025023758
612,OOF,0,43,0.05075650709103524,0.313787505397806,120.03440500004217
612,OOF,0,44,0.04946490785011853,0.308947996462047,120.27027262514457
612,OOF,0,45,0.04805680288491712,0.29838128821801113,120.50589708331972
612,OOF,0,46,0.04646290647985195,0.28277333479362865,120.73770154220983
612,OOF,0,47,0.04473781883211831,0.2631452694041046,120.95814200025052
612,OOF,0,48,0.04298741055615182,0.24491938273418062,121.18139724992216
612,OOF,0,49,0.041252202170892455,0.2296580704606184,122.2621752503328
612,OOF,0,50,0.03953950687668629,0.21645949299527117,123.39519712515175
612,OOF,0,51,0.037857160329454215,0.2051663993664704,123.68816920788959
612,OOF,0,52,0.03623038721807411,0.19577503278974506,124.21469908300787
612,OOF,0,53,0.03470092626420259,0.18799384582096068,124.417147167027
612,OOF,0,54,0.0332874552288337,0.18180922487470727,124.61545791709796
612,OOF,0,55,0.031973258600288275,0.17747260081855784,124.79681400023401
612,OOF,0,56,0.030729997608391856,0.17516057020119238,125.04271325003356
612,OOF,0,57,0.029527149514680422,0.17545880576957873,125.26005708333105
612,OOF,0,58,0.028276434993381033,0.18123721468387002,125.45269533293322
612,OOF,0,59,0.026979344510227977,0.18646538894255363,125.61596520803869
612,OOF,0,60,0.025840083424787285,0.1916282642514883,125.76751770824194
612,OOF,0,61,0.02486101859473079,0.19823038152897662,125.97489495808259
612,OOF,0,62,0.023978148268688652,0.20549674722131392,126.16512454207987
612,OOF,0,63,0.023107937484712945,0.21209401572139733,126.34589354228228
612,OOF,0,64,0.022256770801448986,0.21728142928670963,126.53392775030807
612,OOF,0,65,0.021455829846020825,0.2207002979876625,126.72290100017563
612,OOF,0,66,0.02063699545687652,0.22166551582924632,126.94170187506825
612,OOF,0,67,0.019779814561426086,0.22101535705240039,127.40665391692892
612,OOF,0,68,0.01895553886373172,0.22022423723162385,127.69495399994776
612,OOF,0,69,0.018230399132969827,0.21584503187066542,127.92646966688335
612,OOF,0,70,0.017495450652605254,0.204153252357169,128.12154387496412
612,OOF,0,71,0.01676509535622344,0.18799028850896907,128.30169387487695
612,OOF,0,72,0.016072784314317058,0.16869750736190547,128.4779119170271
612,OOF,0,73,0.015459548000347116,0.14860950747095916,128.66169325029477
612,OOF,0,74,0.014936659474406538,0.1325345725663517,128.8405380002223
612,OOF,0,75,0.014442506759947158,0.12054176811415361,129.0149462921545
612,OOF,0,76,0.013930415787823553,0.11221038529552353,129.19961295789108
612,OOF,0,77,0.013391759133168387,0.10712889184399493,129.37464425014332
612,OOF,0,78,0.01285073028779593,0.10490547950742717,129.54977066721767
612,OOF,0,79,0.012350063219451276,0.10524417811585376,129.99060262506828
612,OOF,0,80,0.0119171819115382,0.10729315301543664,131.15627358295023
612,OOF,0,81,0.011535251108769675,0.10916708905905799,131.47456204192713
612,OOF,0,82,0.011168400729846683,0.1087185736212963,132.05155854206532
612,OOF,0,83,0.010798270355118484,0.10562672991390971,132.6619894579053
612,OOF,0,84,0.010427024140041713,0.10135655591095488,132.9731048750691
612,OOF,0,85,0.010057990210857995,0.0970902067387266,133.23452945798635
612,OOF,0,86,0.009686667971889896,0.09368235536248773,133.4699551248923
612,OOF,0,87,0.009303352214679315,0.09191516261601562,133.6845501670614
612,OOF,0,88,0.008908668357993598,0.0919711328752836,133.87041812529787
612,OOF,0,89,0.008542921423557082,0.09328531539040756,134.07198591716588
612,OOF,0,90,0.008237276449539435,0.09558102389599979,134.2627983749844
612,OOF,0,91,0.007976897241161802,0.09826895130261766,134.42241704231128
612,OOF,0,92,0.007748041570362482,0.10086957934978477,134.58110162522644
612,OOF,0,93,0.007538502309263573,0.10228949897889894,134.7474125418812
612,OOF,0,94,0.007322276502074573,0.1009015993107816,134.94073254195973
612,OOF,0,95,0.00708033112281443,0.09590736238109755,135.12930825026706
612,OOF,0,96,0.006819697736128334,0.08809046112316002,135.3174785003066
612,OOF,0,97,0.006561847530612798,0.07909664690012842,135.50129825016484
612,OOF,0,98,0.006324507038577294,0.07089852661081153,135.70024075033143
612,OOF,0,99,0.00611003972050194,0.06484037285653782,135.87741412501782
612,OOF,0,100,0.005911917160989923,0.061306882444310325,136.05462991725653
612,OOF,1,1,0.23765979688188874,0.7688386941014729,136.23472566716373
612,OOF,1,2,0.23567127107597008,0.7628126056315984,136.37674825033173
612,OOF,1,3,0.2333912724970693,0.7747224154752749,136.51750075025484
612,OOF,1,4,0.23074762986676456,0.7903357146235744,136.64021158311516
612,OOF,1,5,0.22769728068712936,0.8090562911667052,136.76530524995178
612,OOF,1,6,0.22419866525634727,0.8307508886652839,136.88328287517652
612,OOF,1,7,0.2202123741756757,0.8552513143959565,136.9926143330522
612,OOF,1,8,0.2157052886323823,0.8821661886954154,137.10540995793417
612,OOF,1,9,0.21065525809958843,0.9107821982291092,137.22338237520307
612,OOF,1,10,0.20505438896492828,0.9400464951009491,137.34095945814624
612,OOF,1,11,0.19891396024501162,0.9685541156227482,137.459538416937
612,OOF,1,12,0.1922747658405159,0.9944866037290856,137.57308241724968
612,OOF,1,13,0.18521123295268357,1.015742950524976,137.68996154190972
612,OOF,1,14,0.17781325662292782,1.0304403253863434,137.80656962515786
612,OOF,1,15,0.17016726930814674,1.037151841488073,137.93216700013727
612,OOF,1,16,0.16236490895975542,1.0346439323851653,138.05770708294585
612,OOF,1,17,0.15453283293806608,1.0215698728523188,138.19439329206944
612,OOF,1,18,0.14683535337994102,0.9969491461361054,138.32434999989346
612,OOF,1,19,0.13941043254515184,0.9607736045134612,138.45727504231036
612,OOF,1,20,0.13237890973408936,0.9134085923258831,138.61223187530413
612,OOF,1,21,0.1258977242710692,0.8553219413111642,138.76521775033325
612,OOF,1,22,0.12006048831893829,0.7881735628909089,138.93588387500495
612,OOF,1,23,0.11487990679245605,0.714193244243257,139.1256539169699
612,OOF,1,24,0.11034094141169387,0.6359829981491711,139.32380829192698
612,OOF,1,25,0.10639563194913336,0.5565903856169429,139.51877362513915
612,OOF,1,26,0.10295778786859437,0.4795800443651397,139.72493158327416
612,OOF,1,27,0.09988977877454591,0.40947903866027513,139.91487716697156
612,OOF,1,28,0.09697722303865054,0.35276031247171413,140.09822383290157
612,OOF,1,29,0.09393078090569064,0.3166515412833094,140.26694333320484
612,OOF,1,30,0.09055973769639927,0.29753552862384497,140.45598195819184
612,OOF,1,31,0.08696747932387612,0.28387227930785164,140.61434200033545
612,OOF,1,32,0.0833646738571712,0.27496739842185564,140.7613902920857
612,OOF,1,33,0.07971702357818433,0.27379311717888405,140.91554487496614
612,OOF,1,34,0.07602120076009142,0.27519223605083676,141.08063000021502
612,OOF,1,35,0.07241134748032936,0.2779600025917609,141.23133150022477
612,OOF,1,36,0.0688586248978082,0.2868111117637482,141.3822568752803
612,OOF,1,37,0.06525573657235752,0.3055505613160987,141.54267845815048
612,OOF,1,38,0.06195819198059694,0.3244015413285319,141.69035125011578
612,OOF,1,39,0.059255119663490195,0.3380332985468645,141.8192316670902
612,OOF,1,40,0.05695107709073463,0.34915940413157975,141.94471037527546
612,OOF,1,41,0.055074280592066274,0.3628785634901685,142.06814987491816
612,OOF,1,42,0.05346045774020027,0.373437084409605,142.19199191732332
612,OOF,1,43,0.051802923177666806,0.3746254491457458,142.31474570790306
612,OOF,1,44,0.05002698701303536,0.370821658709122,142.43746662512422
612,OOF,1,45,0.04809569770598016,0.36225407355043826,142.56043162522838
612,OOF,1,46,0.04600288931702229,0.3454643682045998,142.68359904224053
612,OOF,1,47,0.04389887514786149,0.32257407110703457,142.80764737492427
612,OOF,1,48,0.041910510823267244,0.30300760746582883,142.93282937491313
612,OOF,1,49,0.040008016687752335,0.28803645894811614,143.06265099998564
612,OOF,1,50,0.03818104940872175,0.2758786402537441,143.21307549998164
612,OOF,1,51,0.0364807002453219,0.2655465936323112,143.39639933314174
612,OOF,1,52,0.0349492655516219,0.256325468499038,143.6111730420962
612,OOF,1,53,0.03355542528052976,0.24822350725985395,143.84524025022984
612,OOF,1,54,0.03219553767211315,0.242472422519918,144.08274650014937
612,OOF,1,55,0.03084766600477174,0.2401723295639335,144.35264608310536
612,OOF,1,56,0.029685475398427794,0.2383719263080118,144.75730737531558
612,OOF,1,57,0.028602152155239206,0.2364253315830288,145.56951449997723
612,OOF,1,58,0.027553023014248987,0.2357394749118216,146.03553987527266
612,OOF,1,59,0.02664824553218347,0.23576991504339778,146.4132822919637
612,OOF,1,60,0.025664096073055028,0.23241739352760096,146.91989791719243
612,OOF,1,61,0.024589332384695774,0.2283027824223229,148.58084991713986
612,OOF,1,62,0.023461749114361916,0.22397482403596855,149.51310612494126
612,OOF,1,63,0.022297362623085612,0.22043037347862943,149.8642667499371
612,OOF,1,64,0.021113945828109597,0.21891687496650264,150.18374325009063
612,OOF,1,65,0.019950169369800024,0.2200361221631221,150.50680266693234
612,OOF,1,66,0.018952150631106456,0.22403596275408796,150.80702333291993
612,OOF,1,67,0.018243155744513767,0.2308803579358208,158.74811470787972
612,OOF,1,68,0.017631249975039728,0.23087571033512377,160.8600864172913
612,OOF,1,69,0.016995219643035263,0.224679476381787,164.50671433331445
612,OOF,1,70,0.016319630290617605,0.21695924762805,166.7733042081818
612,OOF,1,71,0.015613889651993687,0.20762647410182303,168.32518600020558
612,OOF,1,72,0.014894880549681253,0.19727959525306046,169.74207729194313
612,OOF,1,73,0.014204794471038758,0.184952780037247,171.02333849994466
612,OOF,1,74,0.013613848426488509,0.17122948527459664,172.24349716724828
612,OOF,1,75,0.01311047777224425,0.1579704446558718,173.25135879218578
612,OOF,1,76,0.012656309897179599,0.14680360334810433,176.52102875011042
612,OOF,1,77,0.012222526430501335,0.13833422555702013,178.13578412495553
612,OOF,1,78,0.011791516952959866,0.13252074366621103,179.81953645823523
612,OOF,1,79,0.011360346748150278,0.1294967055054318,181.82496562507004
612,OOF,1,80,0.010937258264428797,0.12961463150581973,182.51535854209214
612,OOF,1,81,0.010551563128966091,0.13337738106617356,183.88012491725385
612,OOF,1,82,0.01022782610872331,0.1394265658906618,184.49948350014165
612,OOF,1,83,0.00986812523193897,0.13789574627131934,184.76823345804587
612,OOF,1,84,0.009472337956894419,0.12883282046369823,185.0224444172345
612,OOF,1,85,0.009128746569313898,0.12050163350339099,185.26462991721928
612,OOF,1,86,0.008819893912728555,0.11526463727217333,185.5170175419189
612,OOF,1,87,0.008506493783405735,0.11196151580824666,185.76312783313915
612,OOF,1,88,0.008186065386147728,0.11029826151391203,186.000522042159
612,OOF,1,89,0.007876990413260088,0.11037540163969874,186.2418148331344
612,OOF,1,90,0.007601457089708922,0.11225102486536523,186.48080458305776
612,OOF,1,91,0.007362796868001032,0.11468537570185686,186.72912512533367
612,OOF,1,92,0.007128366406492091,0.11390797307624388,186.96921183308586
612,OOF,1,93,0.006882044618605292,0.10862635579980019,187.23370491713285
612,OOF,1,94,0.006642181147124117,0.10059539341626428,187.51625733310357
612,OOF,1,95,0.006427671549744514,0.09266472583225975,187.76869208319113
612,OOF,1,96,0.006232901461005292,0.08667858791656473,188.04503512522206
612,OOF,1,97,0.0060422724371125905,0.0828617263814065,188.32976820832118
612,OOF,1,98,0.005855464791912387,0.08145882089046569,188.67779495799914
612,OOF,1,99,0.005671317324213046,0.08261156176973011,189.13177695823833
612,OOF,1,100,0.0054869326871324064,0.08636662152341029,189.4151496249251
612,OOF,2,1,0.23765979688188874,0.7429607952542183,189.68558983318508
612,OOF,2,2,0.23583303803168026,0.7372752314288176,189.925187417306
612,OOF,2,3,0.23375408103064965,0.7447185348500002,190.16729425033554
612,OOF,2,4,0.23136203124743107,0.7547985890389645,190.36021704226732
612,OOF,2,5,0.22862394025852703,0.7670224481205435,190.5700882500969
612,OOF,2,6,0.22550928857778973,0.781235654365919,190.75867904210463
612,OOF,2,7,0.22198774702981297,0.7973077162501776,190.9540558331646
612,OOF,2,8,0.21802966427870402,0.8150529584434552,191.17416374990717
612,OOF,2,9,0.213608091736937,0.8341699468787188,191.41119866725057
612,OOF,2,10,0.2087016373839586,0.8541981995392366,191.6645708330907
612,OOF,2,11,0.20329967715813058,0.874452136464345,191.90783666726202
612,OOF,2,12,0.19741016678615034,0.8939475762614594,192.1534646251239
612,OOF,2,13,0.19106713464650757,0.9113793236535713,192.3929884582758
612,OOF,2,14,0.1843276156154717,0.9252788693268023,192.6262285001576
612,OOF,2,15,0.17726139375346806,0.9342201317778631,192.86687208293006
612,OOF,2,16,0.16995229532257444,0.9368249403452936,193.1134532080032
612,OOF,2,17,0.16250291566129893,0.9317484494858149,193.36716700019315
612,OOF,2,18,0.15503406612707055,0.9177541137264614,193.63193916715682
612,OOF,2,19,0.1476809148391682,0.8938361260967908,193.96334329200909
612,OOF,2,20,0.14058544270825948,0.8593504689210143,194.45756308315322
612,OOF,2,21,0.13388607736753066,0.814102072716695,194.71148520801216
612,OOF,2,22,0.12770793401402986,0.7583907645729776,194.95451679220423
612,OOF,2,23,0.12215406479797415,0.6930936247661573,195.19195954222232
612,OOF,2,24,0.11729468290890065,0.6197901877157568,195.43206637492403
612,OOF,2,25,0.11315493402277012,0.5408456844004219,195.65001391712576
612,OOF,2,26,0.10970567590686595,0.459422321936819,195.85783699993044
612,OOF,2,27,0.10685955446593581,0.37947072926049913,196.06421195808798
612,OOF,2,28,0.10447365641781983,0.3057240175648152,196.26460587512702
612,OOF,2,29,0.10236158293921468,0.24358814249397615,196.48846270795912
612,OOF,2,30,0.10031592233905867,0.19845821521534238,196.73465112503618
612,OOF,2,31,0.09813534164290799,0.17343489610812202,196.98302116710693
612,OOF,2,32,0.09564684659537959,0.16609545938365222,197.23047325015068
612,OOF,2,33,0.0927276413268979,0.16922479786116085,197.48067233292386
612,OOF,2,34,0.08934316861144086,0.17588949501181242,197.7675079582259
612,OOF,2,35,0.08557871911805508,0.18293876582952878,198.15161245828494
612,OOF,2,36,0.08161292276655153,0.19102145845880722,198.6279455833137
612,OOF,2,37,0.07765795331490181,0.20199251094339868,198.87620704201981
612,OOF,2,38,0.07390562590757437,0.2167605036238153,199.11592304194346
612,OOF,2,39,0.07047919452678793,0.234966470426844,199.36047358298674
612,OOF,2,40,0.06743066609586908,0.2554448915113545,199.6000669999048
612,OOF,2,41,0.0647914598090729,0.2761312828156452,199.83589679189026
612,OOF,2,42,0.06257604890051978,0.29472601609070626,200.07308174995705
612,OOF,2,43,0.060736977462314344,0.309682543302121,200.3207884579897
612,OOF,2,44,0.05916709672859986,0.32045561719633087,200.74401904223487
612,OOF,2,45,0.05773278938322034,0.3272946080696374,201.0116809583269
612,OOF,2,46,0.056336541848592735,0.33003922028375837,201.2643709583208
612,OOF,2,47,0.05491656343902751,0.3288849691719684,201.5184929999523
612,OOF,2,48,0.05342732714354776,0.32397263193069425,201.76684216689318
612,OOF,2,49,0.05183077859431357,0.3158871708560984,202.04871862521395
612,OOF,2,50,0.05012943951635059,0.3047748469799588,202.29926966689527
612,OOF,2,51,0.048356104473313774,0.2908118055573954,202.8517742920667
612,OOF,2,52,0.046548309420235634,0.2746782079692937,203.36575424997136
612,OOF,2,53,0.04474124587279013,0.25760918668632493,203.62625137530267
612,OOF,2,54,0.04297918781524639,0.24060727332359305,203.8661438752897
612,OOF,2,55,0.04133083344864683,0.22416291352852735,204.11371612502262
612,OOF,2,56,0.03979311348582359,0.2100145681536619,204.38456395827234
612,OOF,2,57,0.03832382285306549,0.2001331531054655,204.84303558291867
612,OOF,2,58,0.03695366971538662,0.19278500437339122,205.72428516717628
612,OOF,2,59,0.03566380679720303,0.18873768462194807,207.14662970788777
612,OOF,2,60,0.03434905423159635,0.18879334853579866,208.70596195803955
612,OOF,2,61,0.03297275917084595,0.19235364922654163,209.469219957944
612,OOF,2,62,0.03156482907905105,0.19852447054916592,210.88311770791188
612,OOF,2,63,0.030178335747517895,0.20673068774918318,212.1689761672169
612,OOF,2,64,0.02886289431988684,0.21612651326728202,212.7644628752023
612,OOF,2,65,0.027642813734579007,0.22572194406900628,213.47169604199007
612,OOF,2,66,0.026512967691396282,0.23473003701884884,214.81269579194486
612,OOF,2,67,0.02545788301489698,0.2425977632836688,215.2110237502493
612,OOF,2,68,0.02446616222901552,0.24872851757846676,215.53448062529787
612,OOF,2,69,0.02352561954453597,0.2519358955542795,215.8649315419607
612,OOF,2,70,0.0226121705049657,0.2509353086570294,216.14879433298483
612,OOF,2,71,0.02170734187344755,0.24563967346358978,216.48466587532312
612,OOF,2,72,0.020801483242294503,0.2365405740016026,217.74576520826668
612,OOF,2,73,0.0198853890957615,0.2243445647601037,218.69962783297524
612,OOF,2,74,0.01897358345460013,0.21023817305538783,219.07820166694
612,OOF,2,75,0.01809937105420894,0.1957222334414467,219.5337163330987
612,OOF,2,76,0.017283693476213037,0.1818032416034788,219.90318462532014
612,OOF,2,77,0.016534499418513322,0.16872809037304734,220.31174433324486
612,OOF,2,78,0.015836667829804495,0.1562103692123044,221.08400929206982
612,OOF,2,79,0.0151623766498698,0.14427075803507994,221.74689779197797
612,OOF,2,80,0.014490227119256108,0.13362020266023847,222.01036891713738
612,OOF,2,81,0.013811438879571005,0.12418455486002555,222.2516785832122
612,OOF,2,82,0.013173100394315209,0.11659459139795245,222.48624295787886
612,OOF,2,83,0.012545742222900424,0.11534759666309136,222.72888962505385
612,OOF,2,84,0.011921032442306585,0.10890742898663046,222.97032479196787
612,OOF,2,85,0.011404535720367207,0.1105001326279879,223.29772229213268
612,OOF,2,86,0.010921407852344328,0.11452570204559083,223.83077483298257
612,OOF,2,87,0.010483715102479927,0.11972197930326288,224.11237608315423
612,OOF,2,88,0.010092462105945171,0.12428818954327946,224.3525148332119
612,OOF,2,89,0.009734132768824037,0.12652018325670278,224.59620883315802
612,OOF,2,90,0.009394599090276514,0.12542694103679108,224.83200004231185
612,OOF,2,91,0.009068695554981115,0.12125076462043927,225.0608391673304
612,OOF,2,92,0.008754464746996657,0.11508257559333859,225.29208425013348
612,OOF,2,93,0.008446484206347043,0.10798122161081683,225.52087674988434
612,OOF,2,94,0.008141911044238219,0.10086790956317454,225.80236808303744
612,OOF,2,95,0.00784368024576083,0.09450509660442287,226.03379662521183
612,OOF,2,96,0.007559806199173673,0.08946766850576658,226.25871150009334
612,OOF,2,97,0.007300472362796857,0.08616155885904445,226.4944153749384
612,OOF,2,98,0.007063037694883027,0.08410630429933418,226.74013287527487
612,OOF,2,99,0.006831737668483362,0.082336913238693,226.9744606250897
612,OOF,2,100,0.006599304700190506,0.0806018822834758,227.20585275022313
