seed,fold,epoch,train_pinball_loss,gradient_l2_norm
0,1,1,0.312967985868454,0.2775711417198181
0,1,2,0.31246986985206604,0.2773021161556244
0,1,3,0.3119683265686035,0.2768514156341553
0,1,4,0.31146055459976196,0.27657872438430786
0,1,5,0.3109437823295593,0.27631083130836487
0,1,6,0.3104151785373688,0.2761436402797699
0,1,7,0.3098721206188202,0.27550989389419556
0,1,8,0.30931177735328674,0.27535054087638855
0,1,9,0.3087315261363983,0.2752872109413147
0,1,10,0.30812954902648926,0.2748517394065857
0,1,11,0.30750396847724915,0.27434271574020386
0,1,12,0.3068537712097168,0.2734779119491577
0,1,13,0.3061765432357788,0.2729793190956116
0,1,14,0.3054698705673218,0.2721324563026428
0,1,15,0.30473533272743225,0.2679964303970337
0,1,16,0.3039761483669281,0.26588284969329834
0,1,17,0.3031834363937378,0.2641404867172241
0,1,18,0.3023529052734375,0.26287585496902466
0,1,19,0.3014807105064392,0.2613585293292999
0,1,20,0.3005693256855011,0.25544777512550354
0,1,21,0.299625039100647,0.25032272934913635
0,1,22,0.29864904284477234,0.24484500288963318
0,1,23,0.29763031005859375,0.2414904683828354
0,1,24,0.2965545654296875,0.23799751698970795
0,1,25,0.29544347524642944,0.22649843990802765
0,1,26,0.294284462928772,0.22329768538475037
0,1,27,0.29305902123451233,0.2189430147409439
0,1,28,0.29175397753715515,0.21701151132583618
0,1,29,0.29035791754722595,0.21363236010074615
0,1,30,0.288860946893692,0.211309552192688
0,1,31,0.28725340962409973,0.208748921751976
0,1,32,0.2855361998081207,0.20226642489433289
0,1,33,0.28369221091270447,0.1988678127527237
0,1,34,0.2816942632198334,0.19598010182380676
0,1,35,0.2795301079750061,0.19148340821266174
0,1,36,0.2771836519241333,0.18630191683769226
0,1,37,0.2746599614620209,0.18056608736515045
0,1,38,0.27191537618637085,0.17777156829833984
0,1,39,0.26894620060920715,0.1744707077741623
0,1,40,0.2657582461833954,0.17085683345794678
0,1,41,0.26234084367752075,0.16815821826457977
0,1,42,0.25865253806114197,0.168753981590271
0,1,43,0.25464555621147156,0.1653435230255127
0,1,44,0.25034886598587036,0.16519153118133545
0,1,45,0.24565939605236053,0.1677141636610031
0,1,46,0.24046356976032257,0.17272284626960754
0,1,47,0.23469385504722595,0.1802353411912918
0,1,48,0.2282024323940277,0.1892956644296646
0,1,49,0.2210102528333664,0.19731570780277252
0,1,50,0.2132602035999298,0.19369183480739594
0,1,51,0.20546767115592957,0.1869078129529953
0,1,52,0.19792324304580688,0.16724492609500885
0,1,53,0.1918044239282608,0.1257915496826172
0,1,54,0.18809358775615692,0.1278458684682846
0,1,55,0.18583200871944427,0.1791481077671051
0,1,56,0.18373243510723114,0.2370060533285141
0,1,57,0.18070928752422333,0.2574866712093353
0,1,58,0.17691513895988464,0.23151114583015442
0,1,59,0.17311307787895203,0.174841970205307
0,1,60,0.17038607597351074,0.1354634016752243
0,1,61,0.1683279424905777,0.1278376579284668
0,1,62,0.1666339486837387,0.13074076175689697
0,1,63,0.16496118903160095,0.13403446972370148
0,1,64,0.16303350031375885,0.13217996060848236
0,1,65,0.16090379655361176,0.1283615231513977
0,1,66,0.15856187045574188,0.12276468425989151
0,1,67,0.1561063677072525,0.1124129667878151
0,1,68,0.15378119051456451,0.104261614382267
0,1,69,0.15170718729496002,0.10752363502979279
0,1,70,0.14974451065063477,0.10640682280063629
0,1,71,0.1478615701198578,0.10605871677398682
0,1,72,0.1460402011871338,0.10237669199705124
0,1,73,0.14431066811084747,0.09841618686914444
0,1,74,0.1426878720521927,0.08890759944915771
0,1,75,0.1411881297826767,0.08178076893091202
0,1,76,0.13978224992752075,0.07844402641057968
0,1,77,0.13844610750675201,0.07734144479036331
0,1,78,0.13714052736759186,0.07554490119218826
0,1,79,0.13588102161884308,0.0752120167016983
0,1,80,0.13465233147144318,0.0752977803349495
0,1,81,0.13340581953525543,0.07426338642835617
0,1,82,0.13213318586349487,0.07225537300109863
0,1,83,0.13083384931087494,0.07216797769069672
0,1,84,0.1294712871313095,0.07307800650596619
0,1,85,0.12823018431663513,0.08263783901929855
0,1,86,0.127004936337471,0.07991340011358261
0,1,87,0.12586259841918945,0.06957901269197464
0,1,88,0.1248076856136322,0.07034137099981308
0,1,89,0.1238008588552475,0.0764564499258995
0,1,90,0.12275342643260956,0.06523365527391434
0,1,91,0.12172021716833115,0.05445162579417229
0,1,92,0.12080065906047821,0.053909629583358765
0,1,93,0.11997690796852112,0.05664747953414917
0,1,94,0.11922887712717056,0.05963912606239319
0,1,95,0.11851293593645096,0.06213681027293205
0,1,96,0.11781851202249527,0.0643468052148819
0,1,97,0.11708471924066544,0.060406994074583054
0,1,98,0.11631014943122864,0.05416502431035042
0,1,99,0.11553273350000381,0.04974091053009033
0,1,100,0.11482073366641998,0.04955267161130905
0,1,101,0.11417079716920853,0.0581195130944252
0,1,102,0.1135372519493103,0.05817434936761856
0,1,103,0.11289189010858536,0.05284811183810234
0,1,104,0.11231681704521179,0.05117389187216759
0,1,105,0.11182533949613571,0.042421337217092514
0,1,106,0.1114649847149849,0.05698329955339432
0,1,107,0.11108433455228806,0.05648503452539444
0,1,108,0.11066948622465134,0.06080115959048271
0,1,109,0.11020003259181976,0.05479572340846062
0,1,110,0.10970275104045868,0.04959772527217865
0,1,111,0.10922552645206451,0.048005204647779465
0,1,112,0.1087753027677536,0.04814218357205391
0,1,113,0.10834340751171112,0.044413212686777115
0,1,114,0.10793427377939224,0.04568881168961525
0,1,115,0.10754583775997162,0.04752993956208229
0,1,116,0.10715612769126892,0.052410807460546494
0,1,117,0.10677359998226166,0.04810582101345062
0,1,118,0.10641071200370789,0.051295503973960876
0,1,119,0.10605625808238983,0.06641141325235367
0,1,120,0.105704665184021,0.05792571231722832
0,2,1,0.29372984170913696,0.2613427937030792
0,2,2,0.2932753264904022,0.2609853744506836
0,2,3,0.292814701795578,0.2608043849468231
0,2,4,0.29234611988067627,0.2604511082172394
0,2,5,0.2918676733970642,0.26040706038475037
0,2,6,0.29137754440307617,0.26011204719543457
0,2,7,0.2908743619918823,0.25994494557380676
0,2,8,0.2903563380241394,0.2596636116504669
0,2,9,0.2898216247558594,0.2593752145767212
0,2,10,0.28926798701286316,0.2590986490249634
0,2,11,0.2886936068534851,0.2585204541683197
0,2,12,0.28809723258018494,0.2575899660587311
0,2,13,0.28747642040252686,0.256600022315979
0,2,14,0.2868296205997467,0.25561094284057617
0,2,15,0.28615331649780273,0.2543349266052246
0,2,16,0.2854499816894531,0.25155842304229736
0,2,17,0.2847135365009308,0.25018635392189026
0,2,18,0.2839396595954895,0.2493160367012024
0,2,19,0.2831234335899353,0.2482163906097412
0,2,20,0.2822625935077667,0.24647453427314758
0,2,21,0.2813558876514435,0.243708074092865
0,2,22,0.2804033160209656,0.239918053150177
0,2,23,0.2794060707092285,0.23611146211624146
0,2,24,0.27835944294929504,0.2323264628648758
0,2,25,0.27725598216056824,0.22997944056987762
0,2,26,0.27610236406326294,0.22201129794120789
0,2,27,0.2749095857143402,0.21457026898860931
0,2,28,0.27366718649864197,0.20963846147060394
0,2,29,0.2723635137081146,0.20318147540092468
0,2,30,0.2709955871105194,0.19735634326934814
0,2,31,0.26956698298454285,0.18891151249408722
0,2,32,0.2680722177028656,0.18209001421928406
0,2,33,0.26651671528816223,0.1734982281923294
0,2,34,0.26487308740615845,0.16721206903457642
0,2,35,0.26312682032585144,0.16229020059108734
0,2,36,0.2612411379814148,0.15828078985214233
0,2,37,0.2592036724090576,0.15430989861488342
0,2,38,0.257011353969574,0.14959505200386047
0,2,39,0.2546386420726776,0.14547353982925415
0,2,40,0.252064973115921,0.1425396353006363
0,2,41,0.24925446510314941,0.14060477912425995
0,2,42,0.2461855560541153,0.13766050338745117
0,2,43,0.2428811937570572,0.13405606150627136
0,2,44,0.23932112753391266,0.13092496991157532
0,2,45,0.23552261292934418,0.12641166150569916
0,2,46,0.2315787971019745,0.12096342444419861
0,2,47,0.22747980058193207,0.11636794358491898
0,2,48,0.22336550056934357,0.10617958009243011
0,2,49,0.21936354041099548,0.09857028722763062
0,2,50,0.21549469232559204,0.09100629389286041
0,2,51,0.21212518215179443,0.08205141872167587
0,2,52,0.20928137004375458,0.08146530389785767
0,2,53,0.20676249265670776,0.0848558098077774
0,2,54,0.20481713116168976,0.09726011008024216
0,2,55,0.20320762693881989,0.11493056267499924
0,2,56,0.2013513743877411,0.12296635657548904
0,2,57,0.19908469915390015,0.11709169298410416
0,2,58,0.19660703837871552,0.10221263766288757
0,2,59,0.19426336884498596,0.08555124700069427
0,2,60,0.19233787059783936,0.06896565854549408
0,2,61,0.19082361459732056,0.06457804888486862
0,2,62,0.18957290053367615,0.06805290281772614
0,2,63,0.18835848569869995,0.07449474930763245
0,2,64,0.18699035048484802,0.08120492100715637
0,2,65,0.18540816009044647,0.0843484103679657
0,2,66,0.1835908740758896,0.08779061585664749
0,2,67,0.18151332437992096,0.08959277719259262
0,2,68,0.1792638599872589,0.08949670940637589
0,2,69,0.176962748169899,0.08369775861501694
0,2,70,0.174851194024086,0.07683698832988739
0,2,71,0.17314012348651886,0.07937517762184143
0,2,72,0.17186695337295532,0.09153784811496735
0,2,73,0.17081576585769653,0.10350386053323746
0,2,74,0.16960813105106354,0.10413241386413574
0,2,75,0.16822214424610138,0.09695880115032196
0,2,76,0.1667608916759491,0.07952192425727844
0,2,77,0.16538894176483154,0.06694328039884567
0,2,78,0.16416625678539276,0.05894393101334572
0,2,79,0.16309896111488342,0.05225077643990517
0,2,80,0.16214139759540558,0.05930217355489731
0,2,81,0.1612347662448883,0.07358267158269882
0,2,82,0.160231351852417,0.0829063430428505
0,2,83,0.1590752750635147,0.0797068402171135
0,2,84,0.1578214019536972,0.0692475438117981
0,2,85,0.15656441450119019,0.05776156485080719
0,2,86,0.1554415225982666,0.04671662300825119
0,2,87,0.15449504554271698,0.05782351642847061
0,2,88,0.15358854830265045,0.06586549431085587
0,2,89,0.1526258885860443,0.06932155042886734
0,2,90,0.15157803893089294,0.062010105699300766
0,2,91,0.15051543712615967,0.04713863134384155
0,2,92,0.14954616129398346,0.04635526239871979
0,2,93,0.14861424267292023,0.047774624079465866
0,2,94,0.14766928553581238,0.051631420850753784
0,2,95,0.14668594300746918,0.05271068587899208
0,2,96,0.14565490186214447,0.05042822286486626
0,2,97,0.1446021944284439,0.04373703524470329
0,2,98,0.14362233877182007,0.040961552411317825
0,2,99,0.14269675314426422,0.04462398961186409
0,2,100,0.1417929083108902,0.05297807604074478
0,2,101,0.14085249602794647,0.05420931801199913
0,2,102,0.13984964787960052,0.04587729275226593
0,2,103,0.13885778188705444,0.040824614465236664
0,2,104,0.1379294991493225,0.04140279069542885
0,2,105,0.13704140484333038,0.043733593076467514
0,2,106,0.1361539512872696,0.045042991638183594
0,2,107,0.13527798652648926,0.04358406737446785
0,2,108,0.13440729677677155,0.04280562326312065
0,2,109,0.13353797793388367,0.04237712174654007
0,2,110,0.13271629810333252,0.043046984821558
0,2,111,0.1318858563899994,0.0466119647026062
0,2,112,0.1310582458972931,0.04815979301929474
0,2,113,0.1302579641342163,0.04823346808552742
0,2,114,0.12948371469974518,0.04459533095359802
0,2,115,0.12876304984092712,0.047110412269830704
0,2,116,0.12809494137763977,0.051262665539979935
0,2,117,0.12742657959461212,0.054258983582258224
0,2,118,0.126689150929451,0.0521044060587883
0,2,119,0.12593330442905426,0.04855816811323166
0,2,120,0.1251642256975174,0.049465905874967575
0,3,1,0.2616885006427765,0.24087660014629364
0,3,2,0.26127514243125916,0.2406972199678421
0,3,3,0.26085618138313293,0.2402869313955307
0,3,4,0.26042988896369934,0.2401556372642517
0,3,5,0.25999438762664795,0.23993343114852905
0,3,6,0.2595483660697937,0.23967258632183075
0,3,7,0.2590900659561157,0.2395031452178955
0,3,8,0.25861793756484985,0.2392459213733673
0,3,9,0.25813028216362,0.238896906375885
0,3,10,0.2576256990432739,0.23837216198444366
0,3,11,0.2571032643318176,0.23735402524471283
0,3,12,0.2565615475177765,0.23596887290477753
0,3,13,0.2559986710548401,0.23518986999988556
0,3,14,0.255410760641098,0.23441961407661438
0,3,15,0.25479602813720703,0.23305872082710266
0,3,16,0.2541557550430298,0.23061686754226685
0,3,17,0.25348523259162903,0.22937388718128204
0,3,18,0.25277987122535706,0.22846512496471405
0,3,19,0.25203588604927063,0.22706544399261475
0,3,20,0.251254141330719,0.22435276210308075
0,3,21,0.25043267011642456,0.22166824340820312
0,3,22,0.24956835806369781,0.2180434763431549
0,3,23,0.24866355955600739,0.214854434132576
0,3,24,0.24771134555339813,0.2121567279100418
0,3,25,0.2467128485441208,0.2068275809288025
0,3,26,0.2456815242767334,0.1984914243221283
0,3,27,0.24462081491947174,0.19146615266799927
0,3,28,0.24351811408996582,0.18609800934791565
0,3,29,0.2423768788576126,0.1777910739183426
0,3,30,0.24118860065937042,0.17281779646873474
0,3,31,0.23996365070343018,0.16252975165843964
0,3,32,0.23872806131839752,0.15189328789710999
0,3,33,0.23746387660503387,0.1421753466129303
0,3,34,0.2361880987882614,0.13293452560901642
0,3,35,0.23486579954624176,0.1252376139163971
0,3,36,0.23348258435726166,0.11910306662321091
0,3,37,0.23202160000801086,0.11281277239322662
0,3,38,0.23047982156276703,0.10631736367940903
0,3,39,0.2288697510957718,0.09971786290407181
0,3,40,0.22717204689979553,0.09418747574090958
0,3,41,0.225362166762352,0.08945644646883011
0,3,42,0.22341227531433105,0.08697611093521118
0,3,43,0.22128178179264069,0.08520040661096573
0,3,44,0.2189439833164215,0.0838698297739029
0,3,45,0.216404527425766,0.08143994957208633
0,3,46,0.21368291974067688,0.07967376708984375
0,3,47,0.21083985269069672,0.07461109012365341
0,3,48,0.2080853283405304,0.067652128636837
0,3,49,0.20549370348453522,0.058450568467378616
0,3,50,0.20315304398536682,0.05345157906413078
0,3,51,0.20109303295612335,0.05099739506840706
0,3,52,0.19955842196941376,0.058407559990882874
0,3,53,0.19846183061599731,0.07283755391836166
0,3,54,0.197576642036438,0.08388427644968033
0,3,55,0.19665022194385529,0.09098654985427856
0,3,56,0.1955159455537796,0.0895262286067009
0,3,57,0.1941898763179779,0.08180487155914307
0,3,58,0.19281665980815887,0.07146672159433365
0,3,59,0.19156648218631744,0.060699544847011566
0,3,60,0.19049116969108582,0.05193016305565834
0,3,61,0.18954870104789734,0.04849571734666824
0,3,62,0.1886637955904007,0.0484955757856369
0,3,63,0.18777048587799072,0.04993363469839096
0,3,64,0.18680840730667114,0.05180569365620613
0,3,65,0.18574368953704834,0.05172456428408623
0,3,66,0.18458734452724457,0.052326709032058716
0,3,67,0.18337327241897583,0.0529041551053524
0,3,68,0.18215583264827728,0.05259599909186363
0,3,69,0.18099410831928253,0.05168675258755684
0,3,70,0.17989760637283325,0.050379130989313126
0,3,71,0.17885586619377136,0.04674174264073372
0,3,72,0.17789869010448456,0.04906077682971954
0,3,73,0.17692150175571442,0.05212726071476936
0,3,74,0.17585766315460205,0.05280286446213722
0,3,75,0.17470183968544006,0.05370611324906349
0,3,76,0.17345170676708221,0.05337397754192352
0,3,77,0.1721286177635193,0.05353877693414688
0,3,78,0.17074096202850342,0.05293126404285431
0,3,79,0.16931210458278656,0.051632631570100784
0,3,80,0.16786916553974152,0.05269426479935646
0,3,81,0.16635505855083466,0.05642646551132202
0,3,82,0.16475920379161835,0.05594199150800705
0,3,83,0.163154736161232,0.06079545244574547
0,3,84,0.16146764159202576,0.06472202390432358
0,3,85,0.15975001454353333,0.0657123550772667
0,3,86,0.1580377221107483,0.06728298962116241
0,3,87,0.15630283951759338,0.06395288556814194
0,3,88,0.15459036827087402,0.05936653912067413
0,3,89,0.15290787816047668,0.0585542693734169
0,3,90,0.15129391849040985,0.06015444174408913
0,3,91,0.1497018039226532,0.06071466580033302
0,3,92,0.14819079637527466,0.06402371823787689
0,3,93,0.1467006802558899,0.06731767952442169
0,3,94,0.14522399008274078,0.06769774854183197
0,3,95,0.1436169296503067,0.06942631304264069
0,3,96,0.1418815404176712,0.07069940119981766
0,3,97,0.14004817605018616,0.0696704238653183
0,3,98,0.1382099688053131,0.07507427036762238
0,3,99,0.1363440304994583,0.07402613759040833
0,3,100,0.13449129462242126,0.06617379188537598
0,3,101,0.1327681839466095,0.06267968565225601
0,3,102,0.1312183290719986,0.06740397214889526
0,3,103,0.12981072068214417,0.05212175473570824
0,3,104,0.12867021560668945,0.06199890002608299
0,3,105,0.12776271998882294,0.054080262780189514
0,3,106,0.12702834606170654,0.05131436884403229
0,3,107,0.12642870843410492,0.058986127376556396
0,3,108,0.12581539154052734,0.05760767310857773
0,3,109,0.12515857815742493,0.05196300894021988
0,3,110,0.12451053410768509,0.06009407714009285
0,3,111,0.12383730709552765,0.07152906060218811
0,3,112,0.12304775416851044,0.05219404026865959
0,3,113,0.12243075668811798,0.05052179470658302
0,3,114,0.12188175320625305,0.05546971783041954
0,3,115,0.12137436121702194,0.06094837188720703
0,3,116,0.12081378698348999,0.07116502523422241
0,3,117,0.12005418539047241,0.06623636931180954
0,3,118,0.1192631721496582,0.06035182997584343
0,3,119,0.11849790811538696,0.048915158957242966
0,3,120,0.11784529685974121,0.04293521121144295
1,1,1,0.27525120973587036,0.10907930135726929
1,1,2,0.2749153673648834,0.10833701491355896
1,1,3,0.27459049224853516,0.10787259042263031
1,1,4,0.27427148818969727,0.10722416639328003
1,1,5,0.2739538550376892,0.10707049816846848
1,1,6,0.27363279461860657,0.10663805902004242
1,1,7,0.2733061909675598,0.10623759031295776
1,1,8,0.27297306060791016,0.10527712851762772
1,1,9,0.2726319134235382,0.10453621298074722
1,1,10,0.2722793221473694,0.10431551188230515
1,1,11,0.27191248536109924,0.10407746583223343
1,1,12,0.2715294063091278,0.10339010506868362
1,1,13,0.27112773060798645,0.10293995589017868
1,1,14,0.2707054018974304,0.1020784080028534
1,1,15,0.27026110887527466,0.10065095871686935
1,1,16,0.269796222448349,0.09869647771120071
1,1,17,0.2693116068840027,0.0964772030711174
1,1,18,0.2688027322292328,0.0952417254447937
1,1,19,0.26826396584510803,0.09468182921409607
1,1,20,0.26769042015075684,0.09405533224344254
1,1,21,0.2670803368091583,0.09232308715581894
1,1,22,0.26643532514572144,0.09056404232978821
1,1,23,0.26575472950935364,0.08828257769346237
1,1,24,0.26502725481987,0.08729447424411774
1,1,25,0.2642439901828766,0.0869111716747284
1,1,26,0.2633967399597168,0.08665961027145386
1,1,27,0.26248085498809814,0.08545389771461487
1,1,28,0.2614933252334595,0.08537165075540543
1,1,29,0.2604164481163025,0.08556398749351501
1,1,30,0.2592446208000183,0.0848575234413147
1,1,31,0.25797727704048157,0.08421257138252258
1,1,32,0.25659477710723877,0.08359795063734055
1,1,33,0.25508612394332886,0.08410573750734329
1,1,34,0.25342532992362976,0.08512911945581436
1,1,35,0.2516035735607147,0.08528193831443787
1,1,36,0.24962100386619568,0.08572755008935928
1,1,37,0.24747298657894135,0.08640076220035553
1,1,38,0.24511860311031342,0.08842234313488007
1,1,39,0.24254052340984344,0.09112012386322021
1,1,40,0.2397051751613617,0.09523434191942215
1,1,41,0.2365945279598236,0.09911352396011353
1,1,42,0.23314402997493744,0.10575930774211884
1,1,43,0.22930322587490082,0.11429274082183838
1,1,44,0.22498127818107605,0.12421011179685593
1,1,45,0.22020474076271057,0.13200445473194122
1,1,46,0.21506741642951965,0.13654188811779022
1,1,47,0.20969687402248383,0.1324390172958374
1,1,48,0.20445634424686432,0.12118806689977646
1,1,49,0.20006562769412994,0.08897395431995392
1,1,50,0.19672270119190216,0.07505679130554199
1,1,51,0.19418969750404358,0.07153592258691788
1,1,52,0.19267146289348602,0.08888949453830719
1,1,53,0.1921272575855255,0.14721056818962097
1,1,54,0.19160987436771393,0.20004481077194214
1,1,55,0.18982882797718048,0.20613107085227966
1,1,56,0.18684609234333038,0.17605914175510406
1,1,57,0.18349076807498932,0.13107571005821228
1,1,58,0.18055754899978638,0.0940355658531189
1,1,59,0.1781841516494751,0.08128156512975693
1,1,60,0.17634759843349457,0.0887337252497673
1,1,61,0.17467807233333588,0.10223045945167542
1,1,62,0.1729770302772522,0.10545860975980759
1,1,63,0.1711742877960205,0.10733084380626678
1,1,64,0.1692899614572525,0.10387448966503143
1,1,65,0.16727453470230103,0.09797903895378113
1,1,66,0.16523368656635284,0.08833946287631989
1,1,67,0.16320081055164337,0.07949794828891754
1,1,68,0.1612485945224762,0.07072780281305313
1,1,69,0.1594334840774536,0.06852967292070389
1,1,70,0.15772897005081177,0.06952977180480957
1,1,71,0.1561746746301651,0.0791611596941948
1,1,72,0.1546335518360138,0.08346196264028549
1,1,73,0.15298819541931152,0.08275946974754333
1,1,74,0.1512804478406906,0.07341960072517395
1,1,75,0.1496095210313797,0.06809157878160477
1,1,76,0.14804954826831818,0.06492745876312256
1,1,77,0.14660611748695374,0.06744033843278885
1,1,78,0.1451393961906433,0.07177002727985382
1,1,79,0.14358046650886536,0.06961531937122345
1,1,80,0.14197120070457458,0.06843618303537369
1,1,81,0.14031590521335602,0.062167778611183167
1,1,82,0.13869734108448029,0.058860186487436295
1,1,83,0.13715647161006927,0.059685178101062775
1,1,84,0.13569697737693787,0.06599510461091995
1,1,85,0.13423393666744232,0.06933430582284927
1,1,86,0.13281697034835815,0.06469705700874329
1,1,87,0.13144440948963165,0.058446768671274185
1,1,88,0.1302083134651184,0.05516799911856651
1,1,89,0.12906531989574432,0.05662097781896591
1,1,90,0.12793190777301788,0.05945346876978874
1,1,91,0.12676016986370087,0.0575413778424263
1,1,92,0.12558794021606445,0.05000276491045952
1,1,93,0.12456823140382767,0.05088530108332634
1,1,94,0.12363281100988388,0.059490278363227844
1,1,95,0.12267281860113144,0.055062614381313324
1,1,96,0.1217469722032547,0.04108942300081253
1,1,97,0.12095273286104202,0.04292382672429085
1,1,98,0.12020403891801834,0.0466318354010582
1,1,99,0.1194555014371872,0.04105451703071594
1,1,100,0.11872986704111099,0.037613190710544586
1,1,101,0.11807601898908615,0.04352637007832527
1,1,102,0.11746283620595932,0.044104769825935364
1,1,103,0.1168852299451828,0.032306261360645294
1,1,104,0.11639874428510666,0.03621302545070648
1,1,105,0.1159198060631752,0.03570054471492767
1,1,106,0.11543048918247223,0.033953163772821426
1,1,107,0.11495465040206909,0.03233099356293678
1,1,108,0.11449359357357025,0.038650088012218475
1,1,109,0.11401776969432831,0.03717615827918053
1,1,110,0.11354001611471176,0.03437650576233864
1,1,111,0.11306017637252808,0.03474445268511772
1,1,112,0.11257466673851013,0.03446762263774872
1,1,113,0.11209940165281296,0.03398639336228371
1,1,114,0.11164206266403198,0.03758830204606056
1,1,115,0.11117533594369888,0.03337165340781212
1,1,116,0.11073876172304153,0.036503542214632034
1,1,117,0.11030834168195724,0.034182414412498474
1,1,118,0.10989337414503098,0.03465200215578079
1,1,119,0.1094675213098526,0.034511689096689224
1,1,120,0.10903561860322952,0.0303606316447258
1,2,1,0.25652387738227844,0.10405933111906052
1,2,2,0.2562551200389862,0.10381359606981277
1,2,3,0.25598639249801636,0.10327906906604767
1,2,4,0.255715936422348,0.10287690907716751
1,2,5,0.25544214248657227,0.10251624882221222
1,2,6,0.25516369938850403,0.10204237699508667
1,2,7,0.2548788785934448,0.10169468075037003
1,2,8,0.2545860707759857,0.10087232291698456
1,2,9,0.25428321957588196,0.1003633663058281
1,2,10,0.25396767258644104,0.09998025745153427
1,2,11,0.2536374628543854,0.09942594915628433
1,2,12,0.2532912492752075,0.09865536540746689
1,2,13,0.25292715430259705,0.09782420098781586
1,2,14,0.25254350900650024,0.0971277579665184
1,2,15,0.2521379888057709,0.09611936658620834
1,2,16,0.25170931220054626,0.09550754725933075
1,2,17,0.25125375390052795,0.09498229622840881
1,2,18,0.2507688105106354,0.09440195560455322
1,2,19,0.2502519488334656,0.09397809207439423
1,2,20,0.24969884753227234,0.09364692866802216
1,2,21,0.24910609424114227,0.09336752444505692
1,2,22,0.24846968054771423,0.09245681017637253
1,2,23,0.2477874904870987,0.09185406565666199
1,2,24,0.24705450236797333,0.09111413359642029
1,2,25,0.2462642788887024,0.0904439389705658
1,2,26,0.24541181325912476,0.09000466763973236
1,2,27,0.24448896944522858,0.08974490314722061
1,2,28,0.24348938465118408,0.08940578252077103
1,2,29,0.24240973591804504,0.08853723853826523
1,2,30,0.24124346673488617,0.08772967010736465
1,2,31,0.23998065292835236,0.08676211535930634
1,2,32,0.23861047625541687,0.085843525826931
1,2,33,0.237123504281044,0.08500984311103821
1,2,34,0.23551183938980103,0.08467307686805725
1,2,35,0.23375897109508514,0.083826445043087
1,2,36,0.2318585366010666,0.08385060727596283
1,2,37,0.2297934889793396,0.08330436050891876
1,2,38,0.22754043340682983,0.08433365821838379
1,2,39,0.22510553896427155,0.08333612978458405
1,2,40,0.22257868945598602,0.08039168268442154
1,2,41,0.21994483470916748,0.07766912132501602
1,2,42,0.21726883947849274,0.07580948621034622
1,2,43,0.21453630924224854,0.0725870132446289
1,2,44,0.21185214817523956,0.06712067872285843
1,2,45,0.2093319445848465,0.06073594465851784
1,2,46,0.20719243586063385,0.056100033223629
1,2,47,0.20540164411067963,0.05826471745967865
1,2,48,0.20417749881744385,0.07398509979248047
1,2,49,0.20325881242752075,0.09642929583787918
1,2,50,0.20211821794509888,0.10655871033668518
1,2,51,0.20048870146274567,0.10869068652391434
1,2,52,0.19846311211585999,0.09841471910476685
1,2,53,0.1964493989944458,0.07425407320261002
1,2,54,0.1948729157447815,0.056344956159591675
1,2,55,0.1936996877193451,0.05053350329399109
1,2,56,0.19273972511291504,0.05224870145320892
1,2,57,0.1918363869190216,0.058035336434841156
1,2,58,0.19081655144691467,0.06179004907608032
1,2,59,0.18961511552333832,0.06280539184808731
1,2,60,0.18825572729110718,0.061000656336545944
1,2,61,0.18681934475898743,0.06025029718875885
1,2,62,0.18534009158611298,0.06219301372766495
1,2,63,0.18385297060012817,0.06716874241828918
1,2,64,0.18232709169387817,0.07000318914651871
1,2,65,0.18072663247585297,0.06860660016536713
1,2,66,0.17909309267997742,0.06269047409296036
1,2,67,0.17748303711414337,0.06019249185919762
1,2,68,0.17586061358451843,0.06161821261048317
1,2,69,0.17419980466365814,0.06378304213285446
1,2,70,0.17255355417728424,0.06350664049386978
1,2,71,0.17089402675628662,0.06434623897075653
1,2,72,0.1692305952310562,0.06374209374189377
1,2,73,0.16765989363193512,0.06259504705667496
1,2,74,0.16614089906215668,0.06023707613348961
1,2,75,0.16464926302433014,0.05868947133421898
1,2,76,0.16312935948371887,0.05783414840698242
1,2,77,0.16163897514343262,0.05579613894224167
1,2,78,0.1601632535457611,0.05464114621281624
1,2,79,0.15880902111530304,0.0571148619055748
1,2,80,0.1575566530227661,0.06390225142240524
1,2,81,0.1561882495880127,0.0642303079366684
1,2,82,0.15473608672618866,0.06084780767560005
1,2,83,0.15323682129383087,0.05742038041353226
1,2,84,0.15173697471618652,0.05699119344353676
1,2,85,0.15021298825740814,0.05657845363020897
1,2,86,0.14865253865718842,0.05512921139597893
1,2,87,0.14705441892147064,0.05188094824552536
1,2,88,0.14546333253383636,0.051097169518470764
1,2,89,0.1439080387353897,0.05000213906168938
1,2,90,0.14238984882831573,0.05424937605857849
1,2,91,0.14088629186153412,0.055198587477207184
1,2,92,0.13941490650177002,0.05395546555519104
1,2,93,0.13799770176410675,0.05447320640087128
1,2,94,0.13660871982574463,0.05307241901755333
1,2,95,0.13528183102607727,0.04841756448149681
1,2,96,0.13405023515224457,0.04635903239250183
1,2,97,0.13291586935520172,0.04689884930849075
1,2,98,0.13194270431995392,0.042309656739234924
1,2,99,0.13107363879680634,0.04430435225367546
1,2,100,0.13025642931461334,0.04256521537899971
1,2,101,0.12948668003082275,0.042318087071180344
1,2,102,0.1287304013967514,0.043088510632514954
1,2,103,0.12798041105270386,0.043182823807001114
1,2,104,0.12722338736057281,0.0420534722507
1,2,105,0.12647689878940582,0.04161936789751053
1,2,106,0.12574821710586548,0.04387854039669037
1,2,107,0.12498484551906586,0.0410614088177681
1,2,108,0.12423422187566757,0.03963295742869377
1,2,109,0.12354299426078796,0.041429925709962845
1,2,110,0.12290459871292114,0.03623555228114128
1,2,111,0.122365802526474,0.04207257553935051
1,2,112,0.12180077284574509,0.041692834347486496
1,2,113,0.12120984494686127,0.04130271449685097
1,2,114,0.12062358111143112,0.04700407013297081
1,2,115,0.11999668180942535,0.04330262169241905
1,2,116,0.11939506232738495,0.039087746292352676
1,2,117,0.11884395033121109,0.04713563993573189
1,2,118,0.11828207224607468,0.0406205952167511
1,2,119,0.11780630797147751,0.05701255425810814
1,2,120,0.11721854656934738,0.03982368856668472
1,3,1,0.23177748918533325,0.06109223514795303
1,3,2,0.23159188032150269,0.06065874919295311
1,3,3,0.2314039021730423,0.060158077627420425
1,3,4,0.23121201992034912,0.05964251980185509
1,3,5,0.23101526498794556,0.05922694131731987
1,3,6,0.23081262409687042,0.05865193530917168
1,3,7,0.23060296475887299,0.05814233049750328
1,3,8,0.23038505017757416,0.057943232357501984
1,3,9,0.2301570326089859,0.05761873722076416
1,3,10,0.229917973279953,0.057184167206287384
1,3,11,0.2296667844057083,0.05692870914936066
1,3,12,0.2294018715620041,0.05659274756908417
1,3,13,0.22912290692329407,0.05623176321387291
1,3,14,0.22882765531539917,0.05617543309926987
1,3,15,0.22851432859897614,0.05588501691818237
1,3,16,0.22818174958229065,0.05571015179157257
1,3,17,0.2278275340795517,0.05554300174117088
1,3,18,0.2274497002363205,0.05530036613345146
1,3,19,0.22704580426216125,0.05512277036905289
1,3,20,0.2266143560409546,0.05455959960818291
1,3,21,0.2261517494916916,0.054707709699869156
1,3,22,0.22565299272537231,0.05487667769193649
1,3,23,0.2251143753528595,0.05475163832306862
1,3,24,0.22453172504901886,0.05522776395082474
1,3,25,0.2239002138376236,0.055425453931093216
1,3,26,0.22321519255638123,0.05604146420955658
1,3,27,0.222471222281456,0.05653439462184906
1,3,28,0.2216651886701584,0.05651623383164406
1,3,29,0.22079125046730042,0.05708572268486023
1,3,30,0.21984362602233887,0.058297574520111084
1,3,31,0.21882061660289764,0.05964691564440727
1,3,32,0.21771159768104553,0.06116023659706116
1,3,33,0.2165081948041916,0.06155451759696007
1,3,34,0.21522612869739532,0.0613395981490612
1,3,35,0.2138434648513794,0.06202276051044464
1,3,36,0.21236151456832886,0.06188448145985603
1,3,37,0.210777148604393,0.0628812164068222
1,3,38,0.20906835794448853,0.06243988126516342
1,3,39,0.20728673040866852,0.05974844843149185
1,3,40,0.20547103881835938,0.05586419627070427
1,3,41,0.20366482436656952,0.051227930933237076
1,3,42,0.2019602656364441,0.04354005306959152
1,3,43,0.20048491656780243,0.035156648606061935
1,3,44,0.19932429492473602,0.03305084630846977
1,3,45,0.19847947359085083,0.039290886372327805
1,3,46,0.1978762149810791,0.052042197436094284
1,3,47,0.19729822874069214,0.06421578675508499
1,3,48,0.1964826136827469,0.07087339460849762
1,3,49,0.19533143937587738,0.06992927938699722
1,3,50,0.1939772218465805,0.06439334899187088
1,3,51,0.1925537884235382,0.05681155249476433
1,3,52,0.191186785697937,0.04957208037376404
1,3,53,0.18993760645389557,0.04369848966598511
1,3,54,0.18881931900978088,0.041682712733745575
1,3,55,0.18776647746562958,0.04230377823114395
1,3,56,0.18671569228172302,0.04365843906998634
1,3,57,0.1856135129928589,0.04550905525684357
1,3,58,0.1844683438539505,0.0435531921684742
1,3,59,0.18330809473991394,0.04122751206159592
1,3,60,0.1821524202823639,0.04041612520813942
1,3,61,0.18100225925445557,0.038692936301231384
1,3,62,0.17992907762527466,0.0408223457634449
1,3,63,0.17892391979694366,0.045685045421123505
1,3,64,0.1779087483882904,0.05239837244153023
1,3,65,0.17683696746826172,0.05309359356760979
1,3,66,0.17566922307014465,0.05162657052278519
1,3,67,0.17444348335266113,0.044605426490306854
1,3,68,0.17323578894138336,0.045126400887966156
1,3,69,0.17199157178401947,0.046498727053403854
1,3,70,0.17069630324840546,0.04633527621626854
1,3,71,0.16936655342578888,0.047274477779865265
1,3,72,0.16801823675632477,0.04872268810868263
1,3,73,0.16662690043449402,0.049778591841459274
1,3,74,0.16518467664718628,0.04906398057937622
1,3,75,0.16381843388080597,0.05104697495698929
1,3,76,0.1624874472618103,0.05491526797413826
1,3,77,0.16106131672859192,0.057045020163059235
1,3,78,0.15955686569213867,0.05815618485212326
1,3,79,0.1580040156841278,0.05946977436542511
1,3,80,0.15643218159675598,0.061452772468328476
1,3,81,0.1548188477754593,0.05746452510356903
1,3,82,0.15319369733333588,0.05792730301618576
1,3,83,0.15152029693126678,0.05846494063735008
1,3,84,0.14978870749473572,0.05773220583796501
1,3,85,0.14801406860351562,0.05893351882696152
1,3,86,0.1461797058582306,0.06077193841338158
1,3,87,0.14430908858776093,0.05652625858783722
1,3,88,0.1425425261259079,0.05635477975010872
1,3,89,0.1408054381608963,0.053532086312770844
1,3,90,0.13914653658866882,0.0544852539896965
1,3,91,0.13756385445594788,0.058871570974588394
1,3,92,0.1360241323709488,0.06832261383533478
1,3,93,0.13443048298358917,0.062407854944467545
1,3,94,0.1328553706407547,0.051979564130306244
1,3,95,0.131372332572937,0.05205390974879265
1,3,96,0.129994198679924,0.06540846824645996
1,3,97,0.12846338748931885,0.06121492385864258
1,3,98,0.12704503536224365,0.05729527398943901
1,3,99,0.12575769424438477,0.06295205652713776
1,3,100,0.1244635209441185,0.0658758208155632
1,3,101,0.12310592830181122,0.05384348705410957
1,3,102,0.12198268622159958,0.07400716096162796
1,3,103,0.12083116918802261,0.06378819048404694
1,3,104,0.11984271556138992,0.06625479459762573
1,3,105,0.11887653917074203,0.07258133590221405
1,3,106,0.1178179681301117,0.06483294814825058
1,3,107,0.11681406199932098,0.063453309237957
1,3,108,0.11587222665548325,0.0758599117398262
1,3,109,0.11485607922077179,0.0607222244143486
1,3,110,0.11401244252920151,0.06380109488964081
1,3,111,0.11319314688444138,0.06915269792079926
1,3,112,0.11231319606304169,0.061053432524204254
1,3,113,0.11158442497253418,0.09122930467128754
1,3,114,0.11063047498464584,0.057659048587083817
1,3,115,0.10984871536493301,0.08192266523838043
1,3,116,0.10896660387516022,0.06967094540596008
1,3,117,0.1081821471452713,0.06570345163345337
1,3,118,0.1074717566370964,0.11272569000720978
1,3,119,0.1068669930100441,0.20130842924118042
1,3,120,0.10634494572877884,0.18025031685829163
2,1,1,0.35537636280059814,0.28986069560050964
2,1,2,0.35484611988067627,0.28957194089889526
2,1,3,0.35431790351867676,0.2894785702228546
2,1,4,0.35378894209861755,0.28928959369659424
2,1,5,0.35325634479522705,0.2889065742492676
2,1,6,0.3527173399925232,0.2888220250606537
2,1,7,0.3521699011325836,0.2881568670272827
2,1,8,0.351611465215683,0.2878938913345337
2,1,9,0.3510395586490631,0.2877279222011566
2,1,10,0.3504520058631897,0.2875576317310333
2,1,11,0.34984734654426575,0.2873913645744324
2,1,12,0.34922370314598083,0.28723421692848206
2,1,13,0.3485798239707947,0.28717538714408875
2,1,14,0.3479147255420685,0.28663378953933716
2,1,15,0.3472271263599396,0.2864876687526703
2,1,16,0.3465152084827423,0.28634878993034363
2,1,17,0.3457767963409424,0.2861271798610687
2,1,18,0.3450097143650055,0.28601324558258057
2,1,19,0.34421202540397644,0.28570395708084106
2,1,20,0.34338143467903137,0.2854117155075073
2,1,21,0.3425139784812927,0.28524038195610046
2,1,22,0.34160616993904114,0.2850724160671234
2,1,23,0.34065452218055725,0.28482335805892944
2,1,24,0.3396542966365814,0.284994512796402
2,1,25,0.33859965205192566,0.28460928797721863
2,1,26,0.337487131357193,0.2843549847602844
2,1,27,0.33630990982055664,0.28412070870399475
2,1,28,0.3350616991519928,0.283726304769516
2,1,29,0.3337368965148926,0.28318607807159424
2,1,30,0.33232635259628296,0.28309813141822815
2,1,31,0.33081844449043274,0.2825133204460144
2,1,32,0.3292069733142853,0.28237465023994446
2,1,33,0.3274768888950348,0.2824271619319916
2,1,34,0.32561543583869934,0.2822943329811096
2,1,35,0.32360947132110596,0.2824001610279083
2,1,36,0.3214445412158966,0.2824705243110657
2,1,37,0.31910550594329834,0.2823629379272461
2,1,38,0.3165830969810486,0.28017479181289673
2,1,39,0.31388652324676514,0.2756488621234894
2,1,40,0.3110652565956116,0.2681136131286621
2,1,41,0.3081716299057007,0.2536417841911316
2,1,42,0.3052254617214203,0.2434132993221283
2,1,43,0.3022761046886444,0.2282385528087616
2,1,44,0.29928889870643616,0.21277189254760742
2,1,45,0.2963835299015045,0.19923527538776398
2,1,46,0.29341989755630493,0.19055984914302826
2,1,47,0.2904680073261261,0.1772027462720871
2,1,48,0.2874568700790405,0.16837173700332642
2,1,49,0.28428542613983154,0.16407838463783264
2,1,50,0.2808879315853119,0.15890786051750183
2,1,51,0.2772785425186157,0.15298528969287872
2,1,52,0.27343085408210754,0.15094128251075745
2,1,53,0.26929864287376404,0.15153466165065765
2,1,54,0.26494187116622925,0.1537615805864334
2,1,55,0.2603047788143158,0.15602484345436096
2,1,56,0.2554864287376404,0.16023771464824677
2,1,57,0.2504246234893799,0.16358186304569244
2,1,58,0.24552728235721588,0.14481748640537262
2,1,59,0.24191130697727203,0.11950549483299255
2,1,60,0.23977093398571014,0.13078264892101288
2,1,61,0.23881064355373383,0.175450399518013
2,1,62,0.2372198849916458,0.19973723590373993
2,1,63,0.234176367521286,0.19843757152557373
2,1,64,0.23015078902244568,0.1777501106262207
2,1,65,0.22599875926971436,0.14740140736103058
2,1,66,0.22229792177677155,0.13040471076965332
2,1,67,0.21921293437480927,0.12445449084043503
2,1,68,0.2164154052734375,0.12665194272994995
2,1,69,0.21363893151283264,0.1307772696018219
2,1,70,0.21075771749019623,0.13382141292095184
2,1,71,0.20767319202423096,0.1295434832572937
2,1,72,0.2044680267572403,0.12035656720399857
2,1,73,0.20125536620616913,0.11148234456777573
2,1,74,0.1980658620595932,0.10257299989461899
2,1,75,0.19500821828842163,0.09725556522607803
2,1,76,0.19214051961898804,0.0942428782582283
2,1,77,0.18935328722000122,0.09491846710443497
2,1,78,0.18662777543067932,0.09206871688365936
2,1,79,0.18397192656993866,0.08888261020183563
2,1,80,0.18155264854431152,0.07854399085044861
2,1,81,0.17974552512168884,0.06991171091794968
2,1,82,0.17851626873016357,0.07143844664096832
2,1,83,0.17780986428260803,0.08300188183784485
2,1,84,0.17711172997951508,0.09232452511787415
2,1,85,0.1761564463376999,0.09507063776254654
2,1,86,0.1749058961868286,0.09025657176971436
2,1,87,0.1735372543334961,0.09048646688461304
2,1,88,0.17209088802337646,0.09149748831987381
2,1,89,0.17048732936382294,0.08771627396345139
2,1,90,0.16876378655433655,0.07741972804069519
2,1,91,0.16708578169345856,0.07059291750192642
2,1,92,0.16548016667366028,0.07011112570762634
2,1,93,0.16394326090812683,0.07249290496110916
2,1,94,0.16240492463111877,0.06902579963207245
2,1,95,0.16085270047187805,0.06572543829679489
2,1,96,0.15932488441467285,0.0664142444729805
2,1,97,0.15783022344112396,0.06881361454725266
2,1,98,0.15639902651309967,0.07280769944190979
2,1,99,0.15495380759239197,0.0731039047241211
2,1,100,0.1535676121711731,0.07411905378103256
2,1,101,0.15219324827194214,0.07720895111560822
2,1,102,0.15080392360687256,0.07667888700962067
2,1,103,0.14941754937171936,0.07438111305236816
2,1,104,0.14800819754600525,0.07290495932102203
2,1,105,0.14658977091312408,0.06825089454650879
2,1,106,0.1452542096376419,0.06037608161568642
2,1,107,0.14404352009296417,0.05977991595864296
2,1,108,0.14289093017578125,0.059229545295238495
2,1,109,0.14178965985774994,0.05619662627577782
2,1,110,0.14080017805099487,0.05334014818072319
2,1,111,0.1398431807756424,0.055202167481184006
2,1,112,0.13889063894748688,0.05476377531886101
2,1,113,0.13795508444309235,0.05138295516371727
2,1,114,0.13706019520759583,0.05055336654186249
2,1,115,0.13620644807815552,0.054147470742464066
2,1,116,0.13536398112773895,0.0541362501680851
2,1,117,0.1345302313566208,0.054541781544685364
2,1,118,0.1337149441242218,0.05507497861981392
2,1,119,0.13297730684280396,0.05386524274945259
2,1,120,0.1322758048772812,0.05437234416604042
2,2,1,0.3353468179702759,0.2742680013179779
2,2,2,0.3348453938961029,0.2739434838294983
2,2,3,0.3343471884727478,0.27375152707099915
2,2,4,0.33384862542152405,0.273627370595932
2,2,5,0.3333463668823242,0.27350595593452454
2,2,6,0.33283817768096924,0.273062527179718
2,2,7,0.332322359085083,0.27275145053863525
2,2,8,0.33179640769958496,0.2726377844810486
2,2,9,0.3312588036060333,0.27239710092544556
2,2,10,0.3307076394557953,0.27215951681137085
2,2,11,0.33014193177223206,0.2716098725795746
2,2,12,0.32956016063690186,0.27132362127304077
2,2,13,0.32896092534065247,0.27070823311805725
2,2,14,0.3283429443836212,0.2704918682575226
2,2,15,0.32770389318466187,0.2701462209224701
2,2,16,0.3270423114299774,0.2700018882751465
2,2,17,0.3263559639453888,0.2698642611503601
2,2,18,0.3256436288356781,0.2691582143306732
2,2,19,0.3249039649963379,0.26897165179252625
2,2,20,0.3241330683231354,0.2686002850532532
2,2,21,0.32332876324653625,0.26869598031044006
2,2,22,0.32248735427856445,0.2684795558452606
2,2,23,0.3216061592102051,0.2684784233570099
2,2,24,0.3206813931465149,0.2683640420436859
2,2,25,0.3197096586227417,0.268201619386673
2,2,26,0.31868651509284973,0.2679961025714874
2,2,27,0.3176076412200928,0.26794788241386414
2,2,28,0.3164660930633545,0.2681291997432709
2,2,29,0.3152559995651245,0.2678239345550537
2,2,30,0.3139726221561432,0.26762908697128296
2,2,31,0.3126070499420166,0.26755478978157043
2,2,32,0.31114959716796875,0.26779234409332275
2,2,33,0.3095921277999878,0.2677730619907379
2,2,34,0.3079227805137634,0.2680246829986572
2,2,35,0.3061319589614868,0.2680356502532959
2,2,36,0.30420878529548645,0.26816320419311523
2,2,37,0.302141934633255,0.26772651076316833
2,2,38,0.2999201714992523,0.2671467661857605
2,2,39,0.29753002524375916,0.26690980792045593
2,2,40,0.2949680685997009,0.264545738697052
2,2,41,0.29223063588142395,0.2620476484298706
2,2,42,0.28932350873947144,0.25830724835395813
2,2,43,0.28625038266181946,0.24937240779399872
2,2,44,0.28306183218955994,0.24345093965530396
2,2,45,0.27973422408103943,0.23265303671360016
2,2,46,0.27629783749580383,0.22412608563899994
2,2,47,0.272739440202713,0.2095128297805786
2,2,48,0.26918482780456543,0.19460541009902954
2,2,49,0.2654991149902344,0.18862807750701904
2,2,50,0.2616089880466461,0.17986135184764862
2,2,51,0.2576533257961273,0.16804517805576324
2,2,52,0.25360074639320374,0.16173550486564636
2,2,53,0.2493055909872055,0.1597890555858612
2,2,54,0.24473944306373596,0.1539684534072876
2,2,55,0.2400035560131073,0.14929762482643127
2,2,56,0.23514968156814575,0.14094921946525574
2,2,57,0.23027834296226501,0.13383589684963226
2,2,58,0.22534120082855225,0.12883497774600983
2,2,59,0.22029422223567963,0.1264985054731369
2,2,60,0.21525302529335022,0.11682717502117157
2,2,61,0.21054673194885254,0.10224991291761398
2,2,62,0.2063901424407959,0.08337132632732391
2,2,63,0.2033892124891281,0.07420782744884491
2,2,64,0.20170918107032776,0.10272414982318878
2,2,65,0.20051607489585876,0.1283349096775055
2,2,66,0.1992475539445877,0.1564435511827469
2,2,67,0.19748719036579132,0.1568380743265152
2,2,68,0.19530227780342102,0.14490540325641632
2,2,69,0.19299259781837463,0.12049693614244461
2,2,70,0.1909991055727005,0.09391472488641739
2,2,71,0.1894272416830063,0.07814547419548035
2,2,72,0.18815341591835022,0.07566537708044052
2,2,73,0.18699321150779724,0.07887823134660721
2,2,74,0.1858213245868683,0.08367206901311874
2,2,75,0.18455612659454346,0.08501783013343811
2,2,76,0.18313057720661163,0.08671409636735916
2,2,77,0.18152105808258057,0.08692584186792374
2,2,78,0.17977048456668854,0.07938278466463089
2,2,79,0.17808955907821655,0.06849870085716248
2,2,80,0.17659561336040497,0.062175195664167404
2,2,81,0.17537027597427368,0.061556220054626465
2,2,82,0.1743846982717514,0.06587916612625122
2,2,83,0.1735135316848755,0.06796319782733917
2,2,84,0.1726849228143692,0.0730648785829544
2,2,85,0.1718634068965912,0.07021944224834442
2,2,86,0.1710030883550644,0.06347151100635529
2,2,87,0.17013192176818848,0.055827099829912186
2,2,88,0.16928642988204956,0.05009610950946808
2,2,89,0.16847966611385345,0.04811472073197365
2,2,90,0.16768619418144226,0.04865922033786774
2,2,91,0.16690367460250854,0.04776087775826454
2,2,92,0.1661137193441391,0.04624917358160019
2,2,93,0.1653459668159485,0.04212292283773422
2,2,94,0.16462616622447968,0.0438934825360775
2,2,95,0.16396960616111755,0.04974371939897537
2,2,96,0.16328400373458862,0.05009021982550621
2,2,97,0.16253623366355896,0.04694192856550217
2,2,98,0.16176927089691162,0.04190169647336006
2,2,99,0.16101279854774475,0.03672318160533905
2,2,100,0.16030006110668182,0.03710367903113365
2,2,101,0.15961214900016785,0.040176328271627426
2,2,102,0.15891078114509583,0.04320641979575157
2,2,103,0.15816766023635864,0.041988372802734375
2,2,104,0.15738627314567566,0.04146016389131546
2,2,105,0.1565820872783661,0.039421241730451584
2,2,106,0.15577691793441772,0.04028993472456932
2,2,107,0.15495693683624268,0.04268242046236992
2,2,108,0.15408436954021454,0.045049477368593216
2,2,109,0.15314742922782898,0.04539334401488304
2,2,110,0.15214738249778748,0.04615483433008194
2,2,111,0.1510990858078003,0.04531445354223251
2,2,112,0.15005192160606384,0.04695015028119087
2,2,113,0.14899197220802307,0.050022151321172714
2,2,114,0.1478709727525711,0.0525573305785656
2,2,115,0.1467788815498352,0.06002061069011688
2,2,116,0.14564651250839233,0.05746150761842728
2,2,117,0.1445152312517166,0.047480106353759766
2,2,118,0.14349216222763062,0.04562476649880409
2,2,119,0.14257696270942688,0.0549190454185009
2,2,120,0.14165015518665314,0.060916949063539505
2,3,1,0.30185648798942566,0.2578830420970917
2,3,2,0.3013915419578552,0.2575468122959137
2,3,3,0.300931453704834,0.257162481546402
2,3,4,0.300472617149353,0.2568337619304657
2,3,5,0.30001187324523926,0.25659865140914917
2,3,6,0.29954755306243896,0.25617340207099915
2,3,7,0.2990773618221283,0.2558947503566742
2,3,8,0.2986000180244446,0.2555786371231079
2,3,9,0.29811352491378784,0.25521424412727356
2,3,10,0.2976163923740387,0.25494879484176636
2,3,11,0.29710689187049866,0.2547769546508789
2,3,12,0.2965832054615021,0.2546568512916565
2,3,13,0.29604360461235046,0.2544923722743988
2,3,14,0.2954863905906677,0.2542842924594879
2,3,15,0.2949105203151703,0.2538883686065674
2,3,16,0.29431450366973877,0.25350069999694824
2,3,17,0.2936975061893463,0.25135403871536255
2,3,18,0.29306063055992126,0.25042691826820374
2,3,19,0.29239940643310547,0.2498812973499298
2,3,20,0.29171234369277954,0.24905574321746826
2,3,21,0.290997177362442,0.24851171672344208
2,3,22,0.2902507781982422,0.24836809933185577
2,3,23,0.28946956992149353,0.24823816120624542
2,3,24,0.28865042328834534,0.24788692593574524
2,3,25,0.28778940439224243,0.24764452874660492
2,3,26,0.28688299655914307,0.24723374843597412
2,3,27,0.28592780232429504,0.24650315940380096
2,3,28,0.28491973876953125,0.2463361918926239
2,3,29,0.28385090827941895,0.24610821902751923
2,3,30,0.28271546959877014,0.24597090482711792
2,3,31,0.2815067768096924,0.24606953561306
2,3,32,0.2802172005176544,0.2459743767976761
2,3,33,0.27883923053741455,0.24594923853874207
2,3,34,0.2773648798465729,0.24580053985118866
2,3,35,0.2757833003997803,0.24598029255867004
2,3,36,0.27408334612846375,0.24588598310947418
2,3,37,0.27225738763809204,0.24552923440933228
2,3,38,0.27029097080230713,0.24542757868766785
2,3,39,0.26817265152931213,0.24465814232826233
2,3,40,0.26589474081993103,0.24363833665847778
2,3,41,0.2634558379650116,0.24078406393527985
2,3,42,0.2608424425125122,0.2367374449968338
2,3,43,0.2581050395965576,0.23094698786735535
2,3,44,0.25522321462631226,0.22242307662963867
2,3,45,0.25225716829299927,0.2147800177335739
2,3,46,0.24912415444850922,0.21091294288635254
2,3,47,0.24586209654808044,0.1998683661222458
2,3,48,0.2425110787153244,0.1878812313079834
2,3,49,0.239097461104393,0.1761472374200821
2,3,50,0.23561692237854004,0.16415706276893616
2,3,51,0.23214244842529297,0.14896340668201447
2,3,52,0.22863993048667908,0.1371147781610489
2,3,53,0.22519129514694214,0.12496878206729889
2,3,54,0.22176827490329742,0.1166844293475151
2,3,55,0.2183358371257782,0.10784807056188583
2,3,56,0.21504290401935577,0.09656920284032822
2,3,57,0.21180036664009094,0.09301044046878815
2,3,58,0.2085300087928772,0.09185942262411118
2,3,59,0.20533981919288635,0.08235248178243637
2,3,60,0.20254631340503693,0.06732616573572159
2,3,61,0.20029254257678986,0.05358123034238815
2,3,62,0.19890868663787842,0.05605468153953552
2,3,63,0.19860562682151794,0.0982280969619751
2,3,64,0.1987248659133911,0.13812832534313202
2,3,65,0.1980644166469574,0.14629068970680237
2,3,66,0.19652698934078217,0.13492830097675323
2,3,67,0.1946178823709488,0.10744055360555649
2,3,68,0.1928393393754959,0.0791744738817215
2,3,69,0.19144365191459656,0.05947114899754524
2,3,70,0.19047486782073975,0.052397508174180984
2,3,71,0.18976843357086182,0.0477454774081707
2,3,72,0.18929263949394226,0.05084088444709778
2,3,73,0.188902348279953,0.056971970945596695
2,3,74,0.1884652078151703,0.06280367821455002
2,3,75,0.18785879015922546,0.06568778306245804
2,3,76,0.18707820773124695,0.0639270693063736
2,3,77,0.1861734241247177,0.05990012362599373
2,3,78,0.18523502349853516,0.05267168954014778
2,3,79,0.18432025611400604,0.04758395627140999
2,3,80,0.1834481805562973,0.044039640575647354
2,3,81,0.18262000381946564,0.03975054994225502
2,3,82,0.1818523406982422,0.03685438632965088
2,3,83,0.18113775551319122,0.03542989864945412
2,3,84,0.18046151101589203,0.035824649035930634
2,3,85,0.17982855439186096,0.038906048983335495
2,3,86,0.1792178601026535,0.04310690984129906
2,3,87,0.1785838007926941,0.04372625797986984
2,3,88,0.17792271077632904,0.04359360411763191
2,3,89,0.17723055183887482,0.04286723956465721
2,3,90,0.17651312053203583,0.04134805500507355
2,3,91,0.17577609419822693,0.04046499356627464
2,3,92,0.17501959204673767,0.040609728544950485
2,3,93,0.17423179745674133,0.039902444928884506
2,3,94,0.1734171211719513,0.039423007518053055
2,3,95,0.17257675528526306,0.0399092398583889
2,3,96,0.17170870304107666,0.040289998054504395
2,3,97,0.17081321775913239,0.041246116161346436
2,3,98,0.16988088190555573,0.04327898100018501
2,3,99,0.16890381276607513,0.04446359723806381
2,3,100,0.16787345707416534,0.04498838260769844
2,3,101,0.16681984066963196,0.046113014221191406
2,3,102,0.16578654944896698,0.04752589762210846
2,3,103,0.1647578626871109,0.04747823253273964
2,3,104,0.16370846331119537,0.047505587339401245
2,3,105,0.16262952983379364,0.04653926193714142
2,3,106,0.16152594983577728,0.04592965543270111
2,3,107,0.16044414043426514,0.04591855779290199
2,3,108,0.15938980877399445,0.04860551655292511
2,3,109,0.15833836793899536,0.05199349299073219
2,3,110,0.15725813806056976,0.05295277759432793
2,3,111,0.1561250537633896,0.052651792764663696
2,3,112,0.1549699604511261,0.049131423234939575
2,3,113,0.1538703292608261,0.048782989382743835
2,3,114,0.15276843309402466,0.051949597895145416
2,3,115,0.15159812569618225,0.05329486355185509
2,3,116,0.15034224092960358,0.0554756224155426
2,3,117,0.14900997281074524,0.056690145283937454
2,3,118,0.14761991798877716,0.05605972185730934
2,3,119,0.146204873919487,0.05937327444553375
2,3,120,0.14472536742687225,0.060985274612903595
3,1,1,0.27645012736320496,0.15224413573741913
3,1,2,0.2760511040687561,0.15190169215202332
3,1,3,0.2756436765193939,0.1507052630186081
3,1,4,0.27522769570350647,0.15034782886505127
3,1,5,0.2748009264469147,0.14976400136947632
3,1,6,0.27436184883117676,0.14926381409168243
3,1,7,0.27390816807746887,0.14903773367404938
3,1,8,0.27343761920928955,0.14834904670715332
3,1,9,0.2729485332965851,0.14777545630931854
3,1,10,0.2724384367465973,0.1469341516494751
3,1,11,0.2719038426876068,0.14666439592838287
3,1,12,0.27134305238723755,0.14533597230911255
3,1,13,0.27075424790382385,0.14487306773662567
3,1,14,0.27013787627220154,0.14266055822372437
3,1,15,0.26948970556259155,0.1421290934085846
3,1,16,0.2688029706478119,0.14144738018512726
3,1,17,0.26807448267936707,0.14084123075008392
3,1,18,0.2673037350177765,0.138940691947937
3,1,19,0.2664896845817566,0.13682077825069427
3,1,20,0.2656332850456238,0.13381481170654297
3,1,21,0.2647234797477722,0.13310779631137848
3,1,22,0.2637503743171692,0.1313212364912033
3,1,23,0.26270657777786255,0.13064183294773102
3,1,24,0.2615821063518524,0.12911367416381836
3,1,25,0.2603752613067627,0.12754890322685242
3,1,26,0.2590896189212799,0.12412824481725693
3,1,27,0.2577143907546997,0.1240675300359726
3,1,28,0.2562122344970703,0.12461899220943451
3,1,29,0.2545716464519501,0.1249689981341362
3,1,30,0.25279369950294495,0.12393993884325027
3,1,31,0.2508600354194641,0.12357739359140396
3,1,32,0.24874663352966309,0.125192329287529
3,1,33,0.2464413195848465,0.12474817037582397
3,1,34,0.24393974244594574,0.12557944655418396
3,1,35,0.24123187363147736,0.12602025270462036
3,1,36,0.23829405009746552,0.12746074795722961
3,1,37,0.23513123393058777,0.12719762325286865
3,1,38,0.23167118430137634,0.13279865682125092
3,1,39,0.22784410417079926,0.13772396743297577
3,1,40,0.2236047089099884,0.14532716572284698
3,1,41,0.21889491379261017,0.15423472225666046
3,1,42,0.213625967502594,0.1653740257024765
3,1,43,0.2077932208776474,0.1726367324590683
3,1,44,0.20155572891235352,0.17590899765491486
3,1,45,0.1952650099992752,0.16504918038845062
3,1,46,0.18927565217018127,0.14624200761318207
3,1,47,0.18397675454616547,0.1206364557147026
3,1,48,0.17940551042556763,0.10258141160011292
3,1,49,0.17599168419837952,0.08901499211788177
3,1,50,0.17444463074207306,0.12711180746555328
3,1,51,0.17411711812019348,0.1751161515712738
3,1,52,0.17354197800159454,0.2007908970117569
3,1,53,0.1722223460674286,0.1825019121170044
3,1,54,0.17073217034339905,0.16526959836483002
3,1,55,0.16920219361782074,0.156520813703537
3,1,56,0.16737492382526398,0.14701665937900543
3,1,57,0.16525596380233765,0.1430330127477646
3,1,58,0.16292333602905273,0.12466657906770706
3,1,59,0.16064020991325378,0.10978174954652786
3,1,60,0.1586335450410843,0.0922115296125412
3,1,61,0.157029390335083,0.08020859211683273
3,1,62,0.15575209259986877,0.07543300837278366
3,1,63,0.1546909213066101,0.07814500480890274
3,1,64,0.15366815030574799,0.08265230059623718
3,1,65,0.15257374942302704,0.08723734319210052
3,1,66,0.1513608694076538,0.07945233583450317
3,1,67,0.1501467376947403,0.0740162581205368
3,1,68,0.14887896180152893,0.06865863502025604
3,1,69,0.1476181000471115,0.058626119047403336
3,1,70,0.14646312594413757,0.05404505506157875
3,1,71,0.14542780816555023,0.05142072215676308
3,1,72,0.14445368945598602,0.0524003691971302
3,1,73,0.1435297578573227,0.05362705513834953
3,1,74,0.14262346923351288,0.05760856345295906
3,1,75,0.14169691503047943,0.057692691683769226
3,1,76,0.14072607457637787,0.05619143694639206
3,1,77,0.13974028825759888,0.054553836584091187
3,1,78,0.13875342905521393,0.0546540841460228
3,1,79,0.1377907395362854,0.05630209669470787
3,1,80,0.136821448802948,0.05456557124853134
3,1,81,0.13586373627185822,0.05290338769555092
3,1,82,0.13492287695407867,0.0539700873196125
3,1,83,0.13399861752986908,0.05254693329334259
3,1,84,0.1331367790699005,0.05031170696020126
3,1,85,0.1323067843914032,0.05194246396422386
3,1,86,0.1314617395401001,0.054058536887168884
3,1,87,0.13063164055347443,0.05239196866750717
3,1,88,0.12983471155166626,0.050312142819166183
3,1,89,0.12905816733837128,0.05068667605519295
3,1,90,0.12830819189548492,0.05343424901366234
3,1,91,0.12761245667934418,0.056974757462739944
3,1,92,0.12707650661468506,0.0632876604795456
3,1,93,0.12662655115127563,0.06502220034599304
3,1,94,0.12611478567123413,0.0730099305510521
3,1,95,0.1255176067352295,0.06153756380081177
3,1,96,0.12490765750408173,0.04683743044734001
3,1,97,0.1244606301188469,0.0530618317425251
3,1,98,0.12407054007053375,0.06397110223770142
3,1,99,0.12358164042234421,0.06778711825609207
3,1,100,0.12296542525291443,0.06144028529524803
3,1,101,0.12232503294944763,0.04429759830236435
3,1,102,0.12182056903839111,0.054794665426015854
3,1,103,0.12133575230836868,0.056117426604032516
3,1,104,0.12081196904182434,0.040537700057029724
3,1,105,0.12037371844053268,0.03882798179984093
3,1,106,0.1200006753206253,0.05738893523812294
3,1,107,0.1195322573184967,0.05207231268286705
3,1,108,0.11899535357952118,0.0413665696978569
3,1,109,0.11851832270622253,0.04059823602437973
3,1,110,0.1180674359202385,0.051231835037469864
3,1,111,0.11756463348865509,0.042512163519859314
3,1,112,0.11709832400083542,0.03629448637366295
3,1,113,0.11670918762683868,0.052116475999355316
3,1,114,0.11625563353300095,0.04914911836385727
3,1,115,0.11575154960155487,0.03780311346054077
3,1,116,0.11529356241226196,0.0434451550245285
3,1,117,0.11480966955423355,0.050389885902404785
3,1,118,0.11430621147155762,0.036085691303014755
3,1,119,0.11384222656488419,0.04219059646129608
3,1,120,0.1133723333477974,0.04971401393413544
3,2,1,0.2590877115726471,0.14364536106586456
3,2,2,0.25875312089920044,0.1432144194841385
3,2,3,0.25841405987739563,0.1426267772912979
3,2,4,0.25806960463523865,0.14172959327697754
3,2,5,0.2577188313007355,0.14089557528495789
3,2,6,0.2573603391647339,0.14026637375354767
3,2,7,0.2569925785064697,0.13962224125862122
3,2,8,0.2566151022911072,0.13880397379398346
3,2,9,0.2562260329723358,0.13788029551506042
3,2,10,0.2558242678642273,0.13695017993450165
3,2,11,0.2554066479206085,0.13652433454990387
3,2,12,0.25497108697891235,0.13555876910686493
3,2,13,0.2545156478881836,0.1348486989736557
3,2,14,0.2540372908115387,0.13378608226776123
3,2,15,0.2535322606563568,0.13291363418102264
3,2,16,0.2529968023300171,0.13200494647026062
3,2,17,0.2524271309375763,0.13143670558929443
3,2,18,0.25181832909584045,0.13062319159507751
3,2,19,0.2511662244796753,0.12998400628566742
3,2,20,0.2504661977291107,0.1292499601840973
3,2,21,0.24971173703670502,0.1287408024072647
3,2,22,0.24889691174030304,0.1280028522014618
3,2,23,0.24801331758499146,0.12784558534622192
3,2,24,0.24705515801906586,0.12722228467464447
3,2,25,0.24601484835147858,0.12645173072814941
3,2,26,0.24488207697868347,0.12611742317676544
3,2,27,0.24364972114562988,0.12488434463739395
3,2,28,0.2423110455274582,0.12338937073945999
3,2,29,0.24087360501289368,0.12115386873483658
3,2,30,0.2393159419298172,0.12069116532802582
3,2,31,0.23761269450187683,0.12028409540653229
3,2,32,0.23574918508529663,0.11986459046602249
3,2,33,0.2337179034948349,0.11921016126871109
3,2,34,0.23152166604995728,0.11890105158090591
3,2,35,0.22911490499973297,0.11840815097093582
3,2,36,0.2264895737171173,0.11911571770906448
3,2,37,0.22364796698093414,0.11760584264993668
3,2,38,0.2206350713968277,0.11602146923542023
3,2,39,0.21743500232696533,0.11673036962747574
3,2,40,0.21404464542865753,0.11351069808006287
3,2,41,0.21047091484069824,0.11579060554504395
3,2,42,0.20662789046764374,0.11667140573263168
3,2,43,0.20255760848522186,0.11744014918804169
3,2,44,0.19829781353473663,0.11549752205610275
3,2,45,0.19450423121452332,0.09191650152206421
3,2,46,0.19149640202522278,0.07359635084867477
3,2,47,0.18955287337303162,0.06537871807813644
3,2,48,0.18876977264881134,0.08221922069787979
3,2,49,0.188528910279274,0.11017952859401703
3,2,50,0.18810033798217773,0.13343602418899536
3,2,51,0.18698079884052277,0.14060381054878235
3,2,52,0.18523871898651123,0.12452515959739685
3,2,53,0.18333537876605988,0.09493433684110641
3,2,54,0.18163643777370453,0.07612721621990204
3,2,55,0.18026012182235718,0.06542332470417023
3,2,56,0.1791273057460785,0.06929818540811539
3,2,57,0.17806808650493622,0.07310858368873596
3,2,58,0.1769799143075943,0.07437668740749359
3,2,59,0.17584197223186493,0.07451668381690979
3,2,60,0.17466725409030914,0.07200367003679276
3,2,61,0.17347607016563416,0.06527122110128403
3,2,62,0.17232942581176758,0.0601566843688488
3,2,63,0.1711813509464264,0.05965668708086014
3,2,64,0.1699882298707962,0.05898703262209892
3,2,65,0.1687491238117218,0.059679802507162094
3,2,66,0.16745147109031677,0.060986924916505814
3,2,67,0.1660993993282318,0.062111664563417435
3,2,68,0.16469791531562805,0.06470287591218948
3,2,69,0.16325895488262177,0.06542140245437622
3,2,70,0.16178740561008453,0.06743760406970978
3,2,71,0.16029489040374756,0.06631448119878769
3,2,72,0.15875865519046783,0.06822410225868225
3,2,73,0.1571425199508667,0.06871940940618515
3,2,74,0.15546371042728424,0.06487877666950226
3,2,75,0.15382538735866547,0.06101679056882858
3,2,76,0.15230652689933777,0.060651056468486786
3,2,77,0.1509498953819275,0.06386596709489822
3,2,78,0.14958031475543976,0.0670907199382782
3,2,79,0.14809566736221313,0.06502556055784225
3,2,80,0.1465807855129242,0.06118612736463547
3,2,81,0.14507335424423218,0.06142585724592209
3,2,82,0.1435970515012741,0.06263770163059235
3,2,83,0.14213122427463531,0.05932041257619858
3,2,84,0.14066395163536072,0.059547167271375656
3,2,85,0.13919910788536072,0.05842793360352516
3,2,86,0.13778147101402283,0.05708662047982216
3,2,87,0.13642148673534393,0.05652182549238205
3,2,88,0.135136216878891,0.05894635617733002
3,2,89,0.13382554054260254,0.05977560579776764
3,2,90,0.13250191509723663,0.05559269338846207
3,2,91,0.13127164542675018,0.05198278650641441
3,2,92,0.13016600906848907,0.050770144909620285
3,2,93,0.1291424185037613,0.04973560944199562
3,2,94,0.12816528975963593,0.04900739714503288
3,2,95,0.12724806368350983,0.045867614448070526
3,2,96,0.1263856142759323,0.04431925341486931
3,2,97,0.12558019161224365,0.04583253711462021
3,2,98,0.12481474131345749,0.04612451419234276
3,2,99,0.12411607801914215,0.0447920598089695
3,2,100,0.1234353557229042,0.04408734291791916
3,2,101,0.12276066094636917,0.045468464493751526
3,2,102,0.1220952495932579,0.04589385539293289
3,2,103,0.12145549803972244,0.04474553093314171
3,2,104,0.12084897607564926,0.04663925617933273
3,2,105,0.12025652080774307,0.06083186715841293
3,2,106,0.11961384862661362,0.04521534591913223
3,2,107,0.11899077147245407,0.05113786831498146
3,2,108,0.11834383010864258,0.0475601851940155
3,2,109,0.11773985624313354,0.045898161828517914
3,2,110,0.11715509742498398,0.044122256338596344
3,2,111,0.1165785863995552,0.04098479822278023
3,2,112,0.11604177951812744,0.04357864335179329
3,2,113,0.11548555642366409,0.042749930173158646
3,2,114,0.11493008583784103,0.05224728211760521
3,2,115,0.11435192078351974,0.03960983082652092
3,2,116,0.11380964517593384,0.039063479751348495
3,2,117,0.11328352987766266,0.04399990290403366
3,2,118,0.11273778975009918,0.03692367300391197
3,2,119,0.11218854784965515,0.03885915130376816
3,2,120,0.11165391653776169,0.04033926501870155
3,3,1,0.2316674292087555,0.10843119025230408
3,3,2,0.23141276836395264,0.10676254332065582
3,3,3,0.2311590313911438,0.1054224818944931
3,3,4,0.23090562224388123,0.10371632874011993
3,3,5,0.23065033555030823,0.10300914198160172
3,3,6,0.23039138317108154,0.10203452408313751
3,3,7,0.23012788593769073,0.10108836740255356
3,3,8,0.2298591136932373,0.10001278668642044
3,3,9,0.2295837700366974,0.09863147884607315
3,3,10,0.22930070757865906,0.09765828400850296
3,3,11,0.22900816798210144,0.09677942842245102
3,3,12,0.22870466113090515,0.09558805823326111
3,3,13,0.22838814556598663,0.09478790313005447
3,3,14,0.22805623710155487,0.0939897745847702
3,3,15,0.22770726680755615,0.0930263102054596
3,3,16,0.2273397445678711,0.09242434054613113
3,3,17,0.22695043683052063,0.09162604808807373
3,3,18,0.22653788328170776,0.09040744602680206
3,3,19,0.22609826922416687,0.08983222395181656
3,3,20,0.2256290763616562,0.08868671208620071
3,3,21,0.22512662410736084,0.08803847432136536
3,3,22,0.22458694875240326,0.08695364743471146
3,3,23,0.22400473058223724,0.08606691658496857
3,3,24,0.22337603569030762,0.08524055033922195
3,3,25,0.22269457578659058,0.08464842289686203
3,3,26,0.22195187211036682,0.08404946327209473
3,3,27,0.22114220261573792,0.08315379172563553
3,3,28,0.22025923430919647,0.08267449587583542
3,3,29,0.219294473528862,0.081682950258255
3,3,30,0.21823853254318237,0.08120536804199219
3,3,31,0.21707965433597565,0.08070814609527588
3,3,32,0.21580877900123596,0.08064839243888855
3,3,33,0.21440942585468292,0.08085786551237106
3,3,34,0.2128688097000122,0.08103450387716293
3,3,35,0.2111901044845581,0.08209025859832764
3,3,36,0.2093386948108673,0.08322358876466751
3,3,37,0.2072954922914505,0.08482622355222702
3,3,38,0.2050652801990509,0.08474288135766983
3,3,39,0.20268790423870087,0.08413664996623993
3,3,40,0.200145423412323,0.08500049263238907
3,3,41,0.19740556180477142,0.08539368957281113
3,3,42,0.19459284842014313,0.08061419427394867
3,3,43,0.19185055792331696,0.07552005350589752
3,3,44,0.189194917678833,0.0691702738404274
3,3,45,0.18670669198036194,0.06387706100940704
3,3,46,0.18434113264083862,0.059390634298324585
3,3,47,0.18214091658592224,0.0566541962325573
3,3,48,0.1801242232322693,0.057818662375211716
3,3,49,0.17838148772716522,0.060732483863830566
3,3,50,0.1770162284374237,0.07312677055597305
3,3,51,0.17613469064235687,0.09786871075630188
3,3,52,0.17539486289024353,0.11941874772310257
3,3,53,0.1741347312927246,0.12381532043218613
3,3,54,0.17230738699436188,0.11468343436717987
3,3,55,0.17020520567893982,0.09732189029455185
3,3,56,0.16819778084754944,0.07720378786325455
3,3,57,0.16645872592926025,0.0674518346786499
3,3,58,0.16500051319599152,0.06789568811655045
3,3,59,0.16366717219352722,0.07117973268032074
3,3,60,0.16228148341178894,0.0711805447936058
3,3,61,0.16083702445030212,0.06950552016496658
3,3,62,0.15936806797981262,0.06431958079338074
3,3,63,0.15791484713554382,0.0635654404759407
3,3,64,0.15647384524345398,0.06571544706821442
3,3,65,0.1549849957227707,0.06839848309755325
3,3,66,0.15345975756645203,0.06722402572631836
3,3,67,0.1519077718257904,0.06559375673532486
3,3,68,0.15035998821258545,0.06384149193763733
3,3,69,0.1488436609506607,0.06249959021806717
3,3,70,0.14735810458660126,0.06311201304197311
3,3,71,0.14587992429733276,0.06530149281024933
3,3,72,0.14433260262012482,0.06536992639303207
3,3,73,0.14272290468215942,0.06252803653478622
3,3,74,0.14108730852603912,0.06191210448741913
3,3,75,0.13941504061222076,0.06634442508220673
3,3,76,0.1377265900373459,0.0653073787689209
3,3,77,0.13604134321212769,0.060679949820041656
3,3,78,0.13444320857524872,0.056013621389865875
3,3,79,0.13302434980869293,0.05094531551003456
3,3,80,0.13184745609760284,0.048538025468587875
3,3,81,0.13077522814273834,0.0527813546359539
3,3,82,0.12985755503177643,0.04771892726421356
3,3,83,0.12909236550331116,0.04885823652148247
3,3,84,0.12843875586986542,0.04546019807457924
3,3,85,0.12789539992809296,0.050453685224056244
3,3,86,0.12731853127479553,0.05063667893409729
3,3,87,0.12666790187358856,0.044959984719753265
3,3,88,0.1260215789079666,0.04367131367325783
3,3,89,0.12540164589881897,0.050372302532196045
3,3,90,0.12472347170114517,0.04777517542243004
3,3,91,0.12407582998275757,0.041861001402139664
3,3,92,0.1234530583024025,0.044548071920871735
3,3,93,0.12281370162963867,0.041649993509054184
3,3,94,0.12218503654003143,0.03663494065403938
3,3,95,0.12158888578414917,0.03606031835079193
3,3,96,0.12101821601390839,0.03801530599594116
3,3,97,0.12047139555215836,0.036265697330236435
3,3,98,0.1199687197804451,0.03623494133353233
3,3,99,0.11949672549962997,0.0410403236746788
3,3,100,0.11903329193592072,0.04641171544790268
3,3,101,0.11854080110788345,0.04393129050731659
3,3,102,0.11806174367666245,0.050527699291706085
3,3,103,0.11756965517997742,0.048444170504808426
3,3,104,0.11702980846166611,0.04077329859137535
3,3,105,0.11647374927997589,0.038101308047771454
3,3,106,0.11592963337898254,0.04000714793801308
3,3,107,0.11537247896194458,0.03840755671262741
3,3,108,0.11484512686729431,0.05584775283932686
3,3,109,0.1142580658197403,0.03630470484495163
3,3,110,0.11371300369501114,0.04474710673093796
3,3,111,0.11315125226974487,0.039288539439439774
3,3,112,0.112590491771698,0.042492736130952835
3,3,113,0.11204899847507477,0.06413961201906204
3,3,114,0.11151611059904099,0.06296463310718536
3,3,115,0.11099141091108322,0.042650576680898666
3,3,116,0.11048475652933121,0.03806740790605545
3,3,117,0.10999023169279099,0.040187954902648926
3,3,118,0.10950008034706116,0.05259883403778076
3,3,119,0.10899977385997772,0.044948846101760864
3,3,120,0.10847702622413635,0.039704579859972
4,1,1,0.2942194640636444,0.2521129846572876
4,1,2,0.2936205267906189,0.2511131763458252
4,1,3,0.2930070459842682,0.2496744990348816
4,1,4,0.2923767566680908,0.24852631986141205
4,1,5,0.2917254567146301,0.24794985353946686
4,1,6,0.29104986786842346,0.24623414874076843
4,1,7,0.2903512120246887,0.24237318336963654
4,1,8,0.2896331250667572,0.2375071793794632
4,1,9,0.2888981103897095,0.23196642100811005
4,1,10,0.2881413996219635,0.22677773237228394
4,1,11,0.28735968470573425,0.22312591969966888
4,1,12,0.286548376083374,0.2182418256998062
4,1,13,0.28571268916130066,0.2112867385149002
4,1,14,0.28485220670700073,0.2061302810907364
4,1,15,0.283956915140152,0.200002059340477
4,1,16,0.2830260396003723,0.1953502744436264
4,1,17,0.28205257654190063,0.19142082333564758
4,1,18,0.2810267508029938,0.18805475533008575
4,1,19,0.27993476390838623,0.1863301545381546
4,1,20,0.2787671387195587,0.18383388221263885
4,1,21,0.2775096595287323,0.18178389966487885
4,1,22,0.2761579155921936,0.1792737990617752
4,1,23,0.27470916509628296,0.17683134973049164
4,1,24,0.2731474041938782,0.17423689365386963
4,1,25,0.27148330211639404,0.16888684034347534
4,1,26,0.2697250545024872,0.165485680103302
4,1,27,0.2678290605545044,0.16354921460151672
4,1,28,0.26576244831085205,0.1638905555009842
4,1,29,0.2635263204574585,0.16168344020843506
4,1,30,0.26111748814582825,0.1603565663099289
4,1,31,0.25851067900657654,0.16066870093345642
4,1,32,0.25567662715911865,0.16199377179145813
4,1,33,0.2525651454925537,0.16352765262126923
4,1,34,0.2491266429424286,0.165491983294487
4,1,35,0.24531662464141846,0.1699678599834442
4,1,36,0.24104000627994537,0.17630192637443542
4,1,37,0.23624637722969055,0.18020038306713104
4,1,38,0.23099350929260254,0.1845153421163559
4,1,39,0.22516891360282898,0.19476047158241272
4,1,40,0.21891748905181885,0.18141281604766846
4,1,41,0.21324315667152405,0.1513911783695221
4,1,42,0.20858125388622284,0.12364024668931961
4,1,43,0.20509082078933716,0.1263304054737091
4,1,44,0.20273642241954803,0.1707543283700943
4,1,45,0.2010219246149063,0.222041055560112
4,1,46,0.1986166089773178,0.24269409477710724
4,1,47,0.19517137110233307,0.229622483253479
4,1,48,0.19119447469711304,0.1922546923160553
4,1,49,0.18735356628894806,0.15069890022277832
4,1,50,0.1842820644378662,0.11013716459274292
4,1,51,0.18215900659561157,0.1109749898314476
4,1,52,0.18048016726970673,0.127939373254776
4,1,53,0.17879082262516022,0.1412169188261032
4,1,54,0.17678265273571014,0.1450570821762085
4,1,55,0.17440636456012726,0.14889097213745117
4,1,56,0.17174182832241058,0.14137603342533112
4,1,57,0.16885249316692352,0.1324227899312973
4,1,58,0.16593065857887268,0.11950736492872238
4,1,59,0.16322404146194458,0.10261749476194382
4,1,60,0.16094627976417542,0.10288674384355545
4,1,61,0.1590494066476822,0.11400795727968216
4,1,62,0.15742836892604828,0.132679283618927
4,1,63,0.1557742953300476,0.13357408344745636
4,1,64,0.1541198194026947,0.11851561814546585
4,1,65,0.15264122188091278,0.0859910100698471
4,1,66,0.15162178874015808,0.07842907309532166
4,1,67,0.15090394020080566,0.0891147255897522
4,1,68,0.150206059217453,0.09717939049005508
4,1,69,0.14933907985687256,0.09711887687444687
4,1,70,0.1483042985200882,0.09490275382995605
4,1,71,0.14717340469360352,0.08877580612897873
4,1,72,0.1460687816143036,0.07749427109956741
4,1,73,0.14513270556926727,0.07992678880691528
4,1,74,0.14427049458026886,0.0875292718410492
4,1,75,0.14333714544773102,0.08986625075340271
4,1,76,0.14229585230350494,0.08494847267866135
4,1,77,0.14122427999973297,0.07383465021848679
4,1,78,0.14022448658943176,0.06344729661941528
4,1,79,0.13930591940879822,0.06303298473358154
4,1,80,0.13841427862644196,0.0696764662861824
4,1,81,0.1374949812889099,0.07296886295080185
4,1,82,0.13653917610645294,0.07118890434503555
4,1,83,0.13553591072559357,0.06804952025413513
4,1,84,0.13451911509037018,0.06052597612142563
4,1,85,0.13362523913383484,0.0640176460146904
4,1,86,0.1328168660402298,0.06275928020477295
4,1,87,0.13204051554203033,0.058060940355062485
4,1,88,0.13132047653198242,0.05500126630067825
4,1,89,0.13067878782749176,0.06033594161272049
4,1,90,0.13001859188079834,0.059168484061956406
4,1,91,0.12933385372161865,0.05181605741381645
4,1,92,0.12869413197040558,0.05564869940280914
4,1,93,0.12807874381542206,0.04826095327734947
4,1,94,0.12752608954906464,0.0443304069340229
4,1,95,0.12703712284564972,0.049601536244153976
4,1,96,0.12654615938663483,0.04209619387984276
4,1,97,0.12608946859836578,0.051907677203416824
4,1,98,0.12562687695026398,0.049137234687805176
4,1,99,0.12515780329704285,0.04768115654587746
4,1,100,0.12468640506267548,0.055392567068338394
4,1,101,0.12419445812702179,0.038177307695150375
4,1,102,0.12374807149171829,0.047248657792806625
4,1,103,0.12329304218292236,0.039221037179231644
4,1,104,0.12284666299819946,0.037148237228393555
4,1,105,0.12242808192968369,0.05352412909269333
4,1,106,0.12202418595552444,0.049220096319913864
4,1,107,0.12163850665092468,0.03794637322425842
4,1,108,0.12129976600408554,0.050109412521123886
4,1,109,0.12094105780124664,0.03794501721858978
4,1,110,0.12060809880495071,0.04849522188305855
4,1,111,0.12024573981761932,0.049386292695999146
4,1,112,0.11987020820379257,0.042043525725603104
4,1,113,0.11950888484716415,0.04330988600850105
4,1,114,0.11913666129112244,0.05126132816076279
4,1,115,0.1187652051448822,0.05326352268457413
4,1,116,0.11840194463729858,0.04440893977880478
4,1,117,0.11803226917982101,0.03461834788322449
4,1,118,0.11769169569015503,0.04041489586234093
4,1,119,0.11735481768846512,0.03392324969172478
4,1,120,0.11703301966190338,0.03963576257228851
4,2,1,0.2788648009300232,0.2387717366218567
4,2,2,0.27832579612731934,0.23787255585193634
4,2,3,0.2777722179889679,0.2370404303073883
4,2,4,0.27720096707344055,0.23634669184684753
4,2,5,0.2766093611717224,0.23461468517780304
4,2,6,0.275993674993515,0.23382021486759186
4,2,7,0.2753499150276184,0.23303817212581635
4,2,8,0.2746759057044983,0.2312404215335846
4,2,9,0.2739713788032532,0.22871693968772888
4,2,10,0.27323678135871887,0.22549812495708466
4,2,11,0.2724718749523163,0.2224123626947403
4,2,12,0.27167460322380066,0.21805724501609802
4,2,13,0.27084192633628845,0.2151535004377365
4,2,14,0.26996925473213196,0.21212640404701233
4,2,15,0.2690540552139282,0.20805984735488892
4,2,16,0.26810136437416077,0.2023962438106537
4,2,17,0.2671087980270386,0.19651685655117035
4,2,18,0.26607856154441833,0.19051659107208252
4,2,19,0.2650040090084076,0.185618594288826
4,2,20,0.26387038826942444,0.18127073347568512
4,2,21,0.26267048716545105,0.1769154965877533
4,2,22,0.26139047741889954,0.174262136220932
4,2,23,0.2600109875202179,0.171542227268219
4,2,24,0.2585289776325226,0.16752655804157257
4,2,25,0.2569391131401062,0.1638605147600174
4,2,26,0.25523343682289124,0.1583648920059204
4,2,27,0.2534416913986206,0.1511501967906952
4,2,28,0.25154298543930054,0.14839810132980347
4,2,29,0.24952563643455505,0.14388512074947357
4,2,30,0.2474522739648819,0.1394851803779602
4,2,31,0.24523930251598358,0.1382070630788803
4,2,32,0.242844820022583,0.1363983452320099
4,2,33,0.2402847558259964,0.13474391400814056
4,2,34,0.23750373721122742,0.13467200100421906
4,2,35,0.23450784385204315,0.13498130440711975
4,2,36,0.23131147027015686,0.1331518292427063
4,2,37,0.22787976264953613,0.12975776195526123
4,2,38,0.22469434142112732,0.1071830615401268
4,2,39,0.2221444547176361,0.09573373943567276
4,2,40,0.21994350850582123,0.0865827202796936
4,2,41,0.21833108365535736,0.0928964912891388
4,2,42,0.21684587001800537,0.10871380567550659
4,2,43,0.21502743661403656,0.12793345749378204
4,2,44,0.21272796392440796,0.14378634095191956
4,2,45,0.2099229246377945,0.13673506677150726
4,2,46,0.2070605456829071,0.0975913479924202
4,2,47,0.20467603206634521,0.08244051039218903
4,2,48,0.20272789895534515,0.08286226540803909
4,2,49,0.20106317102909088,0.0913463681936264
4,2,50,0.19951823353767395,0.099887914955616
4,2,51,0.19788730144500732,0.09394384175539017
4,2,52,0.19620315730571747,0.08532340824604034
4,2,53,0.1946256309747696,0.07513409107923508
4,2,54,0.19322587549686432,0.065144382417202
4,2,55,0.1921788454055786,0.06633209437131882
4,2,56,0.19147461652755737,0.08616100251674652
4,2,57,0.19073864817619324,0.10242828726768494
4,2,58,0.18964219093322754,0.10861372947692871
4,2,59,0.18814785778522491,0.10410424321889877
4,2,60,0.18640315532684326,0.09340560436248779
4,2,61,0.18457989394664764,0.08256034553050995
4,2,62,0.1828930824995041,0.07704273611307144
4,2,63,0.18138712644577026,0.07794861495494843
4,2,64,0.17996689677238464,0.08136486262083054
4,2,65,0.17857258021831512,0.08304541558027267
4,2,66,0.1771889477968216,0.08526735007762909
4,2,67,0.17580564320087433,0.08603004366159439
4,2,68,0.17439456284046173,0.08846026659011841
4,2,69,0.17290638387203217,0.09023701399564743
4,2,70,0.1712614744901657,0.09289323538541794
4,2,71,0.16952715814113617,0.08342622965574265
4,2,72,0.16792401671409607,0.07607150822877884
4,2,73,0.16636072099208832,0.07044447958469391
4,2,74,0.16494053602218628,0.0667848065495491
4,2,75,0.1636447161436081,0.06650827080011368
4,2,76,0.16236785054206848,0.06454741209745407
4,2,77,0.16109570860862732,0.06435637176036835
4,2,78,0.15979574620723724,0.06313281506299973
4,2,79,0.1585463583469391,0.0621950626373291
4,2,80,0.15737654268741608,0.06347957253456116
4,2,81,0.15624640882015228,0.06597475707530975
4,2,82,0.1551065593957901,0.06949079781770706
4,2,83,0.1538953185081482,0.073509082198143
4,2,84,0.15257643163204193,0.07273521274328232
4,2,85,0.1511383354663849,0.07060901075601578
4,2,86,0.14966046810150146,0.06675370782613754
4,2,87,0.1481897085905075,0.06544161587953568
4,2,88,0.14676067233085632,0.06960061192512512
4,2,89,0.1453857272863388,0.08334634453058243
4,2,90,0.14404691755771637,0.08025721460580826
4,2,91,0.14274238049983978,0.0603296160697937
4,2,92,0.14168141782283783,0.07144859433174133
4,2,93,0.14070850610733032,0.08620928227901459
4,2,94,0.1396397352218628,0.0710870623588562
4,2,95,0.13869433104991913,0.053274620324373245
4,2,96,0.1380101889371872,0.07808367908000946
4,2,97,0.13734841346740723,0.08887314796447754
4,2,98,0.1366148144006729,0.05946372449398041
4,2,99,0.13602009415626526,0.061932273209095
4,2,100,0.13539797067642212,0.05641614645719528
4,2,101,0.13476647436618805,0.05601125210523605
4,2,102,0.134205162525177,0.06031907722353935
4,2,103,0.13371993601322174,0.07570689916610718
4,2,104,0.13309386372566223,0.05543680861592293
4,2,105,0.13258491456508636,0.05152634531259537
4,2,106,0.13214673101902008,0.06460930407047272
4,2,107,0.13159173727035522,0.05555794760584831
4,2,108,0.1310884803533554,0.04749634116888046
4,2,109,0.1306883990764618,0.06744223833084106
4,2,110,0.13017261028289795,0.04952249303460121
4,2,111,0.1296728402376175,0.04784068837761879
4,2,112,0.1292123645544052,0.055082667618989944
4,2,113,0.1286865472793579,0.04564747214317322
4,2,114,0.12820573151111603,0.05880096182227135
4,2,115,0.12768971920013428,0.04046482965350151
4,2,116,0.12721671164035797,0.04727080464363098
4,2,117,0.12674961984157562,0.04248159006237984
4,2,118,0.12626226246356964,0.03960496559739113
4,2,119,0.12575465440750122,0.038914136588573456
4,2,120,0.12523864209651947,0.03917551413178444
4,3,1,0.2508813440799713,0.22038884460926056
4,3,2,0.2504024803638458,0.21935370564460754
4,3,3,0.24991126358509064,0.21810230612754822
4,3,4,0.24940679967403412,0.2163521945476532
4,3,5,0.2488865852355957,0.21360448002815247
4,3,6,0.24834969639778137,0.21140223741531372
4,3,7,0.24779194593429565,0.2093595564365387
4,3,8,0.24721091985702515,0.20737235248088837
4,3,9,0.24660293757915497,0.2053598314523697
4,3,10,0.24596746265888214,0.2020813673734665
4,3,11,0.2453066110610962,0.19828015565872192
4,3,12,0.24461835622787476,0.1950371414422989
4,3,13,0.24390259385108948,0.19153253734111786
4,3,14,0.24315346777439117,0.18878430128097534
4,3,15,0.24237021803855896,0.1846531331539154
4,3,16,0.2415585219860077,0.17936350405216217
4,3,17,0.24072252213954926,0.1738152652978897
4,3,18,0.23986206948757172,0.16834083199501038
4,3,19,0.2389761209487915,0.16231803596019745
4,3,20,0.2380644828081131,0.15655794739723206
4,3,21,0.2371159940958023,0.1520194262266159
4,3,22,0.23612457513809204,0.14642825722694397
4,3,23,0.2350885421037674,0.1421121060848236
4,3,24,0.23400704562664032,0.1356925666332245
4,3,25,0.2328786700963974,0.1303965449333191
4,3,26,0.23169271647930145,0.12476039677858353
4,3,27,0.2304636836051941,0.11870037764310837
4,3,28,0.22917070984840393,0.11495353281497955
4,3,29,0.22778677940368652,0.11191187798976898
4,3,30,0.2262975126504898,0.10849803686141968
4,3,31,0.22472375631332397,0.10345795005559921
4,3,32,0.22310803830623627,0.09733612835407257
4,3,33,0.2214595079421997,0.09168125689029694
4,3,34,0.2197759598493576,0.08746206015348434
4,3,35,0.21802735328674316,0.08233460038900375
4,3,36,0.21621689200401306,0.08004090934991837
4,3,37,0.214272141456604,0.08005163073539734
4,3,38,0.2122156023979187,0.07569245994091034
4,3,39,0.2101757675409317,0.0730276107788086
4,3,40,0.20815163850784302,0.06673779338598251
4,3,41,0.20657825469970703,0.053824812173843384
4,3,42,0.20569726824760437,0.06284722685813904
4,3,43,0.20516204833984375,0.08139050006866455
4,3,44,0.20441517233848572,0.09640692174434662
4,3,45,0.2031269669532776,0.09777883440256119
4,3,46,0.20140689611434937,0.08013344556093216
4,3,47,0.19970890879631042,0.059941746294498444
4,3,48,0.19836467504501343,0.05137496814131737
4,3,49,0.19758369028568268,0.06688366085290909
4,3,50,0.19697992503643036,0.08201010525226593
4,3,51,0.1962050497531891,0.08887506276369095
4,3,52,0.19514749944210052,0.08940216153860092
4,3,53,0.19383332133293152,0.08457834273576736
4,3,54,0.19237296283245087,0.0742567926645279
4,3,55,0.19094976782798767,0.05579851567745209
4,3,56,0.18978624045848846,0.048634614795446396
4,3,57,0.1888122856616974,0.055825114250183105
4,3,58,0.18785375356674194,0.0635504350066185
4,3,59,0.18677404522895813,0.06804000586271286
4,3,60,0.18555623292922974,0.063576839864254
4,3,61,0.18430297076702118,0.05753829702734947
4,3,62,0.18313662707805634,0.06173383444547653
4,3,63,0.18193577229976654,0.06511396169662476
4,3,64,0.1806388795375824,0.06523636728525162
4,3,65,0.17924435436725616,0.06410638242959976
4,3,66,0.1777915209531784,0.062398236244916916
4,3,67,0.17633534967899323,0.06421202421188354
4,3,68,0.17483419179916382,0.06921473145484924
4,3,69,0.17326946556568146,0.07030289620161057
4,3,70,0.17159099876880646,0.07023230940103531
4,3,71,0.1698632836341858,0.06732814759016037
4,3,72,0.16819673776626587,0.06784879416227341
4,3,73,0.16658954322338104,0.07346474379301071
4,3,74,0.1649530529975891,0.07457689195871353
4,3,75,0.16324980556964874,0.06638535112142563
4,3,76,0.16156776249408722,0.061870016157627106
4,3,77,0.15995565056800842,0.06237003207206726
4,3,78,0.1583850234746933,0.0656404048204422
4,3,79,0.15679742395877838,0.06976117938756943
4,3,80,0.1551216095685959,0.0724240094423294
4,3,81,0.15335802733898163,0.0673632100224495
4,3,82,0.15162897109985352,0.06695152819156647
4,3,83,0.1499129831790924,0.07003070414066315
4,3,84,0.14825770258903503,0.07789048552513123
4,3,85,0.14659015834331512,0.08312830328941345
4,3,86,0.14486998319625854,0.08182144910097122
4,3,87,0.14316001534461975,0.07567764073610306
4,3,88,0.1415025293827057,0.07257471233606339
4,3,89,0.1400555670261383,0.06859470903873444
4,3,90,0.13886012136936188,0.07631152123212814
4,3,91,0.13769325613975525,0.06339167803525925
4,3,92,0.13661791384220123,0.07336875051259995
4,3,93,0.13555748760700226,0.06725005805492401
4,3,94,0.13456429541110992,0.08742307871580124
4,3,95,0.13352617621421814,0.06885049492120743
4,3,96,0.13262684643268585,0.0785268023610115
4,3,97,0.1316969096660614,0.058415770530700684
4,3,98,0.13083527982234955,0.06511972844600677
4,3,99,0.12995313107967377,0.06210019066929817
4,3,100,0.12908019125461578,0.06324946880340576
4,3,101,0.1282510608434677,0.07483245432376862
4,3,102,0.12744320929050446,0.0561266764998436
4,3,103,0.12674129009246826,0.052691809833049774
4,3,104,0.12621811032295227,0.08345025032758713
4,3,105,0.12566904723644257,0.06030445545911789
4,3,106,0.12527024745941162,0.08045828342437744
4,3,107,0.12481305003166199,0.09936685115098953
4,3,108,0.12431702017784119,0.13502898812294006
4,3,109,0.12395370006561279,0.1523413360118866
4,3,110,0.12340138107538223,0.08772764354944229
4,3,111,0.12292928993701935,0.08977748453617096
4,3,112,0.12240006029605865,0.10793273150920868
4,3,113,0.12180138379335403,0.06317697465419769
4,3,114,0.12135405838489532,0.12106942385435104
4,3,115,0.12078267335891724,0.08059418201446533
4,3,116,0.12025710195302963,0.05928131192922592
4,3,117,0.11997517198324203,0.14642088115215302
4,3,118,0.11947271227836609,0.139813631772995
4,3,119,0.11877050250768661,0.04868684336543083
4,3,120,0.11839884519577026,0.1238689050078392
