model,horizon,point,n,mae,rmse,crps,coverage80,width80,interval_score80,coverage90,width90,interval_score90,coverage95,width95,interval_score95
B_ANCHOR,1,ATU1,287,0.225205023168695,0.390455707973074,0.168878250232661,0.696864111498258,0.477398430332794,1.18285412064395,0.773519163763066,0.612734251781858,1.52346245494961,0.832752613240418,0.730117893719407,1.85070908382014
B_ANCHOR,1,ATU5,287,0.165706713957241,0.281276118417634,0.125397423486132,0.686411149825784,0.359877027363291,0.88967674380252,0.801393728222996,0.461897164054785,1.1590886435364,0.836236933797909,0.550384417965778,1.46018776294647
B_ANCHOR,1,MJ3,287,0.135067867060169,0.185656052365218,0.106971653252638,0.700348432055749,0.495665043706549,0.712184493308554,0.808362369337979,0.636179196228682,0.857754598158896,0.881533101045296,0.758054268107023,1.00830864274317
B_ANCHOR,1,MJ1,287,0.176148776918451,0.260346550778442,0.139646838559484,0.839721254355401,0.685513348911015,1.02362720108121,0.895470383275261,0.879846857977009,1.34181404437412,0.923344947735192,1.04840219536236,1.70986940877346
B_ANCHOR,2,ATU1,287,0.454521256427627,0.792760610983816,0.34325358611054,0.67595818815331,0.944532941085283,2.42531884485369,0.773519163763066,1.21229490540168,3.18994279111411,0.818815331010453,1.44453847703907,4.03289030236008
B_ANCHOR,2,ATU5,287,0.336541723073167,0.57211364247903,0.257121483330451,0.682926829268293,0.727936581987789,1.8496278817439,0.790940766550523,0.93429648815142,2.44749708338927,0.836236933797909,1.11328293147452,3.15520983297061
B_ANCHOR,2,MJ3,287,0.263260286233175,0.361649270008832,0.211257779221495,0.700348432055749,0.981294281102924,1.41010108488144,0.804878048780488,1.25947757450786,1.73943576235289,0.86411149825784,1.50076009495532,2.12593785422295
B_ANCHOR,2,MJ1,287,0.29212994435761,0.408865186455685,0.230276944922743,0.822299651567944,1.18284475620237,1.6601801280449,0.909407665505226,1.51816480871232,2.11905949229085,0.930313588850174,1.80900494665114,2.6154820116551
B_ANCHOR,3,ATU1,287,0.686474189388371,1.20414624973168,0.522562770422187,0.665505226480836,1.40390245521598,3.73786345787752,0.763066202090592,1.80188929375367,4.99518625290884,0.815331010452962,2.14708352282444,6.51003568518862
B_ANCHOR,3,ATU5,287,0.511356045325449,0.870750971704422,0.394698996214448,0.679442508710801,1.10916652781779,2.87752809327672,0.777003484320557,1.42359982635501,3.86179479452158,0.825783972125436,1.69632382014719,5.08388443979957
B_ANCHOR,3,MJ3,287,0.389239777244163,0.533802899278519,0.315769767784361,0.70383275261324,1.47128827136406,2.11197721007306,0.825783972125436,1.88837805243984,2.67305070299511,0.867595818815331,2.25014123526456,3.35650154334615
B_ANCHOR,3,MJ1,287,0.376366965313254,0.500669318263271,0.296796701008116,0.790940766550523,1.59501461865103,2.15161338641164,0.871080139372822,2.04717909997938,2.65231227177731,0.937282229965157,2.43936435444361,3.22196431946021
B_ANCHOR,4,ATU1,287,0.920563224587371,1.62274659352941,0.706095926586044,0.665505226480836,1.85271719317315,5.11358089909589,0.759581881533101,2.37793677354775,6.96296273601872,0.808362369337979,2.83348643143703,9.26624504435392
B_ANCHOR,4,ATU5,287,0.689426226367731,1.17628931771304,0.537903864915566,0.665505226480836,1.50528508575474,3.97518202223608,0.770034843205575,1.93201249131748,5.39622626747254,0.822299651567944,2.30213487608736,7.24694820435792
B_ANCHOR,4,MJ3,287,0.515273892956568,0.706645281196599,0.422951932545111,0.710801393728223,1.97712463266388,2.84110211430925,0.829268292682927,2.53761199346691,3.66869307610054,0.860627177700348,3.02375119125344,4.67897740471839
B_ANCHOR,4,MJ1,287,0.455143016764297,0.584517101725215,0.361025903257662,0.787456445993031,2.00571071381964,2.66220310539526,0.853658536585366,2.5743018314208,3.31443997146625,0.885017421602787,3.06746982968419,3.84689881213595
B_ANCHOR,5,ATU1,287,1.15667413258288,2.04747805057818,0.893618522429198,0.662020905923345,2.2915608992459,6.54613824220507,0.752613240418119,2.94118657246775,9.07226863830736,0.787456445993031,3.5046399627264,12.3255282245633
B_ANCHOR,5,ATU5,287,0.870550013105883,1.48814757924031,0.686746967462885,0.665505226480836,1.91851249039143,5.14203950007817,0.766550522648084,2.46238412328811,7.05190612797028,0.825783972125436,2.93411165508548,9.65038548892145
B_ANCHOR,5,MJ3,287,0.642446590063826,0.880962354191603,0.53336839982847,0.721254355400697,2.50139897219016,3.60761781584463,0.825783972125436,3.21051082334814,4.72038138314198,0.86411149825784,3.82555960155597,6.09486752431267
B_ANCHOR,5,MJ1,287,0.532883561377491,0.67255858938837,0.428365989223907,0.780487804878049,2.43476527491323,3.22385511012579,0.860627177700348,3.12498739878225,4.01171120301444,0.878048780487805,3.72365215566711,4.69489190432133
B_ANCHOR,6,ATU1,287,1.39446927994687,2.47749152926457,1.08474857967562,0.665505226480836,2.71989312357896,8.03667620474796,0.752613240418119,3.49094503063406,11.3172583626776,0.777003484320557,4.15971756996569,15.6805910148483
B_ANCHOR,6,ATU5,287,1.05414363578092,1.80583554593594,0.841215359588565,0.658536585365854,2.35045120784019,6.37433095370359,0.749128919860627,3.01677146525545,8.8373767302654,0.822299651567944,3.59470491757214,12.2704386202192
B_ANCHOR,6,MJ3,287,0.770980264265129,1.056706104248,0.6470772718915,0.728222996515679,3.04421699932614,4.41422073013374,0.825783972125436,3.90721021860799,5.82606445608915,0.857142857142857,4.65572813472263,7.60370974078803
B_ANCHOR,6,MJ1,287,0.612738473072383,0.765464488539072,0.499134898254896,0.766550522648084,2.88243177117,3.81253093891629,0.853658536585366,3.6995611263089,4.75149798204843,0.881533101045296,4.40829898014008,5.60333510269999
B_ANCHOR,7,ATU1,287,1.63377115035434,2.91198737654554,1.27930179477534,0.662020905923345,3.14030203845535,9.58443040571092,0.745644599303136,4.03053403120877,13.6934324579356,0.770034843205575,4.80267752108333,19.3115854241167
B_ANCHOR,7,ATU5,287,1.23982743381798,2.12888428048197,1.00121595458795,0.658536585365854,2.80355541938853,7.67443847604601,0.738675958188153,3.59832442480067,10.7614445923282,0.815331010452962,4.2876680099318,15.1171411302871
B_ANCHOR,7,MJ3,287,0.900571018594861,1.2337544733542,0.764102532275427,0.721254355400697,3.60586800261876,5.25829606682274,0.822299651567944,4.62808147707679,6.98865675127438,0.853658536585366,5.51469921940662,9.20352492328301
B_ANCHOR,7,MJ1,287,0.694605796798451,0.862023704649246,0.57291320156942,0.759581881533101,3.34703351625359,4.43293178963155,0.839721254355401,4.29587101038601,5.54063845033162,0.874564459930314,5.11884603263526,6.58140951542259
DRIFT1,1,ATU1,287,0.0112927213212487,0.0197063079741827,0.00836640314394031,0.620209059233449,0.0218419674889266,0.0563624178064164,0.766550522648084,0.0280338617733671,0.0752301098930845,0.808362369337979,0.0334044066432876,0.0997080799574707
DRIFT1,1,ATU5,287,0.00696620273607037,0.0135587373205934,0.00528201785588871,0.606271777003484,0.0122268925945866,0.0378116464717468,0.738675958188153,0.015693046749942,0.0523377382565172,0.825783972125436,0.0186994185583583,0.0727238700775906
DRIFT1,1,MJ3,287,0.00257235009472957,0.00367362465361187,0.00204050591063137,0.731707317073171,0.00837200518649313,0.0153678739027922,0.777003484320557,0.0107453523261054,0.0207184796361803,0.815331010452962,0.0128038770230412,0.0271328165497451
DRIFT1,1,MJ1,287,0.0021192499645629,0.00309335262562747,0.00167421156090364,0.735191637630662,0.00704236347927966,0.0121507225706462,0.794425087108014,0.0090387756705456,0.0157122437630379,0.843205574912892,0.0107703655135883,0.0199824002830295
DRIFT1,2,ATU1,287,0.0339302488702959,0.0591186839029874,0.0252755515615252,0.623693379790941,0.0650487616094744,0.172145634283478,0.763066202090592,0.0834891816597078,0.233352148197003,0.801393728222996,0.0994834959600887,0.316693198825634
DRIFT1,2,ATU5,287,0.0208887303164979,0.040648923501727,0.0159792781762621,0.59581881533101,0.0363113631716404,0.115970664194612,0.728222996515679,0.046605130076869,0.163440982948326,0.825783972125436,0.0555334377167499,0.232546176304486
DRIFT1,2,MJ3,287,0.00771740787837911,0.0110155969389809,0.00614958924724184,0.731707317073171,0.0251162780828386,0.0467246687088202,0.777003484320557,0.0322363939234134,0.0636913832140144,0.81184668989547,0.0384120325639102,0.0847448284091054
DRIFT1,2,MJ1,287,0.00635537270604507,0.00927391922739696,0.00505171849286425,0.735191637630662,0.0212682966683747,0.0369072982242258,0.801393728222996,0.027297563246465,0.0482588931557056,0.839721254355401,0.0325270528344438,0.0625670398012952
DRIFT1,3,ATU1,287,0.0679541363606677,0.118207853177193,0.0508920404533967,0.634146341463415,0.129094715277465,0.350697975598406,0.766550522648084,0.165691273260757,0.481624273644094,0.794425087108014,0.197433329520967,0.666865294308513
DRIFT1,3,ATU5,287,0.0417355227181652,0.0812181733689476,0.0322123778665561,0.602787456445993,0.0718557137615124,0.236845244195674,0.721254355400697,0.0922258101628511,0.339170826915146,0.815331010452962,0.109893830917482,0.492831613832977
DRIFT1,3,MJ3,287,0.0154273272270987,0.0220140093613567,0.0123506108847733,0.735191637630662,0.0502164774130737,0.0946403857856699,0.777003484320557,0.0644521509913135,0.130327711020023,0.808362369337979,0.076799474797796,0.176005188572725
DRIFT1,3,MJ1,287,0.0126968358854918,0.0185298078243604,0.0101572643653346,0.735191637630662,0.0428050711536909,0.0746713232540198,0.801393728222996,0.0549397140404094,0.098658307686891,0.839721254355401,0.0654647070570674,0.130125324018699
DRIFT1,4,ATU1,287,0.113419173007455,0.19691850142103,0.0853674426788724,0.623693379790941,0.213408150524971,0.594773603415963,0.759581881533101,0.27390639584825,0.826240091378256,0.787456445993031,0.326379601322165,1.16566563103324
DRIFT1,4,ATU5,287,0.0695228353268689,0.135190646980086,0.0540863459479402,0.588850174216028,0.118434868234834,0.402831152499158,0.714285714285714,0.152009507702335,0.585378856587584,0.81184668989547,0.181130500320823,0.866205812440468
DRIFT1,4,MJ3,287,0.0256994973700767,0.0366505723700854,0.0206622751116996,0.735191637630662,0.0836391507773458,0.159625513269001,0.773519163763066,0.107349687839369,0.221857298001314,0.804878048780488,0.127915042693934,0.303963894184944
DRIFT1,4,MJ1,287,0.0211378872098487,0.0308436762893916,0.0170103710990425,0.742160278745645,0.0717659711845211,0.125764372115757,0.808362369337979,0.0921106268122755,0.167995425667959,0.836236933797909,0.109756581489893,0.224664737758568
DRIFT1,5,ATU1,287,0.170323941301529,0.295172290849041,0.128837585263506,0.616724738675958,0.317374223474133,0.906766763965555,0.752613240418119,0.407345405848331,1.27353526201294,0.787456445993031,0.485381988797558,1.82516461902828
DRIFT1,5,ATU5,287,0.104194794104049,0.202468688695134,0.0816881057998058,0.588850174216028,0.175597376823928,0.615715635926377,0.70383275261324,0.225376793191497,0.906962806060851,0.804878048780488,0.268553013087953,1.36283411990775
DRIFT1,5,MJ3,287,0.0385133199181319,0.0549008599171478,0.0310987897873615,0.731707317073171,0.125333166788433,0.242168663874967,0.773519163763066,0.160863378042578,0.339599729702593,0.804878048780488,0.191680537543796,0.471256918802775
DRIFT1,5,MJ1,287,0.0316713861609911,0.0461930348471472,0.0256244876383321,0.742160278745645,0.108250333803182,0.190503923192331,0.818815331010453,0.138937799275529,0.257322156151043,0.839721254355401,0.165554599028961,0.348052183294106
DRIFT1,6,ATU1,287,0.238694838616193,0.412870841225905,0.181418755231094,0.616724738675958,0.440337983073045,1.28919693229372,0.745644599303136,0.565167682686579,1.82733217195861,0.780487804878049,0.673438830751556,2.65664895149787
DRIFT1,6,ATU5,287,0.14566972851427,0.282934427798863,0.115084907019209,0.581881533101045,0.242866352287566,0.876756607836769,0.696864111498258,0.311715588482721,1.3078155652922,0.794425087108014,0.371432033121489,1.9935847526586
DRIFT1,6,MJ3,287,0.0538396382803987,0.0767345420812782,0.0436700425208628,0.731707317073171,0.175229031516443,0.342646767521785,0.773519163763066,0.224904027107581,0.484695315815214,0.801393728222996,0.267989677553162,0.680447519191026
DRIFT1,6,MJ1,287,0.0442583551476386,0.0645505384698625,0.0360068264669308,0.749128919860627,0.15234365355991,0.269095506492084,0.815331010452962,0.195530962497451,0.367207611756942,0.836236933797909,0.232989512305562,0.501359438461445
DRIFT1,7,ATU1,287,0.318593081258005,0.549898696921946,0.243203213918535,0.609756097560976,0.581607643869941,1.74303186854323,0.735191637630662,0.746485329348131,2.49176154728319,0.780487804878049,0.889492132635232,3.66955552114826
DRIFT1,7,ATU5,287,0.194049684683307,0.376451355339626,0.154323814913133,0.578397212543554,0.319740334764191,1.18790007117651,0.689895470383275,0.410382276811512,1.79253388464337,0.790940766550523,0.489000643744109,2.767304246804
DRIFT1,7,MJ3,287,0.0716801836154902,0.10211560749515,0.0583815698108899,0.731707317073171,0.233238075523303,0.461450530077693,0.773519163763066,0.299357829042701,0.658016433061387,0.804878048780488,0.356706854518855,0.934128128298572
DRIFT1,7,MJ1,287,0.0589019611637763,0.0858842722436284,0.0481592291151325,0.752613240418119,0.204117760010114,0.361640312478638,0.815331010452962,0.261982308714339,0.498134769032577,0.832752613240418,0.312171175144862,0.685668519381768
C16_CORE_RULES,1,ATU1,287,0.00014851251398518,0.000417694777905993,0.000122627007930331,0.909407665505226,0.000497996925514916,0.000995379853852271,0.933797909407665,0.00063917213412522,0.0015180013303502,0.944250871080139,0.000761620573569604,0.00237999012842872
C16_CORE_RULES,1,ATU5,287,8.97505050879265e-05,0.000279468922504982,7.47090547618168e-05,0.916376306620209,0.000283753557740544,0.000604153334974342,0.933797909407665,0.000364193748540831,0.000931509562078867,0.940766550522648,0.000433963617699654,0.00146711056153141
C16_CORE_RULES,1,MJ3,287,3.19817802930933e-05,7.51342577542378e-05,3.23810490843687e-05,0.926829268292683,0.000189112545390328,0.000279919004109305,0.954703832752613,0.000242723324243324,0.000399154441087699,0.958188153310105,0.000289222679728526,0.000570083113788685
C16_CORE_RULES,1,MJ1,287,3.12168932290794e-05,6.83170361831174e-05,2.92128843090244e-05,0.923344947735192,0.000162288672229328,0.000251872622379224,0.944250871080139,0.000208295255763119,0.000362332252916055,0.947735191637631,0.000248199105844643,0.000520160296150686
C16_CORE_RULES,2,ATU1,287,0.000689237274878234,0.00179657111245136,0.000560359354566729,0.912891986062718,0.0021261252322774,0.00441349105542628,0.930313588850174,0.00272885219267994,0.0067946939982488,0.947735191637631,0.0032516279437536,0.0107354903987368
C16_CORE_RULES,2,ATU5,287,0.000416500827698747,0.00120366672838525,0.000341810971024529,0.902439024390244,0.00121004682023578,0.00268972877088012,0.930313588850174,0.00155307827993592,0.00418943855910321,0.933797909407665,0.00185060691355655,0.00672156706316392
C16_CORE_RULES,2,MJ3,287,0.000144006742595295,0.00032241038099663,0.00014286926643232,0.930313588850174,0.000812822462732888,0.00122370809152394,0.954703832752613,0.00104324633656203,0.00175877792232633,0.954703832752613,0.00124310468309072,0.00253707031661274
C16_CORE_RULES,2,MJ1,287,0.000139234700154401,0.00029309583188544,0.000129166710131782,0.912891986062718,0.00069939832389112,0.0011027703169681,0.937282229965157,0.000897668030434778,0.00157642078703463,0.940766550522648,0.00106963743210556,0.00226446255891609
C16_CORE_RULES,3,ATU1,287,0.00197882188596837,0.00480200588869496,0.00157554142426556,0.860627177700348,0.00561409401628515,0.0118244490653811,0.930313588850174,0.0072056116608978,0.0179357657736184,0.940766550522648,0.0085860158682438,0.0281795944249805
C16_CORE_RULES,3,ATU5,287,0.00119658274482236,0.00320744812624269,0.000955739760071649,0.89198606271777,0.00316780028618091,0.00716188834611173,0.916376306620209,0.00406582765007132,0.0110192238160052,0.926829268292683,0.00484473246184955,0.0175296899995442
C16_CORE_RULES,3,MJ3,287,0.000402917830053462,0.000851988578491044,0.000384310107659416,0.926829268292683,0.00215182873577161,0.00320497656215093,0.958188153310105,0.00276184228223809,0.00457295030763617,0.965156794425087,0.00329093806006721,0.00662294840046377
C16_CORE_RULES,3,MJ1,287,0.000383897441328078,0.000772083818685935,0.000345918421802912,0.912891986062718,0.00184918345490913,0.00288093886703034,0.933797909407665,0.0023734012695949,0.00407120394305732,0.944250871080139,0.00282808204514279,0.00571675504446994
C16_CORE_RULES,4,ATU1,287,0.00446365523465554,0.0103146037273335,0.00355445477377671,0.787456445993031,0.011877306534005,0.0265363833812266,0.916376306620209,0.015244357898756,0.0394586123110012,0.923344947735192,0.0181647728159102,0.0615049916911118
C16_CORE_RULES,4,ATU5,287,0.00271865199487166,0.00689221088729447,0.00215896455676389,0.804878048780488,0.00666123818170794,0.0161010047834272,0.909407665505226,0.00854960664693185,0.0242893981503648,0.923344947735192,0.0101874846706155,0.038856153962859
C16_CORE_RULES,4,MJ3,287,0.000895747120593453,0.00180507988609483,0.000836637045703906,0.902439024390244,0.00456656848631173,0.00686902534835099,0.944250871080139,0.00586112719876191,0.0097453437427641,0.958188153310105,0.00698396381913383,0.0138954759860108
C16_CORE_RULES,4,MJ1,287,0.000835080510753438,0.00162061566264098,0.000740963390794749,0.912891986062718,0.00389211002424693,0.00607297848414625,0.923344947735192,0.00499546913445125,0.0085095837445009,0.940766550522648,0.00595246861421528,0.0118462525407578
C16_CORE_RULES,5,ATU1,287,0.00871636049463333,0.0192918124772757,0.0069260147522015,0.770034843205575,0.0218812008072291,0.0519968956105515,0.874564459930314,0.0280842171922539,0.0762980008849719,0.923344947735192,0.0334644088257404,0.118586988073819
C16_CORE_RULES,5,ATU5,287,0.00530556802278864,0.012918684910733,0.00422784878517517,0.777003484320557,0.0122279357054042,0.0321768221411114,0.860627177700348,0.0156943855681794,0.0476764441503709,0.916376306620209,0.0187010138586761,0.0761569640525346
C16_CORE_RULES,5,MJ3,287,0.00172926705693717,0.00334630268831935,0.00159719262731148,0.888501742160279,0.00847853157452079,0.0131087807398318,0.937282229965157,0.0108820774649355,0.0184701628605812,0.944250871080139,0.0129667950745343,0.0260703194121387
C16_CORE_RULES,5,MJ1,287,0.0015745377681496,0.00296549447603007,0.00138644211023148,0.898954703832753,0.00713971555404807,0.0111973962304296,0.923344947735192,0.0091637257057858,0.0157386260051734,0.937282229965157,0.0109192526637366,0.0218723168195031
C16_CORE_RULES,6,ATU1,287,0.0152889982786526,0.0326630012615515,0.0121438782299684,0.745644599303136,0.0365360309537722,0.0918999634440157,0.818815331010453,0.0468934880534368,0.133819690738076,0.895470383275261,0.0558770374386035,0.203426184192865
C16_CORE_RULES,6,ATU5,287,0.00935132332315635,0.0219207154272859,0.00744429606191957,0.766550522648084,0.0203725662369536,0.0572405341614112,0.829268292682927,0.0261479056840845,0.0848169175835641,0.909407665505226,0.0311571513551388,0.131818820266573
C16_CORE_RULES,6,MJ3,287,0.00304056932284335,0.00565244427273936,0.00277419620004809,0.86411149825784,0.0143400228767251,0.0227995936951826,0.926829268292683,0.0184052201046837,0.031674826739911,0.930313588850174,0.0219311724408964,0.0445001102021826
C16_CORE_RULES,6,MJ1,287,0.00270005910917457,0.00493659119891759,0.00235653907763644,0.850174216027875,0.0119163630577949,0.0189004656850352,0.912891986062718,0.015294486404344,0.0262976864016099,0.937282229965157,0.0182245046144993,0.0365146516210379
C16_CORE_RULES,7,ATU1,287,0.0246414094035528,0.0512861356292586,0.019636144949787,0.728222996515679,0.0566495962300439,0.148338919991644,0.801393728222996,0.072708969603368,0.216863508124562,0.860627177700348,0.0866380810064747,0.322805906047355
C16_CORE_RULES,7,ATU5,287,0.0151944456749242,0.0344688694008088,0.0120704837814323,0.745644599303136,0.0315436520492247,0.0928238897086712,0.818815331010453,0.0404858390995797,0.138036017137864,0.871080139372822,0.0482418527818483,0.211075328915107
C16_CORE_RULES,7,MJ3,287,0.00497187249438534,0.00890347543052299,0.00447998497360062,0.846689895470383,0.0226103005421046,0.0367107995539965,0.898954703832753,0.0290200065709785,0.0505657681499793,0.933797909407665,0.0345794706460657,0.0706650206537927
C16_CORE_RULES,7,MJ1,287,0.00430280872787142,0.00766005921165574,0.00372432820882574,0.825783972125436,0.0185435812736883,0.0297205211127783,0.916376306620209,0.0238004288978715,0.0409996771750507,0.930313588850174,0.0283599602372434,0.056629899016416
C16_PHYS_RULES,1,ATU1,287,0.000155269959018781,0.000427842364534757,0.000127893768436052,0.902439024390244,0.000501954132476651,0.00103994264804936,0.9198606271777,0.000644251154269592,0.00155365227957454,0.937282229965157,0.000767672599365224,0.00237238418969651
C16_PHYS_RULES,1,ATU5,287,9.35105915790009e-05,0.000285358791564878,7.74055629233731e-05,0.909407665505226,0.000285586706316055,0.000627964498408018,0.923344947735192,0.000366546569280487,0.000945619180041996,0.937282229965157,0.000436767176518892,0.00145196159871236
C16_PHYS_RULES,1,MJ3,287,3.21308052646217e-05,7.59651281369679e-05,3.28297454636852e-05,0.930313588850174,0.000191006268700798,0.000283604241463725,0.954703832752613,0.000245153891789164,0.000402632599965068,0.958188153310105,0.00029211887959094,0.000575381802595176
C16_PHYS_RULES,1,MJ1,287,3.16544118443678e-05,6.83242264124286e-05,2.93138270696318e-05,0.926829268292683,0.000162377965708506,0.000250936009261252,0.947735191637631,0.000208409862698128,0.000361515612396908,0.947735191637631,0.0002483356684262,0.00051877394599624
C16_PHYS_RULES,2,ATU1,287,0.000736745153980074,0.00189713781328266,0.000598199870012097,0.898954703832753,0.00216684447011488,0.00472184534436278,0.916376306620209,0.00278111476864354,0.0071809432431699,0.940766550522648,0.00331390264403669,0.0111654989821879
C16_PHYS_RULES,2,ATU5,287,0.000440774832336913,0.00126188145593048,0.000362021150273953,0.895470383275261,0.00122825524755419,0.00286690734477473,0.9198606271777,0.00157644854337342,0.00439996769997214,0.926829268292683,0.00187845430004277,0.00694853188258509
C16_PHYS_RULES,2,MJ3,287,0.000145694069010223,0.000329271429858966,0.000146274222172413,0.926829268292683,0.000827884750572178,0.00125360990811781,0.954703832752613,0.00106257857371134,0.00179009956314599,0.954703832752613,0.0012661404644758,0.0025821657192804
C16_PHYS_RULES,2,MJ1,287,0.000142356832272688,0.000293916583139957,0.000130228924772669,0.9198606271777,0.000703261807852441,0.00110364684693062,0.937282229965157,0.000902626758409398,0.00158017874895678,0.940766550522648,0.00107554612093131,0.00226209267525804
C16_PHYS_RULES,3,ATU1,287,0.0021273212365743,0.00511177822517786,0.00169357588519428,0.850174216027875,0.005735484920732,0.0128039426630389,0.9198606271777,0.00736141520001033,0.01941247036023,0.930313588850174,0.00877166723582539,0.0299667385279241
C16_PHYS_RULES,3,ATU5,287,0.00126835905866589,0.00339213832853365,0.00102068945017997,0.86411149825784,0.00322113426294374,0.00773339064438224,0.909407665505226,0.00413428106815949,0.0118904358718621,0.916376306620209,0.00492629974047155,0.0186026840053886
C16_PHYS_RULES,3,MJ3,287,0.000406448181696069,0.000870692770286428,0.000392901842738227,0.9198606271777,0.00219222365254317,0.00329158960525542,0.954703832752613,0.00281368859664437,0.00466034397919518,0.965156794425087,0.00335271675410422,0.0067302126272563
C16_PHYS_RULES,3,MJ1,287,0.000393968076089404,0.000775384631581016,0.000349873810468666,0.909407665505226,0.00186420187189932,0.00288526850049541,0.937282229965157,0.00239267719911834,0.00409238597554174,0.940766550522648,0.00285105073183772,0.00573362244789557
C16_PHYS_RULES,4,ATU1,287,0.00481066697335306,0.0109394963604244,0.00381043623474742,0.787456445993031,0.0121147540738165,0.0286602670190113,0.881533101045296,0.0155491185167162,0.0419682222525784,0.916376306620209,0.0185279174904985,0.0645057710664434
C16_PHYS_RULES,4,ATU5,287,0.00288379824776962,0.00728303098880323,0.00230631223340774,0.801393728222996,0.00676758893472928,0.0173913343188045,0.905923344947735,0.00868610636066938,0.0259526288627238,0.916376306620209,0.0103501341115362,0.0409436711435214
C16_PHYS_RULES,4,MJ3,287,0.000905426716094664,0.00183803652254577,0.000850042186594313,0.909407665505226,0.00463828352381565,0.0069830749259527,0.944250871080139,0.00595317245291982,0.00986978561572694,0.961672473867596,0.00709364250427229,0.0140638278959042
C16_PHYS_RULES,4,MJ1,287,0.000860967124462235,0.00162901294542648,0.000750632803207895,0.912891986062718,0.00392936029585819,0.00609927236014253,0.926829268292683,0.00504327934044806,0.00855386666494396,0.937282229965157,0.00600943798846099,0.0118588543379205
C16_PHYS_RULES,5,ATU1,287,0.00937397027331421,0.0203137575536027,0.00738951753330257,0.75609756097561,0.0222559761741226,0.0554178033489639,0.850174216027875,0.0285652361680754,0.0805001047759534,0.909407665505226,0.0340375782877895,0.121989422400242
C16_PHYS_RULES,5,ATU5,287,0.00562826157452369,0.0136010320664728,0.00451109921767655,0.78397212543554,0.0124053973280014,0.0344502259815513,0.843205574912892,0.0159221550949209,0.0509053113071308,0.905923344947735,0.0189724179896362,0.078859201532932
C16_PHYS_RULES,5,MJ3,287,0.00175073308832907,0.0033904718846417,0.00161351509390452,0.885017421602787,0.00858032653659171,0.0131552146026527,0.933797909407665,0.0110127298843008,0.0185096978815231,0.947735191637631,0.0131224770344387,0.0259286974098821
C16_PHYS_RULES,5,MJ1,287,0.00162901076889192,0.00298334457931336,0.00140602469446447,0.902439024390244,0.00721790250846419,0.0112474547552044,0.9198606271777,0.00926407757536805,0.0157672307987639,0.933797909407665,0.0110388292916773,0.021838932361798
C16_PHYS_RULES,6,ATU1,287,0.0164652522366991,0.034144820715108,0.012894656156029,0.735191637630662,0.0370544650224461,0.09662479342674,0.822299651567944,0.0475588909768275,0.140182554482013,0.878048780487805,0.0566699139254181,0.207611405509973
C16_PHYS_RULES,6,ATU5,287,0.00995824104897949,0.0229969982212005,0.00793465513812403,0.759581881533101,0.0206408743373843,0.0607782962258609,0.825783972125436,0.0264922754028088,0.0898035979656392,0.871080139372822,0.0315674931843251,0.136055396012603
C16_PHYS_RULES,6,MJ3,287,0.00308004140854947,0.00569773500651475,0.00278866402389422,0.86411149825784,0.0144630953933168,0.0226390280082573,0.930313588850174,0.0185631819696211,0.0314388306320619,0.937282229965157,0.0221193956123283,0.0438978679230817
C16_PHYS_RULES,6,MJ1,287,0.00280933360422972,0.00497210805693181,0.00239341323977175,0.871080139372822,0.0120707829240229,0.0189427782012253,0.9198606271777,0.0154926821569437,0.0262431630408086,0.937282229965157,0.018460669420061,0.0364419735695729
C16_PHYS_RULES,7,ATU1,287,0.0265810644580172,0.0532870548964058,0.0207647966592863,0.717770034843206,0.0572974248014687,0.154758064163582,0.794425087108014,0.0735404485730751,0.224226073776657,0.857142857142857,0.0876288493081811,0.332325766959674
C16_PHYS_RULES,7,ATU5,287,0.0162495889832809,0.0360805344010874,0.0128615245691184,0.749128919860627,0.0319214979758275,0.0979748386264442,0.804878048780488,0.0409707990961254,0.144398237710526,0.860627177700348,0.048819718259707,0.218879905005632
C16_PHYS_RULES,7,MJ3,287,0.00502128268246407,0.00892943066877725,0.00448239278772675,0.850174216027875,0.0227296871462829,0.0362480501951228,0.909407665505226,0.0291732376185364,0.0497715895452361,0.930313588850174,0.0347620567009006,0.0688497131088887
C16_PHYS_RULES,7,MJ1,287,0.0044968377394656,0.00772819288149545,0.00379085856891138,0.853658536585366,0.0188354444504759,0.0297333513808973,0.923344947735192,0.0241750312297842,0.0408515248674756,0.930313588850174,0.0288063264470032,0.056238966924614
CL_DIRECT,1,ATU1,287,0.137249677276132,0.202576991752937,0.103377356997581,0.682926829268293,0.45744034868068,0.719113840145023,0.825783972125436,0.587118331303052,0.922057250824417,0.9198606271777,0.699594641834466,1.17475895760037
CL_DIRECT,1,ATU5,287,0.10127884990952,0.164721900201218,0.0795915989433338,0.700348432055749,0.296633224872181,0.570628240490465,0.81184668989547,0.380724622343212,0.733767160514287,0.881533101045296,0.453661368764655,0.959910864130127
CL_DIRECT,1,MJ3,287,0.065762748621126,0.0901032402997894,0.0478838532153528,0.655052264808362,0.172224501440332,0.322138083764461,0.738675958188153,0.221047754503456,0.374607855358676,0.898954703832753,0.263394645329776,0.431813337872992
CL_DIRECT,1,MJ1,287,0.0493899445629991,0.0610676977987999,0.0364469104024146,0.797909407665505,0.196958541177625,0.25038363599465,0.902439024390244,0.252793550821662,0.307800473967603,0.958188153310105,0.301222094790742,0.373585987542972
CL_DIRECT,2,ATU1,287,0.277903325399806,0.412627766879434,0.212983191116897,0.682926829268293,0.939837286906942,1.51389034963103,0.808362369337979,1.20626809851087,1.96829270573369,0.89198606271777,1.43735709369031,2.50736335518007
CL_DIRECT,2,ATU5,287,0.208899728184058,0.339186697819888,0.165559477246969,0.724738675958188,0.614004477470948,1.18664084591044,0.829268292682927,0.7880662151143,1.55107728648053,0.878048780487805,0.939038814000428,2.10319865572514
CL_DIRECT,2,MJ3,287,0.132115198572044,0.184927600814094,0.0980647381811012,0.634146341463415,0.348398005190053,0.668676900961576,0.731707317073171,0.447163998598849,0.793330671875696,0.888501742160279,0.532828768515419,0.930882440354524
CL_DIRECT,2,MJ1,287,0.103608034663604,0.126710285816757,0.0767505657343871,0.773519163763066,0.402957151141002,0.520424386556866,0.89198606271777,0.517189904316214,0.635223931837378,0.944250871080139,0.61626978171074,0.76045397692666
CL_DIRECT,3,ATU1,287,0.420912768795973,0.628490939013706,0.327321219416676,0.686411149825784,1.42965905573617,2.35729958584722,0.78397212543554,1.83494753262804,3.0781526467647,0.888501742160279,2.18647484404867,3.94194076910242
CL_DIRECT,3,ATU5,287,0.322386865706719,0.521157462403037,0.256047597699564,0.735191637630662,0.94568891987317,1.83286902431462,0.836236933797909,1.21377858811336,2.43472390744481,0.871080139372822,1.44630639403287,3.36853155985397
CL_DIRECT,3,MJ3,287,0.199528738477669,0.283960297035523,0.150408355353897,0.627177700348432,0.527620918300004,1.03895956650728,0.724738675958188,0.677194117235899,1.2576206079279,0.860627177700348,0.806926560866509,1.50323336746071
CL_DIRECT,3,MJ1,287,0.160494206016954,0.195496371999349,0.119596816397065,0.745644599303136,0.615778931444155,0.806009574716909,0.878048780487805,0.790343702132507,0.978879314703052,0.944250871080139,0.941752607165862,1.16232912161995
CL_DIRECT,4,ATU1,287,0.568589991061542,0.849388674277323,0.446293312093818,0.682926829268293,1.93045812873945,3.23549326849035,0.777003484320557,2.47771618412066,4.2280801245609,0.881533101045296,2.95238093239271,5.42638671771992
CL_DIRECT,4,ATU5,287,0.440494973148967,0.70762915823951,0.349760479232999,0.745644599303136,1.28888569455552,2.49749766049533,0.839721254355401,1.65426687962774,3.3727481514082,0.871080139372822,1.97118056692802,4.71687734251379
CL_DIRECT,4,MJ3,287,0.268658967871147,0.386024835293758,0.204680550543378,0.623693379790941,0.710956041634992,1.42539399417317,0.721254355400697,0.912502200556723,1.75317246719093,0.853658536585366,1.08731343604075,2.13341464534982
CL_DIRECT,4,MJ1,287,0.218235286230952,0.265258596686818,0.163409700967544,0.735191637630662,0.834028055728392,1.10333047924582,0.857142857142857,1.07046342053441,1.33530935188565,0.937282229965157,1.27553583895701,1.57184300053813
CL_DIRECT,5,ATU1,287,0.725333872356743,1.07522006325447,0.570262621616685,0.67595818815331,2.45020228522159,4.14497974532015,0.763066202090592,3.14480058701256,5.43083783877952,0.874564459930314,3.74726102560789,6.93104761374041
CL_DIRECT,5,ATU5,287,0.559934703559988,0.895027345193765,0.444730669990014,0.742160278745645,1.6431389330902,3.16635804624071,0.843205574912892,2.10894598886472,4.33432767286463,0.871080139372822,2.51296414208959,6.11724556831832
CL_DIRECT,5,MJ3,287,0.339935743937463,0.489482933593827,0.260272661820045,0.620209059233449,0.897745646136019,1.81789832345098,0.721254355400697,1.15224406245345,2.26060975482726,0.853658536585366,1.37298348424746,2.78289302559068
CL_DIRECT,5,MJ1,287,0.274031393632828,0.332007402489925,0.205922199506527,0.735191637630662,1.05135684702873,1.39855237932143,0.846689895470383,1.34940190433974,1.69090604210776,0.923344947735192,1.60791154291183,1.98076105808149
CL_DIRECT,6,ATU1,287,0.892245999786823,1.30543242794999,0.698922855050629,0.689895470383275,2.98797565615344,5.08195320970541,0.770034843205575,3.83502523613097,6.65659840771776,0.86411149825784,4.56971442288747,8.46710034719712
CL_DIRECT,6,ATU5,287,0.678183527547837,1.07926482698675,0.539024234395537,0.738675958188153,2.00242971705767,3.83033593401446,0.829268292682927,2.57009071766694,5.29147266990361,0.874564459930314,3.06245197815193,7.51228471606532
CL_DIRECT,6,MJ3,287,0.413067748148334,0.592314019497479,0.316288054115623,0.623693379790941,1.08812455712526,2.20637515826783,0.717770034843206,1.39659274935368,2.7591626087689,0.86411149825784,1.66414290302303,3.4359246188683
CL_DIRECT,6,MJ1,287,0.325377064583626,0.39216884808196,0.244990164237202,0.735191637630662,1.26049622210776,1.67887383428139,0.846689895470383,1.61782938621863,2.0279667118535,0.923344947735192,1.92776261556837,2.36778594232371
CL_DIRECT,7,ATU1,287,1.07169940946862,1.53922307664696,0.831995402659051,0.682926829268293,3.54892796788689,6.03513521762285,0.780487804878049,4.55499973369204,7.9100334109657,0.867595818815331,5.42761695104274,10.0517562325999
CL_DIRECT,7,ATU5,287,0.793801142360613,1.25656309725282,0.631357771513254,0.731707317073171,2.36231666976918,4.49721312693532,0.818815331010453,3.03200062076825,6.24240492476475,0.871080139372822,3.61285157562788,8.8313021212423
CL_DIRECT,7,MJ3,287,0.48709320417991,0.692406885192105,0.371714626037931,0.616724738675958,1.27989120562967,2.57977488504542,0.721254355400697,1.64272257807172,3.23591777003717,0.888501742160279,1.95742468317901,4.12602753071574
CL_DIRECT,7,MJ1,287,0.371520703217042,0.443226053523963,0.279247525969973,0.738675958188153,1.45844801351758,1.93326533682916,0.853658536585366,1.87189775991192,2.33440067558946,0.926829268292683,2.23050375550337,2.71315425750051
CL_BRES,1,ATU1,287,0.110590089723887,0.130088248227957,0.0733883822501348,0.763066202090592,0.339187113086731,0.420968105216727,0.895470383275261,0.435341946571477,0.479968406169477,0.97212543554007,0.518741924666606,0.543687619854739
CL_BRES,1,ATU5,287,0.0943700565941525,0.135740851022074,0.0696435237926021,0.759581881533101,0.313129627756376,0.482842599170798,0.850174216027875,0.401897526224132,0.614654808740893,0.885017421602787,0.47889043983503,0.779693447170683
CL_BRES,1,MJ3,287,0.076123397424504,0.106653143675718,0.0569862668501673,0.804878048780488,0.26591168667244,0.401946056030909,0.867595818815331,0.341293954945988,0.504825625436503,0.923344947735192,0.406676830615693,0.629961698447905
CL_BRES,1,MJ1,287,0.141398665181405,0.218072543106441,0.113333475658136,0.825783972125436,0.51119230351652,0.854521518259646,0.874564459930314,0.6561082184403,1.13556305746799,0.912891986062718,0.781801162749702,1.49893290875181
CL_BRES,2,ATU1,287,0.232092496589439,0.272835413719267,0.155002576511122,0.763066202090592,0.700639630880504,0.898624101414334,0.912891986062718,0.899261230702016,1.0144086199712,0.97212543554007,1.07153584731775,1.14181384103107
CL_BRES,2,ATU5,287,0.195560638912439,0.283007573894225,0.146212761957912,0.759581881533101,0.656824834153827,1.03811977969457,0.825783972125436,0.843025547919019,1.33842001024696,0.881533101045296,1.00452689825705,1.69912470759249
CL_BRES,2,MJ3,287,0.144528299487304,0.202552850806672,0.110010246116672,0.797909407665505,0.517801249547059,0.795083968156049,0.843205574912892,0.664590708837807,0.998528608989558,0.912891986062718,0.791908673476448,1.22933976265057
CL_BRES,2,MJ1,287,0.240170373467268,0.357821528157951,0.191171220673811,0.822299651567944,0.883665944215931,1.42386203613947,0.871080139372822,1.13417296067943,1.89289906064798,0.912891986062718,1.35145043835346,2.46933918716623
CL_BRES,3,ATU1,287,0.361098422033642,0.425463829925978,0.242785062752915,0.759581881533101,1.08184616390626,1.43467712288492,0.89198606271777,1.38853451889668,1.61035687426935,0.965156794425087,1.65454092919626,1.79397164412822
CL_BRES,3,ATU5,287,0.300870283811716,0.435439828371872,0.227025780691957,0.752613240418119,1.02467471019103,1.64306597385901,0.801393728222996,1.31515575246239,2.14632486819283,0.871080139372822,1.56710473603924,2.70423968602777
CL_BRES,3,MJ3,287,0.210551073701712,0.295719842280234,0.162756729088111,0.794425087108014,0.769560270351722,1.1963807666978,0.843205574912892,0.987719913796749,1.5083720672047,0.895470383275261,1.17694086946969,1.84966379489684
CL_BRES,3,MJ1,287,0.31567914467591,0.457497482083781,0.251256756937893,0.836236933797909,1.19391221560761,1.85667800023657,0.881533101045296,1.5323697390743,2.46276983009403,0.923344947735192,1.82593116516456,3.20703490131439
CL_BRES,4,ATU1,287,0.497591848026572,0.588373769605074,0.336499848616266,0.75609756097561,1.47860472687594,2.02004286733507,0.871080139372822,1.89776862142566,2.27934812488947,0.944250871080139,2.26133078836824,2.54709505261906
CL_BRES,4,ATU5,287,0.409519644686434,0.591124499372942,0.311184144773899,0.749128919860627,1.4115538776904,2.29384757873767,0.794425087108014,1.81170978818149,3.02363551492639,0.846689895470383,2.15878536368949,3.77936317332834
CL_BRES,4,MJ3,287,0.275762110345807,0.388988858383955,0.216343634952647,0.790940766550523,1.02390757784992,1.60914478280897,0.829268292682927,1.31417114876204,2.0485670475328,0.895470383275261,1.56593150836711,2.48938488805868
CL_BRES,4,MJ1,287,0.382743739615235,0.541834444867783,0.305424108130427,0.843205574912892,1.49061676983326,2.23702216285094,0.89198606271777,1.91318591165155,2.95621958393905,0.905923344947735,2.27970162276154,3.8617435471493
CL_BRES,5,ATU1,287,0.640403775856462,0.762307168982263,0.435974733882348,0.749128919860627,1.88612692798573,2.65565518534816,0.860627177700348,2.42081770394451,3.033286762476,0.933797909407665,2.88458221152597,3.42601398536266
CL_BRES,5,ATU5,287,0.520097339474212,0.748223336915554,0.397589715662938,0.752613240418119,1.81003934060798,2.98112819419871,0.790940766550523,2.32316034279798,3.95359658320003,0.829268292682927,2.76821628842121,4.96452653594334
CL_BRES,5,MJ3,287,0.341466390221345,0.483802326194519,0.271355430078274,0.794425087108014,1.28177117077112,2.03303997765444,0.829268292682927,1.64513548720826,2.61090816836372,0.878048780487805,1.96029984175123,3.19270276938147
CL_BRES,5,MJ1,287,0.447860333321438,0.621912138155583,0.358842022901505,0.850174216027875,1.79665730861439,2.60486031012879,0.895470383275261,2.30598469068033,3.45446754147108,0.912891986062718,2.7477502366036,4.47100813928437
CL_BRES,6,ATU1,287,0.787427658979144,0.947927546992694,0.540825871102058,0.745644599303136,2.29937890549378,3.34495792070995,0.86411149825784,2.95122087485408,3.88100043978246,0.930313588850174,3.51659657148778,4.46542421547669
CL_BRES,6,ATU5,287,0.630639187803306,0.904943993823034,0.48505076674177,0.742160278745645,2.21240862964065,3.68678709701217,0.787456445993031,2.83959573426662,4.92252734225616,0.822299651567944,3.38358701262136,6.2381741465843
CL_BRES,6,MJ3,287,0.408700337980825,0.581007550860177,0.328159145894738,0.790940766550523,1.54241110842425,2.46927148932785,0.832752613240418,1.97966322554003,3.18927266988337,0.881533101045296,2.35891422799003,3.95503465143136
CL_BRES,6,MJ1,287,0.510624965527169,0.698904028192421,0.412016702574587,0.857142857142857,2.11677776082274,2.99888504812534,0.895470383275261,2.7168548429496,3.96373059084723,0.912891986062718,3.2373322198119,5.06894360275196
CL_BRES,7,ATU1,287,0.937430367731935,1.14674841536015,0.65101528479692,0.742160278745645,2.71482014451948,4.09025537928893,0.860627177700348,3.4844339325013,4.83814959009061,0.9198606271777,4.1519591180093,5.70719036584299
CL_BRES,7,ATU5,287,0.739923825630421,1.06036573244238,0.572719257528193,0.742160278745645,2.61291595478233,4.41438946249156,0.790940766550523,3.35364132095356,5.91947839548753,0.818815331010453,3.99611010878613,7.59154197586545
CL_BRES,7,MJ3,287,0.478574271744009,0.681456838682604,0.387254435429312,0.773519163763066,1.80621815774631,2.9204900279357,0.822299651567944,2.31825590769116,3.78972640304853,0.881533101045296,2.76237229354145,4.75976529858418
CL_BRES,7,MJ1,287,0.567552473431499,0.770990806354592,0.464227484781967,0.846689895470383,2.4508455846961,3.41106554359384,0.898954703832753,3.14562625294933,4.48257426157891,0.912891986062718,3.74824486725362,5.70841856379484
NIS_BPLUS,1,ATU1,287,0.167819620585016,0.28332936298918,0.176338276652269,0.700348432055749,0.984371503990352,1.48858885117813,0.787456445993031,1.26342714732524,1.94342014181011,0.843205574912892,1.50546630123989,2.39545750832461
NIS_BPLUS,1,ATU5,287,0.146200668944828,0.252525690087965,0.126659316807155,0.763066202090592,0.564715607417098,1.00837773819867,0.822299651567944,0.724804635279259,1.35528666537219,0.853658536585366,0.863657992236008,1.72645908664854
NIS_BPLUS,1,MJ3,287,0.148424336848453,0.174103632853619,0.104594481326568,0.759581881533101,0.508310936932796,0.662545466763302,0.89198606271777,0.652410024467288,0.77835263699405,0.937282229965157,0.777394492833182,0.888359266661532
NIS_BPLUS,1,MJ1,287,0.176833216862801,0.267989724737481,0.141306096287687,0.853658536585366,0.692648965994062,1.0722303597912,0.895470383275261,0.889005323352217,1.41475214339054,0.926829268292683,1.05931517995562,1.83688793171663
NIS_BPLUS,2,ATU1,287,0.344603603360921,0.591321801774332,0.305287725226545,0.686411149825784,1.32333346655904,2.42663086672297,0.773519163763066,1.69848011633532,3.2321808930437,0.839721254355401,2.02386388790378,4.1279311261214
NIS_BPLUS,2,ATU5,287,0.298195173511453,0.515628839812906,0.241055338516232,0.749128919860627,0.893631764889903,1.8359231323841,0.815331010452962,1.14696395303733,2.51233034922977,0.846689895470383,1.36669184581808,3.29578697935383
NIS_BPLUS,2,MJ3,287,0.283756370321265,0.337031331876256,0.205408391355599,0.749128919860627,0.990775450716379,1.3193358053763,0.836236933797909,1.27164652396391,1.52921432920194,0.926829268292683,1.51526029258553,1.65225393531065
NIS_BPLUS,2,MJ1,287,0.243020206568915,0.38573980737657,0.209172209035116,0.850174216027875,1.10766872570083,1.63864120373304,0.898954703832753,1.42167741815015,2.16999127544651,0.930313588850174,1.69403312948428,2.88015548033577
NIS_BPLUS,3,ATU1,287,0.531644035097242,0.920073453092045,0.438562251297663,0.665505226480836,1.59099888855024,3.38729444798415,0.763066202090592,2.04202496619442,4.58170354952629,0.832752613240418,2.43322282523731,6.01165870938889
NIS_BPLUS,3,ATU5,287,0.454815793635989,0.787590157936174,0.361702261086666,0.724738675958188,1.21423427887163,2.71442535927408,0.815331010452962,1.55845282489439,3.75750605264973,0.839721254355401,1.85701107888782,5.06396130458055
NIS_BPLUS,3,MJ3,287,0.415105413382675,0.497382507078025,0.306707635260405,0.745644599303136,1.47914305766342,1.97221357370867,0.839721254355401,1.89845956151118,2.30674617727266,0.89198606271777,2.26215409426057,2.54335868093972
NIS_BPLUS,3,MJ1,287,0.289582761418701,0.447250997185594,0.257862412944482,0.857142857142857,1.44504057055165,2.02232425579132,0.912891986062718,1.85468949316435,2.67583750899187,0.926829268292683,2.20999884095718,3.50873259310243
NIS_BPLUS,4,ATU1,287,0.727388814382989,1.26637821422719,0.581637903511387,0.665505226480836,1.86157260266809,4.4356035048864,0.745644599303136,2.38930256858677,6.08949020757677,0.818815331010453,2.84702961155173,8.15571452766915
NIS_BPLUS,4,ATU5,287,0.615375701197834,1.06750308342405,0.489703408331903,0.717770034843206,1.55689025276416,3.68931863389104,0.804878048780488,1.99824700610956,5.13321061751954,0.843205574912892,2.38105816834806,7.06547565531517
NIS_BPLUS,4,MJ3,287,0.545744770516625,0.659193865667296,0.410498117070819,0.735191637630662,1.98379723236482,2.64437214412461,0.857142857142857,2.5461761824659,3.12943953516414,0.898954703832753,3.03395605186823,3.5954767314274
NIS_BPLUS,4,MJ1,287,0.343069342807488,0.50399046572707,0.308544606200976,0.836236933797909,1.79034467121111,2.40432548943968,0.916376306620209,2.29788250828863,3.16647827415212,0.937282229965157,2.73809589081639,4.10315835742246
NIS_BPLUS,5,ATU1,287,0.930792894541122,1.62804285790565,0.734176932327753,0.658536585365854,2.14224466378151,5.57312692323902,0.735191637630662,2.74954125902929,7.762821980184,0.804878048780488,3.27628048684926,10.5900153650769
NIS_BPLUS,5,ATU5,287,0.77943683808915,1.35477772461401,0.624528781167375,0.700348432055749,1.92465944917721,4.74439673327528,0.790940766550523,2.47027365947639,6.66305040716668,0.836236933797909,2.94351261729293,9.29912054038466
NIS_BPLUS,5,MJ3,287,0.677022196653507,0.822990770578285,0.517195876850605,0.724738675958188,2.50667283988782,3.34368025979529,0.850174216027875,3.21727975925657,4.00481156612539,0.898954703832753,3.83362528617181,4.72046069619285
NIS_BPLUS,5,MJ1,287,0.399049629506661,0.569047317143743,0.365190800283492,0.818815331010453,2.16256453286925,2.88616304299201,0.878048780487805,2.7756215286546,3.69714084349241,0.926829268292683,3.30735704486946,4.67880166177979
NIS_BPLUS,6,ATU1,287,1.14084854327573,2.00325255794429,0.895575126350857,0.651567944250871,2.43604768062818,6.79654456904621,0.728222996515679,3.12663334869808,9.60512584694611,0.794425087108014,3.72561342596042,13.3450603854107
NIS_BPLUS,6,ATU5,287,0.946583531020472,1.64891650555583,0.76578824029833,0.696864111498258,2.31748810315821,5.87206501230474,0.78397212543554,2.9744637784253,8.34116933583078,0.832752613240418,3.54429219932316,11.7783232061308
NIS_BPLUS,6,MJ3,287,0.809294312226731,0.988603841387243,0.626855893874156,0.721254355400697,3.04791909218474,4.07510596927255,0.853658536585366,3.91196180335066,4.93646823372437,0.895470383275261,4.66138999715982,5.90812189814728
NIS_BPLUS,6,MJ1,287,0.463137074188526,0.642675123214119,0.427116758583861,0.787456445993031,2.56049002141137,3.41475511625088,0.850174216027875,3.28635336394115,4.36145453878023,0.912891986062718,3.9159315626975,5.28174699535778
NIS_BPLUS,7,ATU1,287,1.35665505423112,2.39034770241215,1.064333683943,0.655052264808362,2.73330119689551,8.09317200777211,0.714285714285714,3.50815410642789,11.6002001635149,0.78397212543554,4.18022344854994,16.3752763641642
NIS_BPLUS,7,ATU5,287,1.1164010515453,1.94944428066896,0.913209610445801,0.686411149825784,2.73533217493999,7.06714740087079,0.780487804878049,3.51076083852712,10.1393829898121,0.825783972125436,4.18332956142716,14.5219653955952
NIS_BPLUS,7,MJ3,287,0.942295884818709,1.15585395541878,0.739510286071381,0.717770034843206,3.60782033480781,4.83782667730784,0.857142857142857,4.63058726831338,5.9276841217957,0.888501742160279,5.51768505382742,7.16898685918969
NIS_BPLUS,7,MJ1,287,0.532248969078024,0.722858845566908,0.493371413271166,0.766550522648084,2.98088652476827,3.98667160361441,0.836236933797909,3.82592643450306,5.09010623149988,0.867595818815331,4.55887253203411,6.09575320934798
