prefix,seed,epoch,term,value,norm,G_norm,H_norm
342,0,0,data,0.011717580846588286,0.12100787686289086,0.03324477715586578,0.1163515838083925
342,0,0,motion,2.986902718108397e-26,7.636705261241427e-14,0.0,7.636705261241426e-14
342,0,0,basal_memory,3.060014175341459e-27,8.505391765327701e-15,0.0,8.5053917653277e-15
342,0,0,contact_memory,2.6308842260910693e-25,1.0127639966131654e-12,1.3383963668218566e-15,1.0127631122483862e-12
342,0,0,bulk_memory,5.0097908137909983e-26,5.984456926410154e-14,3.002137984564339e-16,5.984381623928291e-14
342,0,0,negative_slip,0.0,0.0,0.0,0.0
342,0,0,negative_gap,1.1149557736197422e-33,1.5954658738470633e-17,0.0,1.595465873847063e-17
342,0,0,complementarity,7.701908688571748e-32,1.511734947881391e-16,0.0,1.511734947881391e-16
342,0,0,rate_prior,0.0,0.0,0.0,0.0
342,0,50,data,0.007020678718773627,0.062279800572126655,0.015404019513529498,0.06034475737071671
342,0,50,motion,2.1420095197122033,124.43039145969536,0.37709490674430274,124.42982005228626
342,0,50,basal_memory,19.2926718436502,63869.42245623369,1.5900693136069357,63869.42243644079
342,0,50,contact_memory,0.5287305958161448,100.5877880282804,0.08850167525842233,100.58774909438895
342,0,50,bulk_memory,0.021622885893233766,117.27480840223953,0.009740554066954827,117.27480799772641
342,0,50,negative_slip,5.570194976411218,19913.243492790294,0.44193210433659147,19913.243487886422
342,0,50,negative_gap,6.567034996719217e-07,0.0003844575016199633,2.923096255392855e-06,0.0003844463890585341
342,0,50,complementarity,17.51604774396661,60829.81462165635,1.4246633468325762,60829.8146049732
342,0,50,rate_prior,0.0006973642856109206,0.028799098872482838,0.028799098872482838,0.0
342,0,100,data,0.007492290540082739,0.06690205753970402,0.01618318970648828,0.06491524993381508
342,0,100,motion,0.5477702799366415,36.819158327240004,0.07124505169776951,36.819089397606994
342,0,100,basal_memory,3.354589038219441,17189.73137990417,0.3247984518573348,17189.73137683565
342,0,100,contact_memory,0.03402250978606086,7.7804167079352,0.014975286510761382,7.78040229614839
342,0,100,bulk_memory,0.012317121818180251,69.02768073660332,0.004435167307115927,69.0276805941191
342,0,100,negative_slip,0.9446866514776529,6035.9595924313535,0.11809101266035375,6035.959591276154
342,0,100,negative_gap,9.290175781862772e-07,0.0006010296742280455,3.6382080215622655e-06,0.0006010186625597098
342,0,100,complementarity,3.3413259735456085,17072.652605830986,0.313363208161554,17072.652602955142
342,0,100,rate_prior,0.0007721520149844389,0.030360539416677285,0.030360539416677285,0.0
342,0,200,data,0.01102854002875804,0.14980179479863046,0.033421064385149975,0.14602605993539186
342,0,200,motion,0.007742199212707768,6.5230966740383645,0.006651246595639452,6.523093283080436
342,0,200,basal_memory,0.6729089437237072,2340.3645197345422,0.1206233612602704,2340.3645166260535
342,0,200,contact_memory,0.0015101293942230006,0.317021372011506,0.00273425830913326,0.3170095805232968
342,0,200,bulk_memory,0.05254628205310274,46.833681161783275,0.009254507045015478,46.833680247421015
342,0,200,negative_slip,0.377101609052777,1790.3404758680451,0.10996944369983733,1790.3404724906768
342,0,200,negative_gap,1.529659190041777e-11,3.017869066166019e-08,1.6634222813853016e-11,3.017868607734286e-08
342,0,200,complementarity,0.6880682987518507,2274.5459551441845,0.15983408547216124,2274.5459495283526
342,0,200,rate_prior,0.034723036970286565,0.2245931241547882,0.22459312415478816,0.0
342,1,0,data,0.011717580846588286,0.12413337365263004,0.0334280219791871,0.11954773858564807
342,1,0,motion,2.986902718108397e-26,7.360012907249681e-14,0.0,7.360012907249681e-14
342,1,0,basal_memory,3.060014175341459e-27,6.287703636958698e-15,0.0,6.287703636958699e-15
342,1,0,contact_memory,2.6308842260910693e-25,5.73826233481893e-13,1.5974891353999164e-15,5.738240098326998e-13
342,1,0,bulk_memory,5.0097908137909983e-26,6.691536526039105e-14,3.108143473268028e-16,6.691464340765064e-14
342,1,0,negative_slip,0.0,0.0,0.0,0.0
342,1,0,negative_gap,1.1149557736197422e-33,1.5306361759619292e-17,0.0,1.5306361759619292e-17
342,1,0,complementarity,7.701908688571748e-32,1.444023114725603e-16,0.0,1.444023114725603e-16
342,1,0,rate_prior,0.0,0.0,0.0,0.0
342,1,50,data,0.007604975645107932,0.06070225039496101,0.016791323807397417,0.058333649361304946
342,1,50,motion,3.320280098881153,596.7251610145879,0.4618758145378337,596.7249822645417
342,1,50,basal_memory,3.506378254466946,18231.273665591878,0.9574161327037998,18231.273640452502
342,1,50,contact_memory,0.2328874961147545,51.27005725654433,0.11324549769375515,51.26993218784853
342,1,50,bulk_memory,0.038378138799925854,100.92843185814901,0.014996105310409583,100.92843074407654
342,1,50,negative_slip,1.1573113014303051,6930.62009379944,0.1652141032771846,6930.620091830229
342,1,50,negative_gap,1.979234730197801e-06,0.0007405183167895769,2.2054642965703814e-06,0.0007405150325470136
342,1,50,complementarity,3.6273531141037023,18471.43047265462,1.1265341685201258,18471.430438302134
342,1,50,rate_prior,0.0016296076514962928,0.04767098219228355,0.04767098219228356,0.0
342,1,100,data,0.008859131061991618,0.08862336517965268,0.023288069674690628,0.08550886893529132
342,1,100,motion,0.16543705441574952,58.41065678174587,0.028511829201363248,58.410649823046064
342,1,100,basal_memory,1.96762405673535,7544.145030968981,0.5003235779235019,7544.145014378387
342,1,100,contact_memory,0.010944460332060396,2.5778471995404675,0.006343589357350911,2.5778393943480453
342,1,100,bulk_memory,0.008181736238419543,30.411365325324617,0.014984407758250547,30.411361633736174
342,1,100,negative_slip,0.5019490718121599,1950.1589946489064,0.05661433525525389,1950.1589938271318
342,1,100,negative_gap,3.575026979336268e-07,0.0004022860592406688,5.454855784114299e-07,0.000402285689410984
342,1,100,complementarity,2.1182163351887535,7828.729433922147,0.6396850203039398,7828.729407787835
342,1,100,rate_prior,0.005228556255456261,0.08330789312584976,0.08330789312584977,0.0
342,1,200,data,0.010000582153214326,0.10258141560953658,0.035947204734121586,0.09607676774465106
342,1,200,motion,0.005640424063033567,4.727762356181652,0.005925758440266355,4.7277586425192215
342,1,200,basal_memory,0.32151209265911124,1373.5850649477654,0.10700950116498667,1373.585060779464
342,1,200,contact_memory,0.0009118712043594532,0.07087515035247277,0.015272268051622448,0.06921014929939838
342,1,200,bulk_memory,0.005324225449551266,7.551410093325325,0.04523848226056784,7.551274586273391
342,1,200,negative_slip,0.04021283527861651,229.79592502629188,0.026322943697783617,229.79592351865554
342,1,200,negative_gap,1.2603444124048817e-06,0.0018303050610610691,2.4485665740797984e-06,0.0018303034232245471
342,1,200,complementarity,0.35685657512091484,1429.3069976422073,0.13146238693277496,1429.3069915964943
342,1,200,rate_prior,0.039397377275226984,0.27717858838698933,0.27717858838698933,0.0
342,2,0,data,0.011717580846588286,0.0920087334169302,0.033422422146209343,0.08572367655944478
342,2,0,motion,2.986902718108397e-26,7.53921109188081e-14,0.0,7.53921109188081e-14
342,2,0,basal_memory,3.060014175341459e-27,1.0105294612544249e-14,0.0,1.010529461254425e-14
342,2,0,contact_memory,2.6308842260910693e-25,7.998257874075544e-13,1.7424910242417783e-15,7.998238893201083e-13
342,2,0,bulk_memory,5.0097908137909983e-26,7.859756123640915e-14,4.75940911667268e-16,7.859612021314848e-14
342,2,0,negative_slip,0.0,0.0,0.0,0.0
342,2,0,negative_gap,1.1149557736197422e-33,1.0687248138887078e-17,0.0,1.0687248138887078e-17
342,2,0,complementarity,7.701908688571748e-32,1.1602991012553062e-16,0.0,1.1602991012553062e-16
342,2,0,rate_prior,0.0,0.0,0.0,0.0
342,2,50,data,0.0075214517951452,0.07005292618276628,0.021120992491292716,0.06679308454436624
342,2,50,motion,5.314467308844252,368.2009421687249,0.3441578734373844,368.200781326296
342,2,50,basal_memory,5.347561103928923,34827.11998625331,1.3263027895891673,34827.11996099886
342,2,50,contact_memory,0.307099356710351,93.81486163045653,0.0783228472518933,93.81482893590598
342,2,50,bulk_memory,0.01790864400119754,58.73410091470331,0.01588048091641594,58.734098767827184
342,2,50,negative_slip,1.9760017082963734,14425.060652134565,0.5502988417005489,14425.060641637943
342,2,50,negative_gap,1.4469265297423982e-06,0.0004402763499218361,1.2728438532457603e-06,0.00044027451001508176
342,2,50,complementarity,5.12249297104063,34093.48066927186,1.1965872543414666,34093.4806482734
342,2,50,rate_prior,0.0013804069671411975,0.039622693201614996,0.03962269320161499,0.0
342,2,100,data,0.007600250216091267,0.07505789447188818,0.021088020865252025,0.07203459515080095
342,2,100,motion,0.4312216281592218,63.21125046253221,0.17154537033529593,63.21101768855565
342,2,100,basal_memory,3.611027379236141,13144.294879991692,0.2725453977301927,13144.294877166092
342,2,100,contact_memory,0.016736354100727845,3.7453838650331304,0.018826916760297064,3.7453365461138217
342,2,100,bulk_memory,0.15374160950198054,214.54640163636645,0.024085598868553815,214.546400284407
342,2,100,negative_slip,0.8481267377454842,3824.832717334179,0.07360679988069231,3824.832716625918
342,2,100,negative_gap,4.7114748216395117e-07,0.00026607542305382174,4.6549543563231374e-07,0.00026607501586445434
342,2,100,complementarity,3.3890573270203683,12569.11094600127,0.3420397266975834,12569.110941347355
342,2,100,rate_prior,0.0025098709421438794,0.05052078750915133,0.05052078750915132,0.0
342,2,200,data,0.00977342769111111,0.12446434963721464,0.03192208012145112,0.12030110195394915
342,2,200,motion,0.018724735289786316,2.7909839476939013,0.021694386729747286,2.7908996309200114
342,2,200,basal_memory,0.43640362154489576,1527.0697718238966,0.1931334718799466,1527.069759610788
342,2,200,contact_memory,0.0006915365174535651,0.17134290141081696,0.002743797291440092,0.17132093112139107
342,2,200,bulk_memory,0.002022571810268531,3.0190352784493806,0.021543855802454603,3.018958408921708
342,2,200,negative_slip,0.21633538122777518,878.4570666716593,0.10990726776171816,878.4570597961911
342,2,200,negative_gap,3.0243847754826685e-08,8.71498966826451e-06,5.467164777044802e-09,8.71498795340914e-06
342,2,200,complementarity,0.36905866413890653,1391.4289915569918,0.18226106397763878,1391.4289796199487
342,2,200,rate_prior,0.02498156492040586,0.1749945475657303,0.1749945475657303,0.0
432,0,0,data,0.005519817928770151,0.024312428648131015,0.0037971706317062757,0.024014072581804383
432,0,0,motion,1.2203911084910742e-26,7.066357774760269e-14,0.0,7.066357774760269e-14
432,0,0,basal_memory,5.398575617600727e-27,2.0878126087168873e-14,0.0,2.0878126087168873e-14
432,0,0,contact_memory,1.4152157561553232e-25,8.429412632142861e-14,1.9077188073026017e-16,8.429391044661819e-14
432,0,0,bulk_memory,1.0630420209844128e-25,9.937685828317717e-14,4.261052353734229e-16,9.937594475809056e-14
432,0,0,negative_slip,1.2793700761339293e-15,1.4824339663308397e-09,0.0,1.48243396633084e-09
432,0,0,negative_gap,9.212671878046255e-31,5.468862534014444e-16,0.0,5.468862534014444e-16
432,0,0,complementarity,1.7270433346919172e-29,4.643087006628656e-16,0.0,4.643087006628656e-16
432,0,0,rate_prior,0.0,0.0,0.0,0.0
432,0,50,data,0.004632220238066067,0.021546679756317442,0.004320383625784186,0.02110909031311761
432,0,50,motion,0.0024484155797684275,8.794796364147954,0.0009752555556178707,8.794796310074878
432,0,50,basal_memory,0.0001669899345243807,0.32651009522331337,1.2772436046043215e-05,0.32651009497349703
432,0,50,contact_memory,0.00013448393773738364,0.12295266995509259,0.0013337100103639672,0.12294543613609323
432,0,50,bulk_memory,0.09749014651884592,266.15048173439766,0.006569987864954012,266.15048165330677
432,0,50,negative_slip,9.188197246667103e-05,0.061327566184962316,1.2692525980403752e-05,0.061327564871521814
432,0,50,negative_gap,2.1767441992811878e-07,0.00022494977802517063,1.0441845863440847e-07,0.00022494975379039437
432,0,50,complementarity,0.00021078682776179568,0.1203053839525279,6.869851254898424e-05,0.12030536433791943
432,0,50,rate_prior,0.0025661248347195326,0.053119141099821396,0.0531191410998214,0.0
432,0,100,data,0.0030302363795325134,0.019221974471450992,0.003387623571385712,0.01892110750246152
432,0,100,motion,0.01754214440462367,32.69890110734499,0.003204334770496047,32.6989009503403
432,0,100,basal_memory,0.0001306485306369654,0.14542495203303732,2.6253465202247513e-05,0.1454249496632774
432,0,100,contact_memory,0.0007716887339835179,0.057688992474931464,0.009405174236901776,0.05691715514979836
432,0,100,bulk_memory,0.004794401142365627,35.61793133284132,0.008032113477472838,35.61793042719008
432,0,100,negative_slip,0.00011900076794306455,0.09421908002632774,1.2307747058817715e-05,0.09421907922245322
432,0,100,negative_gap,1.606935752177933e-07,0.00015253074671069727,1.4681488816675935e-07,0.00015253067605406953
432,0,100,complementarity,0.0002830754642363231,0.1352294268405867,3.315328969115107e-05,0.13522942277660205
432,0,100,rate_prior,0.09590393202551395,0.5193249941232088,0.5193249941232086,0.0
432,0,200,data,0.00184071402306597,0.01220735197863572,0.0020656865676108387,0.012031308380001469
432,0,200,motion,0.0014048588948976572,5.0124398533998,0.00047950793609928685,5.012439830464078
432,0,200,basal_memory,7.508655068939656e-05,0.010727869017419091,1.148562772578528e-05,0.01072786286896212
432,0,200,contact_memory,0.0011925785141635545,0.018745175730151824,0.006263275959180412,0.01766785180528254
432,0,200,bulk_memory,0.004112998701769674,12.008483320018884,0.00816727301039109,12.008480542634167
432,0,200,negative_slip,0.00010575236146221818,0.010978126282539852,2.595625375317055e-05,0.010978095597519789
432,0,200,negative_gap,1.9563654070139773e-06,0.0005810055386604007,1.520892300682924e-05,0.0005808064433311967
432,0,200,complementarity,0.00031249709077830036,0.02424847074653309,9.10356631725547e-05,0.024248299859031392
432,0,200,rate_prior,0.28402126178048803,0.565277684106709,0.565277684106709,0.0
432,1,0,data,0.005519817928770151,0.03589765040165725,0.004075586180770912,0.03566554221714164
432,1,0,motion,1.2203911084910742e-26,6.39637241667442e-14,0.0,6.39637241667442e-14
432,1,0,basal_memory,5.398575617600727e-27,1.911840663149988e-14,0.0,1.911840663149988e-14
432,1,0,contact_memory,1.4152157561553232e-25,9.11882854168631e-14,2.7968033281999026e-16,9.118785651707533e-14
432,1,0,bulk_memory,1.0630420209844128e-25,8.03685859011812e-14,7.954592085240199e-16,8.036464922092995e-14
432,1,0,negative_slip,1.2793700761339293e-15,1.5240074783005166e-09,0.0,1.5240074783005166e-09
432,1,0,negative_gap,9.212671878046255e-31,5.067906906620402e-16,0.0,5.067906906620402e-16
432,1,0,complementarity,1.7270433346919172e-29,2.7265851166190195e-16,0.0,2.726585116619019e-16
432,1,0,rate_prior,0.0,0.0,0.0,0.0
432,1,50,data,0.0045533746832500735,0.02518465816288516,0.004081422468648858,0.02485174032967885
432,1,50,motion,0.00807278228341433,30.795324975375745,0.0025647036377989666,30.795324868578614
432,1,50,basal_memory,0.0003776442400559902,0.47271819766900774,9.82237746185454e-05,0.4727181874642916
432,1,50,contact_memory,0.0001970433758421304,0.10004560667748669,0.0014558726463148033,0.10003501312192686
432,1,50,bulk_memory,0.01918342982348343,111.72640079729307,0.004983799868345576,111.72640068613643
432,1,50,negative_slip,0.00015187872463627623,0.12093944214775737,3.1717712597674744e-05,0.12093943798859601
432,1,50,negative_gap,4.759069339882051e-08,7.599942891966945e-05,1.6591774086338066e-08,7.599942710855735e-05
432,1,50,complementarity,0.00038932839277667803,0.1887547651700494,7.812901018675939e-05,0.1887547490005437
432,1,50,rate_prior,0.0020986243930743395,0.048456247197476654,0.04845624719747664,0.0
432,1,100,data,0.00295795380196139,0.02017609821708061,0.0034153746622942907,0.019884922810547736
432,1,100,motion,0.027604033491002575,41.237734523160434,0.003461587026309142,41.23773437787378
432,1,100,basal_memory,0.0001283684504969223,0.13298976642437596,2.207302836827485e-05,0.1329897645925862
432,1,100,contact_memory,0.0007995375380852859,0.032461470410117155,0.008639008377887471,0.0312908068837111
432,1,100,bulk_memory,0.0032872013490519818,23.905689641556716,0.007908382786668102,23.905688333447205
432,1,100,negative_slip,9.215889094462211e-05,0.03589983540275571,2.39203739729029e-05,0.035899827433577745
432,1,100,negative_gap,2.1791925894225283e-07,0.00024696321215854524,1.2534603328761536e-07,0.0002469631803488904
432,1,100,complementarity,0.0003475934050094065,0.061516166693547286,0.00012255637728300595,0.061516044611163716
432,1,100,rate_prior,0.079339785685798,0.4422010576536261,0.4422010576536261,0.0
432,1,200,data,0.0019749873533690936,0.014209105984850888,0.00169813701587453,0.014107268465725109
432,1,200,motion,0.004166708483457641,13.94235129301081,0.0006145894113648057,13.942351279465028
432,1,200,basal_memory,0.00010164445869917628,0.04812078391410881,1.725542075022467e-05,0.048120780820335905
432,1,200,contact_memory,0.0012382737455912923,0.02011348654115014,0.00765799438309385,0.01859858765792529
432,1,200,bulk_memory,0.0019129067494367783,10.951784010990872,0.008517362437902394,10.951780698951765
432,1,200,negative_slip,0.00010879987690271635,0.044358547094533775,1.9585135152608444e-05,0.044358542770930286
432,1,200,negative_gap,4.295024001505537e-06,0.001086819987709419,5.102959432535077e-06,0.0010868080076488816
432,1,200,complementarity,0.00037838254438889705,0.05451373154999012,0.00014351692660486882,0.05451354263296568
432,1,200,rate_prior,0.2444450893379234,0.582160773472325,0.5821607734723251,0.0
432,2,0,data,0.005519817928770151,0.03092652044149956,0.0037602637545204845,0.030697069617716437
432,2,0,motion,1.2203911084910742e-26,6.033376347884232e-14,0.0,6.033376347884234e-14
432,2,0,basal_memory,5.398575617600727e-27,1.9638185752485274e-14,0.0,1.9638185752485277e-14
432,2,0,contact_memory,1.4152157561553232e-25,6.462918056190654e-14,2.528973281091434e-16,6.462868575984624e-14
432,2,0,bulk_memory,1.0630420209844128e-25,7.845652163762771e-14,8.809102446600601e-16,7.845157604928277e-14
432,2,0,negative_slip,1.2793700761339293e-15,1.6150291575499524e-09,0.0,1.6150291575499524e-09
432,2,0,negative_gap,9.212671878046255e-31,5.506660194883254e-16,0.0,5.506660194883253e-16
432,2,0,complementarity,1.7270433346919172e-29,4.073964008561503e-16,0.0,4.073964008561503e-16
432,2,0,rate_prior,0.0,0.0,0.0,0.0
432,2,50,data,0.004580427550518996,0.0230857000586343,0.003858630628771385,0.022760942793916404
432,2,50,motion,0.0020991214142923073,8.062628034172992,0.0003441742380566497,8.062628026827005
432,2,50,basal_memory,0.00015996435299162897,0.2427276662529802,2.454156030729036e-05,0.24272766501231371
432,2,50,contact_memory,0.000137282760537773,0.12045367499694502,0.0011691899649277676,0.12044800046117647
432,2,50,bulk_memory,0.038802045689958986,140.98829527278653,0.008684818101655065,140.988295005296
432,2,50,negative_slip,8.513430730916543e-05,0.05040186064430922,2.610515788485296e-05,0.050401853883851315
432,2,50,negative_gap,1.3389701179813457e-07,0.00015718272314523124,1.1789758630369155e-07,0.00015718267892967584
432,2,50,complementarity,0.0002542003256424458,0.13321093744368534,8.49538266016848e-05,0.1332109103544931
432,2,50,rate_prior,0.0026876167446765126,0.06332178348037194,0.06332178348037194,0.0
432,2,100,data,0.003120005942477201,0.017115307759997516,0.003447755639840447,0.016764448716476768
432,2,100,motion,0.007157140127872897,25.252682922574046,0.0009579446145211174,25.25268290440453
432,2,100,basal_memory,7.658965544823693e-05,0.029103243888290626,1.3932395038476225e-05,0.02910324055341079
432,2,100,contact_memory,0.0007103209044333877,0.026304137006227052,0.007931383304974109,0.02507988800836123
432,2,100,bulk_memory,0.03739595678629387,138.65340584965628,0.010048773519614352,138.65340548551862
432,2,100,negative_slip,9.975958201257047e-05,0.025013370961406246,2.1890455923237083e-05,0.025013361382686273
432,2,100,negative_gap,7.836135157303433e-08,0.0001286050418611162,3.8276075940238345e-07,0.00012860447226399442
432,2,100,complementarity,0.0002904419746610042,0.038795881380182154,6.342840849517023e-05,0.03879582952975952
432,2,100,rate_prior,0.07362687809060114,0.4176855875148916,0.4176855875148916,0.0
432,2,200,data,0.0018561825035772455,0.01055655408728151,0.0017178588342101292,0.010415843471530578
432,2,200,motion,0.0007861958534124622,1.9993172059565685,0.00011469219077153708,1.9993172026668706
432,2,200,basal_memory,6.232119614752653e-05,0.007847174205290857,1.3380721547417329e-05,0.007847162797118017
432,2,200,contact_memory,0.0010641406643076131,0.019301013063548724,0.005932129318563469,0.018366789241103583
432,2,200,bulk_memory,0.0032094329542455514,13.458014146062762,0.007192950233666215,13.458012223842433
432,2,200,negative_slip,9.321424717730699e-05,0.008724726121442742,1.8359074187746636e-05,0.008724706805307573
432,2,200,negative_gap,3.5455225404396726e-06,0.0007989890988839642,4.156475293374281e-05,0.0007979072323578513
432,2,200,complementarity,0.0003226228662038469,0.02025921827599925,0.00013539509019216557,0.02025876583911601
432,2,200,rate_prior,0.28842905437548133,0.5418863821423181,0.541886382142318,0.0
612,0,0,data,0.00546176492742779,0.0560580579285586,0.005950405517750954,0.05574135388466942
612,0,0,motion,9.336604045689984e-26,4.321531780698964e-13,0.0,4.321531780698964e-13
612,0,0,basal_memory,4.8298297098446224e-27,6.692479205918092e-14,0.0,6.692479205918092e-14
612,0,0,contact_memory,1.0882690217670792e-25,3.445729135040201e-14,1.7462769686834742e-16,3.4456848845679084e-14
612,0,0,bulk_memory,2.1701455272655735e-25,9.659437580169846e-14,7.126117591956569e-16,9.659174716817378e-14
612,0,0,negative_slip,0.0,0.0,0.0,0.0
612,0,0,negative_gap,8.25579224778953e-31,2.7531844628497093e-16,0.0,2.7531844628497093e-16
612,0,0,complementarity,3.323697596469722e-29,7.139187648495449e-16,0.0,7.139187648495449e-16
612,0,0,rate_prior,0.0,0.0,0.0,0.0
612,0,50,data,0.004402939813381397,0.02977499678611562,0.0014803951857552647,0.029738171828597466
612,0,50,motion,0.014285130488471458,45.551623278190625,0.0010236947248774722,45.55162326668774
612,0,50,basal_memory,0.0002721092929167586,0.3228779953368763,1.1716340803505584e-05,0.3228779951242996
612,0,50,contact_memory,0.0008844167413482362,0.7347495996008043,0.0009907578215183654,0.7347489316171076
612,0,50,bulk_memory,0.00041635886232184677,0.7086015177166146,0.004003399702894042,0.7085902085839944
612,0,50,negative_slip,9.47974272579465e-05,0.09948500618491911,3.2016582390642466e-06,0.09948500613340072
612,0,50,negative_gap,1.290032280119157e-07,0.00010109944297250286,4.235845159713633e-08,0.00010109943409887088
612,0,50,complementarity,0.0001865360597112489,0.21258575043843636,3.617174415423558e-06,0.21258575040766303
612,0,50,rate_prior,0.017026653113099074,0.16059345266867162,0.16059345266867162,0.0
612,0,100,data,0.0038585953132189575,0.030817498606905497,0.0011643163765694092,0.030795496225290382
612,0,100,motion,0.0016631972978263124,6.548334900360162,0.00016736795536646812,6.548334898221296
612,0,100,basal_memory,3.600080016164004e-05,0.06362775344768297,1.9160473664405266e-06,0.06362775341883363
612,0,100,contact_memory,0.0005607830809242749,0.07647316635638512,0.0020764792951327685,0.07644496979074711
612,0,100,bulk_memory,0.00017143747908871982,0.06563171643005097,0.0027796459689156294,0.06557282798417431
612,0,100,negative_slip,4.428751059095542e-05,0.028940717880641967,3.846989600517449e-06,0.028940717624958447
612,0,100,negative_gap,1.8620279920417735e-07,0.00010257491893564084,1.9536212679515642e-07,0.00010257473289408412
612,0,100,complementarity,9.007620314567752e-05,0.057954216398381754,9.37398390118975e-06,0.057954215640269736
612,0,100,rate_prior,0.06495243284730823,0.32298039750838603,0.322980397508386,0.0
612,0,200,data,0.003067216455072204,0.02614785280979033,0.0009047369687185723,0.026132195804790193
612,0,200,motion,0.0011882473603053037,2.190728137587495,0.00015624544229195806,2.1907281320156864
612,0,200,basal_memory,8.154029238172953e-05,0.011675969345147166,5.889743102755749e-06,0.011675967859656968
612,0,200,contact_memory,0.0008277205591210421,0.08304958189208234,0.0023601437536487357,0.08301603925695206
612,0,200,bulk_memory,0.0002957132448455225,0.024807248207594834,0.003340214590832277,0.024581345164990633
612,0,200,negative_slip,0.00010661701899917012,0.022603663038135078,5.502692012681197e-06,0.022603662368340546
612,0,200,negative_gap,3.132426603258203e-07,0.000149065111107875,1.9929309800182516e-06,0.00014905178823386184
612,0,200,complementarity,0.0002606976839758427,0.03223436146918096,3.342257271833523e-05,0.03223434414188462
612,0,200,rate_prior,0.11163238823870414,0.3436761916811518,0.3436761916811518,0.0
612,1,0,data,0.00546176492742779,0.05639673999391081,0.006550110802258565,0.05601507235038543
612,1,0,motion,9.336604045689984e-26,5.042619960267873e-13,0.0,5.042619960267873e-13
612,1,0,basal_memory,4.8298297098446224e-27,6.275646266312553e-14,0.0,6.275646266312553e-14
612,1,0,contact_memory,1.0882690217670792e-25,2.912117411859182e-14,1.8796958015118364e-16,2.912056746497705e-14
612,1,0,bulk_memory,2.1701455272655735e-25,1.2513751840639927e-13,7.742788655088358e-16,1.2513512298771413e-13
612,1,0,negative_slip,0.0,0.0,0.0,0.0
612,1,0,negative_gap,8.25579224778953e-31,2.668497551212757e-16,0.0,2.6684975512127576e-16
612,1,0,complementarity,3.323697596469722e-29,6.052041286138695e-16,0.0,6.052041286138695e-16
612,1,0,rate_prior,0.0,0.0,0.0,0.0
612,1,50,data,0.004375260354183818,0.03486807612468584,0.0015977475100817698,0.034831450379375746
612,1,50,motion,0.014522761114888212,40.84994063083057,0.002339774128297253,40.84994056382259
612,1,50,basal_memory,8.94051971645492e-05,0.14503853285460452,3.1971930593591957e-06,0.14503853281936546
612,1,50,contact_memory,0.0007899653483655171,0.705210325305778,0.0015703894346191045,0.70520857680186
612,1,50,bulk_memory,0.00012991005248427274,0.27960658460133464,0.0014372121354371344,0.2796028908536195
612,1,50,negative_slip,4.837460920781498e-05,0.06346546506413668,3.6614345302303895e-06,0.06346546495851937
612,1,50,negative_gap,2.0884912704339853e-07,0.00018072786212427756,1.41105629017507e-07,0.00018072780703924158
612,1,50,complementarity,0.00011160326543527667,0.2000411688534442,1.5320838783308573e-05,0.20004116826674467
612,1,50,rate_prior,0.02834029962039921,0.25342291960250085,0.2534229196025009,0.0
612,1,100,data,0.003944454543836069,0.02948410477766503,0.0011880508775120701,0.02946015902286973
612,1,100,motion,0.0020626202459344653,11.740765334969037,0.0002238086545326014,11.740765332835858
612,1,100,basal_memory,4.1421889909092104e-05,0.11512419100684647,1.203771477153348e-06,0.115124191000553
612,1,100,contact_memory,0.0005544515526366651,0.10285241833954112,0.002351130539007514,0.10282554227175522
612,1,100,bulk_memory,0.00019942850211957755,0.11043481756932243,0.0036960165915157547,0.11037295136456561
612,1,100,negative_slip,2.77238670522123e-05,0.02903999800431379,9.096115754741291e-07,0.02903999799006804
612,1,100,negative_gap,2.231536077884971e-07,0.00011903082403773542,1.839570449970783e-07,0.00011903068188877996
612,1,100,complementarity,6.287678430791026e-05,0.07372837727882794,3.265068534417777e-06,0.07372837720653098
612,1,100,rate_prior,0.07077549272497939,0.34856208279993245,0.34856208279993245,0.0
612,1,200,data,0.003241735377320184,0.02634467900903118,0.0010181668242581193,0.02632499664590422
612,1,200,motion,0.0012282546548462983,5.498452063360965,5.391834497153303e-05,5.498452063096601
612,1,200,basal_memory,3.0046232173737602e-05,0.024169126524809917,1.966007973893866e-06,0.024169126444848664
612,1,200,contact_memory,0.0007153570595910833,0.05027140085370118,0.0023087117977445295,0.05021835912919162
612,1,200,bulk_memory,0.0003446060996474216,0.03827792746346175,0.00378036582536132,0.03809079370562498
612,1,200,negative_slip,6.588577951005927e-05,0.019785943240684854,8.258432792089125e-06,0.01978594151719575
612,1,200,negative_gap,6.65791905564044e-07,0.00022336416746199358,2.569035779647489e-06,0.00022334939301720165
612,1,200,complementarity,0.00015808533588047247,0.03397466494215343,2.28955259862508e-05,0.03397465722750532
612,1,200,rate_prior,0.12412861548821721,0.37759798646663334,0.37759798646663334,0.0
612,2,0,data,0.00546176492742779,0.058030349976155304,0.006481719749829257,0.05766722489802801
612,2,0,motion,9.336604045689984e-26,6.415970152172436e-13,0.0,6.415970152172436e-13
612,2,0,basal_memory,4.8298297098446224e-27,5.3021255848629714e-14,0.0,5.3021255848629714e-14
612,2,0,contact_memory,1.0882690217670792e-25,2.5145626369650928e-14,1.6933718776797447e-16,2.5145056182854773e-14
612,2,0,bulk_memory,2.1701455272655735e-25,8.595639651687357e-14,5.697114464752568e-16,8.595450849742408e-14
612,2,0,negative_slip,0.0,0.0,0.0,0.0
612,2,0,negative_gap,8.25579224778953e-31,3.002432963576846e-16,0.0,3.002432963576846e-16
612,2,0,complementarity,3.323697596469722e-29,7.470929321796955e-16,0.0,7.470929321796955e-16
612,2,0,rate_prior,0.0,0.0,0.0,0.0
612,2,50,data,0.004196438421839007,0.03143609504319437,0.0013326969591723262,0.03140783326464534
612,2,50,motion,0.006290438667837156,19.43239888358416,0.0005548244105001075,19.43239887566362
612,2,50,basal_memory,0.00015263435510295433,0.2878576458144373,4.7490924240434626e-06,0.2878576457752619
612,2,50,contact_memory,0.0005095430650067515,0.24425632178870973,0.002105882896450556,0.2442472435688398
612,2,50,bulk_memory,5.1989144378269966e-05,0.08485997409471044,0.0016821651928453395,0.08484329981571265
612,2,50,negative_slip,5.569701402974336e-05,0.09947648111237907,9.651719855531616e-06,0.09947648064414931
612,2,50,negative_gap,7.431180470452225e-08,8.878370705917656e-05,5.574773272570266e-08,8.878368955703504e-05
612,2,50,complementarity,0.00011461017868020299,0.2731636834604307,2.151752349837497e-05,0.27316368261294655
612,2,50,rate_prior,0.03873355734930083,0.34993158521511036,0.34993158521511036,0.0
612,2,100,data,0.0036010429741752865,0.026485216724227795,0.0010993073596956067,0.02646239271604582
612,2,100,motion,0.0016159458713237995,7.584441887842126,6.937389829586836e-05,7.584441887524849
612,2,100,basal_memory,4.795765538576062e-05,0.037201495568211,6.400653664628758e-06,0.03720149501758303
612,2,100,contact_memory,0.0006862627889019178,0.05506567582981536,0.0023417432539620973,0.05501586037795677
612,2,100,bulk_memory,0.00022157086662088989,0.060724014607542565,0.0037276999543261564,0.060609489381676526
612,2,100,negative_slip,6.759840183062728e-05,0.024999475613519694,1.2090478198350256e-05,0.02499947268986493
612,2,100,negative_gap,1.8762010840227615e-07,0.00012243012577258574,4.3703345109149667e-07,0.00012242934574052818
612,2,100,complementarity,0.00013308624585211553,0.048705690029993705,1.381755641238949e-05,0.04870568807000844
612,2,100,rate_prior,0.0709198737706331,0.36195736281597995,0.36195736281597995,0.0
612,2,200,data,0.003056562000726453,0.022297716074309974,0.001015429312510893,0.02227458294652977
612,2,200,motion,0.004588031461113379,14.539877057749614,0.00011163853468882335,14.539877057321029
612,2,200,basal_memory,9.91257071748821e-05,0.07034824710458996,1.050415020475617e-05,0.07034824632036878
612,2,200,contact_memory,0.0007950961501788928,0.06249895261017845,0.002342994350998064,0.06245501945272712
612,2,200,bulk_memory,0.00032503340202568386,0.07476126607065622,0.003553223017988427,0.07467678026449648
612,2,200,negative_slip,0.00011063008846146217,0.02238664949259053,2.407481702088689e-05,0.022386636547442516
612,2,200,negative_gap,5.007461334180915e-07,0.00016745924560054994,3.986919840045976e-06,0.000167411777982597
612,2,200,complementarity,0.00030332556210584214,0.07120651081322096,0.00017497188019234263,0.07120629583846148
612,2,200,rate_prior,0.10061104699223196,0.37997176289566215,0.37997176289566215,0.0
